ID_MEMORABILIA,SHOW_ID,DATUM,MESTO,STAT,VENUE,KATEGORIE,SOUBOR_SKEN,CONTRIBUTOR,LINEUP,SETLIST,POCET_SKLADEB,SETLIST_URL,YOUTUBE_URL,REVIEW_URL,SETLIST_FM_URL,TOUR_ID,TOUR_NAME,STATUS,ORIGINAL_DATE,NOTE
TICKET_0001,SHOW_2010-10-01_GRONINGEN,2010-10-01,Groningen,Netherlands,"De Oosterpoort, Grote Zaal",tickets,"kk-joe-jackson-2010-10-01.jpg, kk-joe-jackson-2010-10-01-computer.jpg","Bert Bos, Netherlands","Joe Jackson (vocals, piano) ; Graham Maby (bass, backing vocals) ; Dave Houghton (drums, backing vocals)","It's Different for Girls, Tomorrow's World, Citizen Sane, Stranger Than Fiction, Fools in Love, Still Alive (cover of Joe Jackson Band), King Pleasure Time, Sunday Papers, Real Men, Girl (cover of The Beatles), The Best I Can Do, A Place in the Rain, Scary Monsters (and Super Creeps) (cover of David Bowie), Take It Like a Man (cover of Joe Jackson Band), Got the Time, [Encore 1], Oh Well (cover of Fleetwood Mac), Is She Really Going Out With Him?, Steppin' Out, Home Town",19.0,https://www.setlist.fm/setlist/joe-jackson/2010/de-oosterpoort-groningen-netherlands-63dd6a2f.html,,,https://www.setlist.fm/setlist/joe-jackson/2010/de-oosterpoort-groningen-netherlands-63dd6a2f.html,tour-2010-live-2010,2010 * Live 2010,,,
TICKET_0002,SHOW_2010-01-01_2010,,,,,passes,kk-joe-jackson-2010-pass.jpg,"Gert Schaumlöffel, Germany","Joe Jackson (vocals, piano) ; Graham Maby (bass, backing vocals) ; Dave Houghton (drums, backing vocals)",,0.0,,,,,tour-2010-live-2010,2010 * Live 2010,,,
TICKET_0003,SHOW_2010-11-11_2010,2010-11-11,Berlin,Germany,Fritzclub im Postbahnhof,passes,kk-joe-jackson-2010-11-11-pass.jpg,"Gert Schaumlöffel, Germany","Joe Jackson (vocals, piano) ; Graham Maby (bass, backing vocals) ; Dave Houghton (drums, backing vocals)","It's Different for Girls, Tomorrow's World, Too Tough, Fools in Love, Dirty Martini, Anyone Who Had a Heart, The Uptown Train, Chinatown, Another World, Sunday Papers, Girl, The Best I Can Do, Invisible Man, Inbetweenies, Good Bad Boy, Is She Really Going Out With Him?, Got the Time, Music to Watch Girls By, Steppin' Out, Home Town",20.0,https://www.setlist.fm/setlist/joe-jackson/2010/fritzclub-im-postbahnhof-berlin-germany-73edb229.html,,,https://www.setlist.fm/setlist/joe-jackson/2010/fritzclub-im-postbahnhof-berlin-germany-73edb229.html,tour-2010-live-2010,2010 * Live 2010,,,
TICKET_0004,SHOW_2010-10-03_EINDHOVEN,2010-10-03,Eindhoven,Netherlands,Airport Zaal,tickets,"kk-joe-jackson-2010-10-03-one-more-time.jpg, kk-joe-jackson-2010-10-03.jpg, kk-joe-jackson-2010-10-03-computer.jpg","Johan Manders, Netherlands","Joe Jackson (vocals, piano) ; Graham Maby (bass, backing vocals) ; Dave Houghton (drums, backing vocals)","It's Different for Girls, Tomorrow's World, Too Tough, Fools in Love, The Uptown Train, Chinatown, Another World, Obvious Song, Eleanor Rigby (cover of The Beatles), Be My Number Two, Invisible Man, Dirty Martini (cover of Joe Jackson Band), Oh Well (cover of Fleetwood Mac), Good Bad Boy, Is She Really Going Out With Him?, Got the Time, [Encore 1], Don't Get Around Much Anymore (cover of Duke Ellington and His Orchestra), Steppin' Out, Home Town",19.0,https://www.setlist.fm/setlist/joe-jackson/2010/grote-zaal-eindhoven-netherlands-7bdcaee0.html,,,https://www.setlist.fm/setlist/joe-jackson/2010/grote-zaal-eindhoven-netherlands-7bdcaee0.html,tour-live-2010,2010 * Live 2010,,,
TICKET_0005,SHOW_2006-07-07_PARIS,2006-07-07,Paris,France,Le Bataclan,tickets,"kk-joe-jackson-2006-07-07-support.jpg, kk-hl-joe-jackson-2006-07-07.jpg","Steve Whitbread, U.K.","Joe Jackson (vocals, piano, keyboards) ; Graham Maby (bass, backing vocals) ; Dave Houghton (drums, backing vocals)","Home Town, Steppin' Out, It's Different for Girls, Too Tough, Citizen Sane, Another World, Cancer, On Your Radio, Sunglasses in the Rain, Drunk Song, Invisible Man, Inbetweenies (cover of Ian Dury), Awkward Age (cover of Joe Jackson Band), Take It Like a Man (cover of Joe Jackson Band), You Can't Get What You Want (Till You Know What You Want), One More Time, [Encore 1], Don't Get Around Much Anymore (cover of Duke Ellington and His Orchestra), Is She Really Going Out With Him?, A Slow Song",19.0,https://www.setlist.fm/setlist/joe-jackson/2006/le-bataclan-paris-france-33cdd031.html,,,https://www.setlist.fm/setlist/joe-jackson/2006/le-bataclan-paris-france-33cdd031.html,tour-trio-tour-2007,2007 * Joe Jackson Trio Tour,,,
TICKET_0006,SHOW_2010-10-04_ROTTERDAM,2010-10-04,Rotterdam,Netherlands,De Doelen,tickets,"kk-joe-jackson-2010-10-04-original.jpg, kk-joe-jackson-2010-10-04-computer.jpg, kk-joe-jackson-2010-10-04.jpg","brievb, Netherlands","Joe Jackson (vocals, piano) ; Graham Maby (bass, backing vocals) ; Dave Houghton (drums, backing vocals)","It's Different for Girls, Tomorrow's World, Too Tough, Citizen Sane, Still Alive (cover of Joe Jackson Band), Chinatown, The Uptown Train, Awkward Age (cover of Joe Jackson Band), Sunday Papers, Life on Mars? (cover of David Bowie), Real Men, Anyone Who Had a Heart (cover of Burt Bacharach), Stranger Than Fiction, King Pleasure Time, Is She Really Going Out With Him?, Got the Time, [Encore 1], Another World, Steppin' Out, Home Town",19.0,https://www.setlist.fm/setlist/joe-jackson/2010/de-doelen-rotterdam-netherlands-63dd6a2b.html,,,https://www.setlist.fm/setlist/joe-jackson/2010/de-doelen-rotterdam-netherlands-63dd6a2b.html,tour-live-2010,2010 * Live 2010,,,
TICKET_0007,SHOW_2006-07-12_HAMBURG,2006-07-12,Hamburg,Germany,Fabrik,tickets,"kk-joe-jackson-2006-07-12.jpg, kk-joe-jackson-the-man-is-back-in-town.jpg","Oliver Bittner, Germany","Joe Jackson (vocals, piano, keyboards) ; Graham Maby (bass, backing vocals) ; Dave Houghton (drums, backing vocals)","Home Town, Steppin' Out, It's Different for Girls, Too Tough, Citizen Sane, Another World, Goin' Downtown, Rush Across the Road, On Your Radio, Real Men, Drunk Song, Invisible Man, Dirty Martini (cover of Joe Jackson Band), Take It Like a Man (cover of Joe Jackson Band), You Can't Get What You Want (Till You Know What You Want), One More Time, [Encore 1], Inbetweenies (cover of Ian Dury), Is She Really Going Out With Him?, A Slow Song",19.0,https://www.setlist.fm/setlist/joe-jackson/2006/fabrik-hamburg-germany-1bedad3c.html,,,https://www.setlist.fm/setlist/joe-jackson/2006/fabrik-hamburg-germany-1bedad3c.html,tour-trio-tour-2007,2007 * Joe Jackson Trio Tour,,,
TICKET_0008,SHOW_2010-10-08_PARIS,2010-10-08,Paris,France,La Cigale,tickets,"kk-joe-jackson-2010-10-08-op.jpg, kk-joe-jackson-2010-10-08.jpg","Olivier Popincourt, France","Joe Jackson (vocals, piano) ; Graham Maby (bass, backing vocals) ; Dave Houghton (drums, backing vocals)","It's Different for Girls, Tomorrow's World, Too Tough, Fools in Love, Chinatown, Another World, King Pleasure Time, Sunday Papers, For No One (cover of The Beatles), Be My Number Two, The Best I Can Do, Invisible Man, Take It Like a Man (cover of Joe Jackson Band), Is She Really Going Out With Him?, Got the Time, [Encore 1], Music to Watch Girls By (cover of Al Hirt), Steppin' Out, Home Town",18.0,https://www.setlist.fm/setlist/joe-jackson/2010/la-cigale-paris-france-5b8efb90.html,,,https://www.setlist.fm/setlist/joe-jackson/2010/la-cigale-paris-france-5b8efb90.html,tour-live-2010,2010 * Live 2010,,,
TICKET_0009,SHOW_2010-10-06_CLEON,2010-10-06,Cleon,France,La Traverse,tickets,kk-joe-jackson-2010-10-06.jpg,"Gert Schaumlöffel, Germany","Joe Jackson (vocals, piano) ; Graham Maby (bass, backing vocals) ; Dave Houghton (drums, backing vocals)","It's Different for Girls, Tomorrow's World, Too Tough, Fools in Love, The Uptown Train, Chinatown, Scary Monsters (and Super Creeps) (cover of David Bowie), Sunday Papers, Be My Number Two, The Best I Can Do, Rush Across the Road, Inbetweenies (cover of Ian Dury), Good Bad Boy, Is She Really Going Out With Him?, You Can't Get What You Want (Till You Know What You Want), One More Time, [Encore 1], Another World, Steppin' Out, A Slow Song",19.0,https://www.setlist.fm/setlist/joe-jackson/2010/la-traverse-cleon-france-438efb9f.html,,,https://www.setlist.fm/setlist/joe-jackson/2010/la-traverse-cleon-france-438efb9f.html,tour-live-2010,2010 * Live 2010,,,
TICKET_0010,SHOW_2006-06-29_NEWYORK,2006-06-29,New York,U.S.A.,Town Hall,tickets,"kk-joe-jackson-2006-06-29.jpg, kk-joe-jackson-2006-06-29-2.jpg","Gert Schaumlöffel, Germany","Joe Jackson (vocals, piano, keyboards) ; Graham Maby (bass, backing vocals) ; Dave Houghton (drums, backing vocals)","Home Town, Steppin' Out, It's Different for Girls, Too Tough, Citizen Sane, Another World, Cancer, Sunglasses in the Rain, On Your Radio, Love at First Light (cover of Joe Jackson Band), Drunk Song, Invisible Man, Awkward Age (cover of Joe Jackson Band), Take It Like a Man (cover of Joe Jackson Band), You Can't Get What You Want (Till You Know What You Want), One More Time, [Encore 1], Inbetweenies (cover of Ian Dury), Is She Really Going Out With Him?, A Slow Song",19.0,https://www.setlist.fm/setlist/joe-jackson/2006/the-town-hall-new-york-ny-33da9865.html,,,https://www.setlist.fm/setlist/joe-jackson/2006/the-town-hall-new-york-ny-33da9865.html,tour-trio-tour-2007,2007 * Joe Jackson Trio Tour,,,
TICKET_0011,SHOW_2010-10-10_UNKNOWN,2010-10-10,Brussels,Belgique,Ancienne,tickets,kk-joe-jackson-2010-10-10.jpg,"Els Pannecoucque, Belgium","Joe Jackson (vocals, piano) ; Graham Maby (bass, backing vocals) ; Dave Houghton (drums, backing vocals)","It's Different for Girls, Tomorrow's World, Citizen Sane, Fools in Love, The Uptown Train, Obvious Song, Chinatown, Sunday Papers, You Can't Be Too Strong (cover of Graham Parker & The Rumour), Real Men, Can We Still Be Friends (cover of Todd Rundgren), Goin' Downtown, Another World, Good Bad Boy, Is She Really Going Out With Him?, Got the Time, [Encore 1], Music to Watch Girls By (cover of Al Hirt), Steppin' Out, Home Town",19.0,https://www.setlist.fm/setlist/joe-jackson/2010/ancienne-belgique-brussels-belgium-7bdd6a2c.html,,,https://www.setlist.fm/setlist/joe-jackson/2010/ancienne-belgique-brussels-belgium-7bdd6a2c.html,tour-live-2010,2010 * Live 2010,,,
TICKET_0012,SHOW_2010-10-22_ALENON,2010-10-22,Alençon,France,La Luciole,tickets,kk-joe-jackson-2010-10-22.jpg,"Fredunzel Joffe, France","Joe Jackson (vocals, piano) ; Graham Maby (bass, backing vocals) ; Dave Houghton (drums, backing vocals)","It's Different for Girls, Tomorrow's World, Citizen Sane, Real Men, Cancer, Dirty Martini (cover of Joe Jackson Band), King Pleasure Time, Sunday Papers, Girl (cover of The Beatles), Be My Number Two, I Feel Possessed (cover of Crowded House), Invisible Man, Another World, Take It Like a Man (cover of Joe Jackson Band), Got the Time, [Encore 1], Is She Really Going Out With Him?, Steppin' Out (Released on ""Live Music - Europe 2010""), A Slow Song",18.0,https://www.setlist.fm/setlist/joe-jackson/2010/la-luciole-alencon-france-738efa61.html,,,https://www.setlist.fm/setlist/joe-jackson/2010/la-luciole-alencon-france-738efa61.html,tour-live-2010,2010 * Live 2010,,,
TICKET_0013,SHOW_2010-10-25_TERVILLE,2010-10-25,Terville,France,Le 112,tickets,kk-joe-jackson-2010-10-25.jpg,"Gert Schaumlöffel, Germany","Joe Jackson (vocals, piano) ; Graham Maby (bass, backing vocals) ; Dave Houghton (drums, backing vocals)","It's Different for Girls, Tomorrow's World, Too Tough, Fools in Love, Citizen Sane, Knowing Me, Knowing You (cover of ABBA), Cancer, Chinatown, Sunday Papers, Real Men, The Uptown Train, Another World, Good Bad Boy, Is She Really Going Out With Him?, Got the Time, [Encore 1], Music to Watch Girls By (cover of Al Hirt), Steppin' Out, A Slow Song",19.0,https://www.setlist.fm/setlist/joe-jackson/2010/le-112-terville-france-13fcf9cd.html,,,https://www.setlist.fm/setlist/joe-jackson/2010/le-112-terville-france-13fcf9cd.html,tour-live-2010,2010 * Live 2010,,,
TICKET_0014,SHOW_2010-10-30_MAASTRICHT,2010-10-30,Maastricht,Netherlands,MECC Jazz Maastricht,tickets,kk-joe-jackson-2010-10-30.jpg,"Gert Schaumlöffel, Germany","Joe Jackson (vocals, piano) ; Graham Maby (bass, backing vocals) ; Dave Houghton (drums, backing vocals)","It's Different for Girls, Tomorrow's World, Citizen Sane, Fools in Love, Invisible Man, Chinatown, Another World, Sunday Papers, Girl (cover of The Beatles), Be My Number Two, Too Tough, The Uptown Train, Good Bad Boy, Is She Really Going Out With Him?, Got the Time, [Encore 1], Steppin' Out, A Slow Song",17.0,https://www.setlist.fm/setlist/joe-jackson/2010/mecc-maastricht-netherlands-738efa45.html,,,https://www.setlist.fm/setlist/joe-jackson/2010/mecc-maastricht-netherlands-738efa45.html,tour-live-2010,2010 * Live 2010,,,
TICKET_0015,SHOW_2010-10-31_BASEL,2010-10-31,Basel,Switzerland,"Messe Basel, Festsaal",tickets,kk-joe-jackson-2010-10-31.jpg,"Andreas Wostrack, Germany","Joe Jackson (vocals, piano) ; Graham Maby (bass, backing vocals) ; Dave Houghton (drums, backing vocals)","It's Different for Girls (solo), Tomorrow's World, Too Tough, Fools in Love, The Uptown Train, Chinatown (Released on ""Live Music - Europe 2010""), Sunday Papers (Released on ""Live Music - Europe 2010""), Girl (solo, cover of The Beatles), Be My Number Two (solo), Invisible Man, Another World, Good Bad Boy, Is She Really Going Out With Him?, Got the Time, [Encore 1], Music to Watch Girls By (cover of Al Hirt), Steppin' Out, A Slow Song (Released on ""Live Music - Europe 2010"")",18.0,https://www.setlist.fm/setlist/joe-jackson/2010/festsaal-messe-basel-switzerland-73f44e19.html,,,https://www.setlist.fm/setlist/joe-jackson/2010/festsaal-messe-basel-switzerland-73f44e19.html,tour-live-2010,2010 * Live 2010,,,
TICKET_0016,SHOW_2010-11-02_MAINZ,2010-11-02,Mainz,Germany,Phönix-Halle,tickets,kk-joe-jackson-2010-11-02.jpg,"Barnie Rupprecht, Germany","Joe Jackson (vocals, piano) ; Graham Maby (bass, backing vocals) ; Dave Houghton (drums, backing vocals)","It's Different for Girls, Too Tough, Citizen Sane, Not Here, Not Now, Fools in Love, Invisible Man, Chinatown, Another World, Sunday Papers, Girl (cover of The Beatles), The Best I Can Do, Tomorrow's World, The Uptown Train, Scary Monsters (and Super Creeps) (cover of David Bowie), Is She Really Going Out With Him?, Got the Time, [Encore 1], Oh Well (cover of Fleetwood Mac), Steppin' Out, A Slow Song",20.0,https://www.setlist.fm/setlist/joe-jackson/2010/phonix-halle-mainz-germany-63edb207.html,,,https://www.setlist.fm/setlist/joe-jackson/2010/phonix-halle-mainz-germany-63edb207.html,tour-live-2010,2010 * Live 2010,,,
TICKET_0017,SHOW_2010-11-03_AMSTERDAM,2010-11-03,Amsterdam,Netherlands,"Paradiso, Grote Zaal",tickets,kk-joe-jackson-2010-11-03.jpg,"Yvonne Bot, Netherlands","Joe Jackson (vocals, piano) ; Graham Maby (bass, backing vocals) ; Dave Houghton (drums, backing vocals)","It's Different for Girls (solo), Too Tough, Citizen Sane, Fools in Love, Goin' Downtown, Chinatown, King Pleasure Time, Sunday Papers, Real Men (solo), The Best I Can Do, Tomorrow's World, Inbetweenies (cover of Ian Dury), Good Bad Boy, Is She Really Going Out With Him?, Got the Time, [Encore 1], Oh Well (cover of Fleetwood Mac), Steppin' Out, Home Town (solo)",18.0,https://www.setlist.fm/setlist/joe-jackson/2010/grote-zaal-amsterdam-netherlands-bd5654e.html,,,https://www.setlist.fm/setlist/joe-jackson/2010/grote-zaal-amsterdam-netherlands-bd5654e.html,tour-live-2010,2010 * Live 2010,,,
TICKET_0018,SHOW_2010-11-07_AMSTERDAM,2010-11-07,Amsterdam,Netherlands,"Paradiso, Grote Zaal",tickets,kk-joe-jackson-2010-11-07.jpg,"Bert Bos, Netherlands","Joe Jackson (vocals, piano) ; Graham Maby (bass, backing vocals) ; Dave Houghton (drums, backing vocals)","It's Different for Girls, Tomorrow's World, Too Tough, Fools in Love, The Uptown Train, Anyone Who Had a Heart (cover of Burt Bacharach), Chinatown, Another World, Sunday Papers, Girl (cover of The Beatles), Be My Number Two, Can We Still Be Friends (cover of Todd Rundgren), Invisible Man, Inbetweenies (cover of Ian Dury), Take It Like a Man (cover of Joe Jackson Band), Is She Really Going Out With Him?, Got the Time (Released on ""Live Music - Europe 2010""), [Encore 1], Music to Watch Girls By (cover of Al Hirt), Steppin' Out, Home Town",20.0,https://www.setlist.fm/setlist/joe-jackson/2010/grote-zaal-amsterdam-netherlands-2bd55c52.html,,,https://www.setlist.fm/setlist/joe-jackson/2010/grote-zaal-amsterdam-netherlands-2bd55c52.html,tour-live-2010,2010 * Live 2010,,,
TICKET_0019,SHOW_2010-11-08_KLNCOLOGNE,2010-11-08,Köln (Cologne),Germany,Gloria-Theater,tickets,kk-joe-jackson-2010-11-08.jpg,"Gert Schaumlöffel, Germany","Joe Jackson (vocals, piano) ; Graham Maby (bass, backing vocals) ; Dave Houghton (drums, backing vocals)","It's Different for Girls, Tomorrow's World, Citizen Sane, Fools in Love, Invisible Man, Anyone Who Had a Heart (cover of Burt Bacharach), Cancer (Released on ""Live Music - Europe 2010""), Chinatown, Another World, Sunday Papers, Girl (Released on ""Live Music - Europe 2010"", cover of The Beatles), Real Men, Rush Across the Road, Inbetweenies (cover of Ian Dury), Good Bad Boy, Is She Really Going Out With Him?, Got the Time, [Encore 1], Oh Well (cover of Fleetwood Mac), Steppin' Out, A Slow Song",21.0,https://www.setlist.fm/setlist/joe-jackson/2010/gloria-theater-cologne-germany-5bcebfcc.html,,,https://www.setlist.fm/setlist/joe-jackson/2010/gloria-theater-cologne-germany-5bcebfcc.html,tour-live-2010,2010 * Live 2010,,,
TICKET_0020,SHOW_2006-07-17_KLNCOLOGNE,2006-07-17,Köln (Cologne),Germany,Live Music Hall,tickets,"kk-gs-joe-jackson-2006-07-17.jpg, kk-joe-jackson-2006-07-17.jpg","Gert Schaumlöffel, Germany","Joe Jackson (vocals, piano, keyboards) ; Graham Maby (bass, backing vocals) ; Dave Houghton (drums, backing vocals)","Home Town, Steppin' Out, It's Different for Girls, Too Tough, Citizen Sane, Another World, Obvious Song, Rush Across the Road, On Your Radio, Cancer, Drunk Song, Invisible Man, Dirty Martini (cover of Joe Jackson Band), Take It Like a Man (cover of Joe Jackson Band), You Can't Get What You Want (Till You Know What You Want), One More Time, [Encore 1], Dirty Love (cover of Frank Zappa), Is She Really Going Out With Him?, A Slow Song",19.0,https://www.setlist.fm/setlist/joe-jackson/2006/live-music-hall-cologne-germany-1bedad28.html,,,https://www.setlist.fm/setlist/joe-jackson/2006/live-music-hall-cologne-germany-1bedad28.html,tour-trio-tour-2007,2007 * Joe Jackson Trio Tour,,,
TICKET_0021,SHOW_2010-11-10_HAMBURG,2010-11-10,Hamburg,Germany,Fabrik,tickets,"kk-joe-jackson-2010-11-10-variante.jpg, kk-joe-jackson-2010.jpg","Oliver Bittner, Germany","Joe Jackson (vocals, piano) ; Graham Maby (bass, backing vocals) ; Dave Houghton (drums, backing vocals)","It's Different for Girls, Tomorrow's World, Too Tough, Citizen Sane, Fools in Love, The Uptown Train, Chinatown, Another World, Sunday Papers, Girl (cover of The Beatles), Be My Number Two, Rush Across the Road, Inbetweenies (cover of Ian Dury), Good Bad Boy, Is She Really Going Out With Him?, Got the Time, [Encore 1], Don't Get Around Much Anymore (cover of Duke Ellington and His Orchestra), Steppin' Out, A Slow Song",19.0,https://www.setlist.fm/setlist/joe-jackson/2010/fabrik-hamburg-germany-53fce395.html,,,https://www.setlist.fm/setlist/joe-jackson/2010/fabrik-hamburg-germany-53fce395.html,tour-live-2010,2010 * Live 2010,,,
TICKET_0022,SHOW_2010-11-11_BERLIN,2010-11-11,Berlin,Germany,Fritzclub im Postbahnhof,tickets,kk-joe-jackson-2010-11-11.jpg,"Gert Schaumlöffel, Germany","Joe Jackson (vocals, piano) ; Graham Maby (bass, backing vocals) ; Dave Houghton (drums, backing vocals)","It's Different for Girls, Tomorrow's World, Too Tough, Fools in Love, Dirty Martini (cover of Joe Jackson Band), Anyone Who Had a Heart (cover of Burt Bacharach), The Uptown Train, Chinatown, Another World, Sunday Papers, Girl (cover of The Beatles), The Best I Can Do, Invisible Man, Inbetweenies (Released on ""Live Music - Europe 2010"", cover of Ian Dury), Good Bad Boy, Is She Really Going Out With Him?, Got the Time, [Encore 1], Music to Watch Girls By (cover of Al Hirt), Steppin' Out, Home Town",21.0,https://www.setlist.fm/setlist/joe-jackson/2010/fritzclub-im-postbahnhof-berlin-germany-73edb229.html,,,https://www.setlist.fm/setlist/joe-jackson/2010/fritzclub-im-postbahnhof-berlin-germany-73edb229.html,tour-live-2010,2010 * Live 2010,,,
TICKET_0023,SHOW_2010-11-14_MNCHENMUNICH,2010-11-14,München (Munich),Germany,Muffathalle,tickets,kk-joe-jackson-2010-11-14.jpg,"Andreas Wostrack, Germany","Joe Jackson (vocals, piano) ; Graham Maby (bass, backing vocals) ; Dave Houghton (drums, backing vocals)","It's Different for Girls, Tomorrow's World, Too Tough, Citizen Sane, Fools in Love, Still Alive (cover of Joe Jackson Band), I Feel Possessed (cover of Crowded House), Chinatown, Another World, Sunday Papers, Girl (cover of The Beatles), Be My Number Two, Invisible Man, Oh Well (cover of Fleetwood Mac), Good Bad Boy, Is She Really Going Out With Him?, Got the Time, [Encore 1], Music to Watch Girls By (cover of Al Hirt), Steppin' Out, A Slow Song",20.0,https://www.setlist.fm/setlist/joe-jackson/2010/muffathalle-munich-germany-738efa39.html,,,https://www.setlist.fm/setlist/joe-jackson/2010/muffathalle-munich-germany-738efa39.html,tour-live-2010,2010 * Live 2010,,,
TICKET_0024,SHOW_2006-07-20_KARLSRUHE,2006-07-20,Karlsruhe,Germany,Zeltival (Kulturzentrum Tollhaus),tickets,"kk-joe-jackson-2006-07-20.jpg, kk-joe-jackson-2006-07-20-neu.jpg","Steve Whitbread, U.K.","Joe Jackson (vocals, piano, keyboards) ; Graham Maby (bass, backing vocals) ; Dave Houghton (drums, backing vocals)","Home Town, Steppin' Out, It's Different for Girls, Too Tough, Citizen Sane, Another World, Obvious Song, Rush Across the Road, On Your Radio, Love at First Light (cover of Joe Jackson Band), Drunk Song, Invisible Man, Girl (cover of The Beatles), Dirty Martini (cover of Joe Jackson Band), Take It Like a Man (cover of Joe Jackson Band), You Can't Get What You Want (Till You Know What You Want), One More Time, [Encore 1], Don't Get Around Much Anymore (cover of Duke Ellington and His Orchestra), Is She Really Going Out With Him?, A Slow Song",20.0,https://www.setlist.fm/setlist/joe-jackson/2006/kulturzentrum-tollhaus-karlsruhe-germany-3edad23.html,,,https://www.setlist.fm/setlist/joe-jackson/2006/kulturzentrum-tollhaus-karlsruhe-germany-3edad23.html,tour-trio-tour-2007,2007 * Joe Jackson Trio Tour,,,
TICKET_0025,SHOW_2006-06-13_GLENSIDE,2006-06-13,Glenside,U.S.A.,Keswick Theatre,tickets,kk-joe-jackson-2006-06-13.jpg,"John Nyman, U.S.A.","Joe Jackson (vocals, piano, keyboards) ; Graham Maby (bass, backing vocals) ; Dave Houghton (drums, backing vocals)","Home Town, Steppin' Out, It's Different for Girls, Too Tough, Citizen Sane, Another World, On Your Radio, Invisible Man, Goin' Downtown, Take It Like a Man (cover of Joe Jackson Band), Love at First Light (cover of Joe Jackson Band), Drunk Song, Dirty Martini (cover of Joe Jackson Band), You Can't Get What You Want (Till You Know What You Want), One More Time, Sunday Papers, [Encore 1], Don't Get Around Much Anymore (cover of Duke Ellington and His Orchestra), Is She Really Going Out With Him?",18.0,https://www.setlist.fm/setlist/joe-jackson/2006/keswick-theatre-glenside-pa-2b87382a.html,,,https://www.setlist.fm/setlist/joe-jackson/2006/keswick-theatre-glenside-pa-2b87382a.html,tour-trio-tour-2007,2007 * Joe Jackson Trio Tour,,,
TICKET_0026,SHOW_2006-06-15_CHICAGO,2006-06-15,Chicago,IL,Vic Theatre,tickets,kk-joe-jackson-2006-06-15.jpg,"Erica Eisner Kosova, U.S.A.","Joe Jackson (vocals, piano, keyboards) ; Graham Maby (bass, backing vocals) ; Dave Houghton (drums, backing vocals)","Home Town, Steppin' Out, It's Different for Girls, Invisible Man, Rush Across the Road, Another World, Citizen Sane, On Your Radio, Cancer, Love at First Light (cover of Joe Jackson Band), Drunk Song, Sunglasses in the Rain, Dirty Martini (cover of Joe Jackson Band), Take It Like a Man (cover of Joe Jackson Band), Dirty Love (cover of Frank Zappa), You Can't Get What You Want (Till You Know What You Want), One More Time, [Encore 1], Don't Get Around Much Anymore (cover of Duke Ellington and His Orchestra), Is She Really Going Out With Him?, A Slow Song",20.0,https://www.setlist.fm/setlist/joe-jackson/2006/vic-theatre-chicago-il-63f5f673.html,,,https://www.setlist.fm/setlist/joe-jackson/2006/vic-theatre-chicago-il-63f5f673.html,tour-trio-tour-2007,2007 * Joe Jackson Trio Tour,,,
TICKET_0027,SHOW_2006-06-28_SOMERVILLE,2006-06-28,Somerville,U.S.A.,Somerville Theatre,tickets,kk-joe-jackson-2006-06-28.jpg,"Tom Robinson, U.S.A.","Joe Jackson (vocals, piano, keyboards) ; Graham Maby (bass, backing vocals) ; Dave Houghton (drums, backing vocals)","Home Town, Steppin' Out, It's Different for Girls",3.0,https://www.setlist.fm/setlist/joe-jackson/2006/somerville-theatre-somerville-ma-23da18bb.html,,,https://www.setlist.fm/setlist/joe-jackson/2006/somerville-theatre-somerville-ma-23da18bb.html,tour-trio-tour-2007,2007 * Joe Jackson Trio Tour,,,
TICKET_0028,SHOW_1981-07-23_LOSANGELES,1981-07-23,Los Angeles,CA,Roxy,tickets,"kk-joe-jackson-1981-07-23-front.jpg, kk-joe-jackson-1981-07-23-back.jpg, kk_LA_Roxy_1981_07_23b.webp, kk_LA_Roxy_1981_07_23.webp","Gert Schaumlöffel, Germany","Joe Jackson (vocals, vibraphone, piano) ; Graham Maby (bass) ; Dave Houghton (drums) ; Bernie Bossu (guitar) ; Nick Weldon (piano) ; Pete Thomas (alto sax) ; Raul Rivera (congas)",,0.0,https://www.setlist.fm/setlist/joe-jackson/1981/the-roxy-west-hollywood-ca-3df81fb.html,,,https://www.setlist.fm/setlist/joe-jackson/1981/the-roxy-west-hollywood-ca-3df81fb.html,tour-1981-jumpin-jive,1981 * Jumpin´Jive Tour,,,
TICKET_0029,SHOW_2006-06-30_NEWYORK,2006-06-30,New York,U.S.A.,Town Hall,tickets,kk-joe-jackson-2006-06-30.jpg,"John Nyman, U.S.A.","Joe Jackson (vocals, piano, keyboards) ; Graham Maby (bass, backing vocals) ; Dave Houghton (drums, backing vocals)","Home Town, Steppin' Out, It's Different for Girls, Too Tough, Citizen Sane, Another World, Goin' Downtown, Rush Across the Road, On Your Radio, Real Men, Love at First Light (cover of Joe Jackson Band), Invisible Man, Dirty Martini (cover of Joe Jackson Band), Take It Like a Man (cover of Joe Jackson Band), You Can't Get What You Want (Till You Know What You Want), One More Time, [Encore 1], Dirty Love (cover of Frank Zappa), Is She Really Going Out With Him?, A Slow Song",19.0,https://www.setlist.fm/setlist/joe-jackson/2006/the-town-hall-new-york-ny-3bce9804.html,,,https://www.setlist.fm/setlist/joe-jackson/2006/the-town-hall-new-york-ny-3bce9804.html,tour-trio-tour-2007,2007 * Joe Jackson Trio Tour,,,
TICKET_0030,SHOW_2006-07-06_LONDON,2006-07-06,London,U.K.,Shepherds Bush Empire,tickets,kk-joe-jackson-2006-07-06.jpg,"Mike Baggaley, U.K.","Joe Jackson (vocals, piano, keyboards) ; Graham Maby (bass, backing vocals) ; Dave Houghton (drums, backing vocals)","Home Town, Steppin' Out, It's Different for Girls, Too Tough, Sunglasses in the Rain, Another World, Goin' Downtown, Rush Across the Road, Citizen Sane, On Your Radio, Inbetweenies (cover of Ian Dury), Drunk Song, Invisible Man, Dirty Martini (cover of Joe Jackson Band), Take It Like a Man (cover of Joe Jackson Band), You Can't Get What You Want (Till You Know What You Want), One More Time, [Encore 1], Dirty Love (cover of Frank Zappa), Is She Really Going Out With Him?, A Slow Song",20.0,https://www.setlist.fm/setlist/joe-jackson/2006/shepherds-bush-empire-london-england-73f37a6d.html,,,https://www.setlist.fm/setlist/joe-jackson/2006/shepherds-bush-empire-london-england-73f37a6d.html,tour-trio-tour-2007,2007 * Joe Jackson Trio Tour,,,
TICKET_0031,SHOW_1980-02-16_BOSTON,1980-02-16,Boston,MA,Orpheum Theatre,tickets,"kk-joe-jackson-1980-02-16-1.jpg, kk-joe-jackson-1980-02-16-2.jpg, kk-joe-jackson-1980-02-16-3.jpg","Patrick Sullivan, U.S.A.","Joe Jackson (vocals, piano, keyboards) ; Gary Sanford (guitar, backing vocals) ; Graham Maby (bass, backing vocals) ; Dave Houghton (drums, backing vocals)","On Your Radio, Friday, Geraldine and John, Kinda Kute, Out of Style, Pretty Boys (cover of Joe Jackson Band), Sunday Papers, One More Time, Amateur Hour, Is She Really Going Out With Him?, Don't Wanna Be Like That, I'm the Man, [Encore 1], The Harder They Come (cover of Jimmy Cliff), Got the Time",14.0,https://www.setlist.fm/setlist/joe-jackson/1980/orpheum-theatre-boston-ma-53c0c799.html,,,https://www.setlist.fm/setlist/joe-jackson/1980/orpheum-theatre-boston-ma-53c0c799.html,tour-i-m-the-man-tour-1979-1980,1979 / 1980 * I´m The Man Tour,,,
TICKET_0032,SHOW_2006-07-07_WEERT,2006-07-07,Weert,Netherlands,Sportpark Boshoven,tickets,kk-joe-jackson-2006-07-09.jpg,"Mike Philippens, Netherlands","Joe Jackson (vocals, piano, keyboards) ; Graham Maby (bass, backing vocals) ; Dave Houghton (drums, backing vocals)","Home Town, Steppin' Out, It's Different for Girls, Too Tough, Citizen Sane, Another World, Cancer, On Your Radio, Sunglasses in the Rain, Drunk Song, Invisible Man, Inbetweenies (cover of Ian Dury), Awkward Age (cover of Joe Jackson Band), Take It Like a Man (cover of Joe Jackson Band), You Can't Get What You Want (Till You Know What You Want), One More Time, [Encore 1], Don't Get Around Much Anymore (cover of Duke Ellington and His Orchestra), Is She Really Going Out With Him?, A Slow Song",19.0,https://www.setlist.fm/setlist/joe-jackson/2006/le-bataclan-paris-france-33cdd031.html,,,https://www.setlist.fm/setlist/joe-jackson/2006/le-bataclan-paris-france-33cdd031.html,tour-trio-tour-2007,2007 * Joe Jackson Trio Tour,,,
TICKET_0033,SHOW_2006-07-09_WEERT,2006-07-09,Weert,Netherlands,Sportpark Boshoven,tickets,kk-joe-jackson-2006-07-09-sunday.jpg,"Steve Whitbread, U.K.","Joe Jackson (vocals, piano, keyboards) ; Graham Maby (bass, backing vocals) ; Dave Houghton (drums, backing vocals)","Home Town, Steppin' Out, It's Different for Girls, Citizen Sane, Another World, On Your Radio, Invisible Man, Take It Like a Man (cover of Joe Jackson Band), Dirty Martini (cover of Joe Jackson Band), You Can't Get What You Want (Till You Know What You Want), One More Time, Is She Really Going Out With Him?, A Slow Song",13.0,https://www.setlist.fm/setlist/joe-jackson/2006/sportpark-boshoven-weert-netherlands-2bdc2042.html,,,https://www.setlist.fm/setlist/joe-jackson/2006/sportpark-boshoven-weert-netherlands-2bdc2042.html,tour-trio-tour-2007,2007 * Joe Jackson Trio Tour,,,
TICKET_0034,SHOW_2006-07-10_ANTWERP,2006-07-10,Antwerp,Belgium,Rivierenhof,tickets,kk-joe-jackson-2006-07-10.jpg,"John Jaspers, Netherlands","Joe Jackson (vocals, piano, keyboards) ; Graham Maby (bass, backing vocals) ; Dave Houghton (drums, backing vocals)","Home Town, Steppin' Out, It's Different for Girls, Too Tough, Citizen Sane, Another World, Awkward Age (cover of Joe Jackson Band), Sunglasses in the Rain, On Your Radio, Cancer, Drunk Song, Invisible Man, Obvious Song, Take It Like a Man (cover of Joe Jackson Band), You Can't Get What You Want (Till You Know What You Want), One More Time, [Encore 1], Don't Get Around Much Anymore (cover of Duke Ellington and His Orchestra), Is She Really Going Out With Him?, A Slow Song",19.0,https://www.setlist.fm/setlist/joe-jackson/2006/openluchttheater-rivierenhof-deurne-belgium-33de70a5.html,,,https://www.setlist.fm/setlist/joe-jackson/2006/openluchttheater-rivierenhof-deurne-belgium-33de70a5.html,tour-trio-tour-2007,2007 * Joe Jackson Trio Tour,,,
TICKET_0035,SHOW_1980-02-12_1980,1980-02-12,,,,passes,kk-joe-jackson-1980-02-12-pass.jpg,"Gert Schaumlöffel, Germany","Joe Jackson (vocals, piano, keyboards) ; Gary Sanford (guitar, backing vocals) ; Graham Maby (bass, backing vocals) ; Dave Houghton (drums, backing vocals)","One to One (cover of Joe Jackson Band), Beat Crazy (cover of Joe Jackson Band), Sunday Papers, Is She Really Going Out With Him?, I'm the Man, Pretty Boys (cover of Joe Jackson Band), Got the Time, It's Different for Girls",8.0,https://www.setlist.fm/setlist/joe-jackson/1980/emerald-city-cherry-hill-nj-23d1146b.html,,,https://www.setlist.fm/setlist/joe-jackson/1980/emerald-city-cherry-hill-nj-23d1146b.html,tour-1979-1980-i-m-the-man-tour,1979 / 1980 * I´m The Man Tour,,,
TICKET_0036,SHOW_2006-07-14_LEIPZIG,2006-07-14,Leipzig,Germany,Parkbühne (Clara Zetkin Park),tickets,kk-joe-jackson-2006-07-14.jpg,"Steve Whitbread, U.K.","Joe Jackson (vocals, piano, keyboards) ; Graham Maby (bass, backing vocals) ; Dave Houghton (drums, backing vocals)","Home Town, Steppin' Out, It's Different for Girls, Too Tough, Citizen Sane, Another World, Obvious Song, Rush Across the Road, On Your Radio, Love at First Light (cover of Joe Jackson Band), Invisible Man, Dirty Martini (cover of Joe Jackson Band), Take It Like a Man (cover of Joe Jackson Band), You Can't Get What You Want (Till You Know What You Want), One More Time, [Encore 1], Don't Get Around Much Anymore (cover of Duke Ellington and His Orchestra), Is She Really Going Out With Him?, A Slow Song",18.0,https://www.setlist.fm/setlist/joe-jackson/2006/parkbuhne-im-clara-zetkin-park-leipzig-germany-1bedad30.html,,,https://www.setlist.fm/setlist/joe-jackson/2006/parkbuhne-im-clara-zetkin-park-leipzig-germany-1bedad30.html,tour-trio-tour-2007,2007 * Joe Jackson Trio Tour,,,
TICKET_0037,SHOW_2006-07-15_MAINZ,2006-07-15,Mainz,Germany,Frankfurter Hof,tickets,"kk-joe-jackson-2006-07-15.jpg, kk-joe-jackson-2006-07-15-2.jpg","Steve Whitbread, U.K.","Joe Jackson (vocals, piano, keyboards) ; Graham Maby (bass, backing vocals) ; Dave Houghton (drums, backing vocals)","Home Town, Steppin' Out, It's Different for Girls, Too Tough, Citizen Sane, Another World, Goin' Downtown, Invisible Man, On Your Radio, Real Men, Drunk Song, Sunglasses in the Rain, Rose Darling (cover of Steely Dan), Take It Like a Man (cover of Joe Jackson Band), You Can't Get What You Want (Till You Know What You Want), One More Time, [Encore 1], Inbetweenies (cover of Ian Dury), Is She Really Going Out With Him?, A Slow Song",19.0,https://www.setlist.fm/setlist/joe-jackson/2006/frankfurter-hof-mainz-germany-1bedad34.html,,,https://www.setlist.fm/setlist/joe-jackson/2006/frankfurter-hof-mainz-germany-1bedad34.html,tour-trio-tour-2007,2007 * Joe Jackson Trio Tour,,,
TICKET_0038,SHOW_1980-05-23_LEICESTER,1980-05-23,Leicester,U.K.,,passes,kk-joe-jackson-1980-05-23-pass.jpg,"John Nyman, U.S.A.","Joe Jackson (vocals, piano, keyboards) ; Gary Sanford (guitar, backing vocals) ; Graham Maby (bass, backing vocals) ; Dave Houghton (drums, backing vocals)",,0.0,,,,https://www.setlist.fm/setlist/joe-jackson/1980/de-montfort-hall-leicester-england-7bdebaa8.html,tour-1979-1980-i-m-the-man-tour,1979 / 1980 * I´m The Man Tour,,,
TICKET_0039,SHOW_1980-08-09_1980,1980-08-09,,,,passes,kk-joe-jackson-1980-08-09-pass.jpg,"Gert Schaumlöffel, Germany","Joe Jackson (vocals, piano, keyboards) ; Gary Sanford (guitar, backing vocals) ; Graham Maby (bass, backing vocals) ; Dave Houghton (drums, backing vocals)","I'm the Man, Beat Crazy (cover of Joe Jackson Band), Look Sharp!, Mad at You (cover of Joe Jackson Band), Kinda Kute, The Evil Eye (cover of Joe Jackson Band), Pretty Boys (cover of Joe Jackson Band), On Your Radio, Friday, Fit (cover of Joe Jackson Band), Is She Really Going Out With Him?, Don't Wanna Be Like That, One More Time, [Encore 1], The Harder They Come (cover of Jimmy Cliff), Got the Time",15.0,https://www.setlist.fm/setlist/joe-jackson/1980/convention-hall-asbury-park-nj-43f8e7cb.html,,,https://www.setlist.fm/setlist/joe-jackson/1980/convention-hall-asbury-park-nj-43f8e7cb.html,tour-1979-1980-i-m-the-man-tour,1979 / 1980 * I´m The Man Tour,,,
TICKET_0040,SHOW_2006-07-19_AMSTERDAM,2006-07-19,Amsterdam,Netherlands,Paradiso,tickets,kk-joe-jackson-2006-07-19.jpg,"Lammert Veen, Netherlands","Joe Jackson (vocals, piano, keyboards) ; Graham Maby (bass, backing vocals) ; Dave Houghton (drums, backing vocals)","Home Town, Steppin' Out, It's Different for Girls, Too Tough, Citizen Sane, Another World, Awkward Age (cover of Joe Jackson Band), Rush Across the Road, On Your Radio, Cancer, Drunk Song, Invisible Man, Inbetweenies (cover of Ian Dury), Take It Like a Man (cover of Joe Jackson Band), You Can't Get What You Want (Till You Know What You Want), One More Time, [Encore 1], Dirty Love (cover of Frank Zappa), Is She Really Going Out With Him?, A Slow Song",19.0,https://www.setlist.fm/setlist/joe-jackson/2006/grote-zaal-amsterdam-netherlands-23d24073.html,,,https://www.setlist.fm/setlist/joe-jackson/2006/grote-zaal-amsterdam-netherlands-23d24073.html,tour-trio-tour-2007,2007 * Joe Jackson Trio Tour,,,
TICKET_0041,SHOW_1980-01-01_1980,1980-12-02,Torino,Italy,PalaRuffini,passes,kk-jn-23.jpg,"John Nyman, U.S.A.","Joe Jackson (vocals, piano, keyboards) ; Gary Sanford (guitar, backing vocals) ; Graham Maby (bass, backing vocals) ; Dave Houghton (drums, backing vocals)","I'm the Man, Mad at You, Look Sharp!, The Evil Eye, Kinda Kute, Pretty Boys, On Your Radio, Beat Crazy, Friday, Fit, Is She Really Going Out With Him?, Don't Wanna Be Like That, Someone Up There",13,https://www.setlist.fm/setlist/joe-jackson/1980/palaruffini-turin-italy-63f27a83.html,,,,tour-1979-1980-i-m-the-man-tour,1979 / 1980 * I´m The Man Tour,,,Signed: <i>Fabio!! Joe Jackson OK</i>
TICKET_0042,SHOW_2006-07-25_LUZERN,2006-07-25,Luzern,Switzerland,Kultur- und Kongresszentrum - Konzertsaal,tickets,kk-aw-joe-jackson-2006-07-25.jpg,"Andreas Wostrack, Germany","Joe Jackson (vocals, piano, keyboards) ; Graham Maby (bass, backing vocals) ; Dave Houghton (drums, backing vocals)","Home Town, Steppin' Out, It's Different for Girls, Too Tough, Citizen Sane, Another World, Goin' Downtown, Rush Across the Road, On Your Radio, Love at First Light (cover of Joe Jackson Band), Drunk Song, Invisible Man, Dirty Martini (cover of Joe Jackson Band), Take It Like a Man (cover of Joe Jackson Band), You Can't Get What You Want (Till You Know What You Want), One More Time, [Encore 1], Dirty Love (cover of Frank Zappa), Is She Really Going Out With Him?, A Slow Song",19.0,https://www.setlist.fm/setlist/joe-jackson/2006/kkl-konzertsaal-lucerne-switzerland-13c685a9.html,,,https://www.setlist.fm/setlist/joe-jackson/2006/kkl-konzertsaal-lucerne-switzerland-13c685a9.html,tour-trio-tour-2007,2007 * Joe Jackson Trio Tour,,,
TICKET_0043,SHOW_1997-11-02_LOSANGELES,1997-11-02,Los Angeles,California,El Rey Theatre,tickets,kk-jw-04.jpg,"Jenniffer Woodson, U.S.A.","Joe Jackson (vocals, keyboards) ; Elise Morris (keyboards, vocals) ; Valerie Vigoda (violin, vocals) ; Mary Rowell (violin)","Is She Really Going Out With Him?, It's Different for Girls, Real Men, Be My Number Two, You Can't Get What You Want (Till You Know What You Want), Eleanor Rigby (cover of The Beatles), Home Town, Nineteen Forever, The Other Me, The Man Who Wrote Danny Boy, Prelude, Fugue 1/More Is More, Angel, Tuzla, Passacaglia/A Bud and a Slice, Right, The Bridge, Fugue 2/Song of Daedalus, [Encore 1], Steppin' Out, A Slow Song",20.0,https://www.setlist.fm/setlist/joe-jackson/1997/el-rey-theatre-los-angeles-ca-3beb54f8.html,,,https://www.setlist.fm/setlist/joe-jackson/1997/el-rey-theatre-los-angeles-ca-3beb54f8.html,tour-tour-1997,1997 * Tour 1997,,,
TICKET_0044,SHOW_1997-11-03_LOSANGELES,1997-11-03,Los Angeles,California,El Rey Theatre,tickets,kk-jw-08.jpg,"Jenniffer Woodson, U.S.A.","Joe Jackson (vocals, keyboards) ; Elise Morris (keyboards, vocals) ; Valerie Vigoda (violin, vocals) ; Mary Rowell (violin)",,0.0,https://www.setlist.fm/setlist/joe-jackson/1997/el-rey-theatre-los-angeles-ca-7b969a60.html,,,https://www.setlist.fm/setlist/joe-jackson/1997/el-rey-theatre-los-angeles-ca-7b969a60.html,tour-tour-1997,1997 * Tour 1997,,,
TICKET_0045,SHOW_1997-11-10_NEWYORKCITY,1997-11-10,New York City,New York,The Supper Club,tickets,"kk-joe-jackson-1997-11-10.jpg, kk-joe-jackson-1997-11-10-2.jpg",Jackie Litle DeWitt,"Joe Jackson (vocals, keyboards) ; Elise Morris (keyboards, vocals) ; Valerie Vigoda (violin, vocals) ; Mary Rowell (violin)",,0.0,https://www.setlist.fm/setlist/joe-jackson/1997/supper-club-new-york-ny-438eff5b.html,,,https://www.setlist.fm/setlist/joe-jackson/1997/supper-club-new-york-ny-438eff5b.html,tour-tour-1997,1997 * Tour 1997,,,
TICKET_0046,SHOW_1997-11-11_NEWYORK,1997-11-11,New York,NY,The Supper Club,tickets,kk-jn-18.jpg,"John Nyman, U.S.A.","Joe Jackson (vocals, keyboards) ; Elise Morris (keyboards, vocals) ; Valerie Vigoda (violin, vocals) ; Mary Rowell (violin)","Is She Really Going Out With Him? / It's Different for Girls, Real Men, Be My Number Two, You Can't Get What You Want (Till You Know What You Want), Eleanor Rigby (cover of The Beatles), Home Town, Nineteen Forever, The Other Me, The Man Who Wrote Danny Boy, Prelude, Fugue 1/More Is More, Angel, Tuzla, Passacaglia/A Bud and a Slice, Right, The Bridge, Fugue 2/Song of Daedalus, Steppin' Out, A Slow Song",19.0,https://www.setlist.fm/setlist/joe-jackson/1997/supper-club-new-york-ny-538eff59.html,,,https://www.setlist.fm/setlist/joe-jackson/1997/supper-club-new-york-ny-538eff59.html,tour-tour-1997,1997 * Tour 1997,,,
TICKET_0047,SHOW_1997-11-15_WASHINGTON,1997-11-15,Washington,DC,Lincoln Theatre,tickets,kk-jw-02.jpg,"Jenniffer Woodson, U.S.A.","Joe Jackson (vocals, keyboards) ; Elise Morris (keyboards, vocals) ; Valerie Vigoda (violin, vocals) ; Mary Rowell (violin)","Is She Really Going Out With Him? / It's Different for Girls, Real Men, Be My Number Two, You Can't Get What You Want / Eleanor Rigby, Home Town, Nineteen Forever, The Other Me, The Man Who Wrote Danny Boy, Prelude, Fugue 1/More Is More, Angel, Tuzla, Passacaglia/A Bud and a Slice, Right, The Bridge, Fugue 2/Song of Daedalus, [Encore 1], Steppin' Out, A Slow Song",18.0,https://www.setlist.fm/setlist/joe-jackson/1997/lincoln-theatre-washington-dc-43dc6b3b.html,,,https://www.setlist.fm/setlist/joe-jackson/1997/lincoln-theatre-washington-dc-43dc6b3b.html,tour-tour-1997,1997 * Tour 1997,,,
TICKET_0048,SHOW_1997-11-19_SOMERVILLE,1997-11-19,Somerville,MA,Somerville Theatre,tickets,kk-joe-jackson-1997-11-19.jpg,"Gert Schaumlöffel, Germany","Joe Jackson (vocals, keyboards) ; Elise Morris (keyboards, vocals) ; Valerie Vigoda (violin, vocals) ; Mary Rowell (violin)",,0.0,https://www.setlist.fm/setlist/joe-jackson/1997/somerville-theatre-somerville-ma-5bfce360.html,,,https://www.setlist.fm/setlist/joe-jackson/1997/somerville-theatre-somerville-ma-5bfce360.html,tour-tour-1997,1997 * Tour 1997,,,
TICKET_0049,SHOW_1997-11-24_AMSTERDAM,1997-11-24,Amsterdam,Netherlands,Paradiso,tickets,kk-joe-jackson-1997-11-24.jpg,"Bert Bos, Netherlands","Joe Jackson (vocals, keyboards) ; Elise Morris (keyboards, vocals) ; Valerie Vigoda (violin, vocals) ; Mary Rowell (violin)","Is She Really Going Out With Him? / It's Different for Girls, Real Men, Be My Number Two, You Can't Get What You Want (Till You Know What You Want), Eleanor Rigby (cover of The Beatles), Home Town, Nineteen Forever, The Other Me, Danny Boy (cover of Frederick Edward Weatherly), Prelude, Fugue 1/More Is More, Angel, Tuzla, Passacaglia/A Bud and a Slice, Right",15.0,https://www.setlist.fm/setlist/joe-jackson/1997/grote-zaal-amsterdam-netherlands-73eefe95.html,,,https://www.setlist.fm/setlist/joe-jackson/1997/grote-zaal-amsterdam-netherlands-73eefe95.html,tour-tour-1997,1997 * Tour 1997,,,
TICKET_0050,SHOW_1997-12-07_LONDON,1997-12-07,London,U.K.,Queen Elizabeth Hall,tickets,kk-joe-jackson-1997-12-07.jpg,"Mike Baggaley, U.K.","Joe Jackson (vocals, keyboards) ; Elise Morris (keyboards, vocals) ; Valerie Vigoda (violin, vocals) ; Mary Rowell (violin)","Is She Really Going Out With Him? / It's Different for Girls, Real Men, Be My Number Two, You Can't Get What You Want (Till You Know What You Want), Eleanor Rigby (cover of The Beatles), Nineteen Forever, The Other Me, The Man Who Wrote Danny Boy, Prelude, Fugue 1/More Is More, Angel, Tuzla, Passacaglia/A Bud and a Slice, Right, The Bridge, Fugue 2/Song of Daedalus, Steppin' Out, A Slow Song",18.0,https://www.setlist.fm/setlist/joe-jackson/1997/queen-elizabeth-hall-london-england-438eff53.html,,,https://www.setlist.fm/setlist/joe-jackson/1997/queen-elizabeth-hall-london-england-438eff53.html,tour-tour-1997,1997 * Tour 1997,,,
TICKET_0051,SHOW_1997-12-08_LONDON,1997-12-08,London,U.K.,Queen Elizabeth Hall,tickets,kk-joe-jackson-1997-12-08.jpg,"Steve Whitbread, U.K.","Joe Jackson (vocals, keyboards) ; Elise Morris (keyboards, vocals) ; Valerie Vigoda (violin, vocals) ; Mary Rowell (violin)",,0.0,https://www.setlist.fm/setlist/joe-jackson/1997/queen-elizabeth-hall-london-U.K.-6bd9229e.html,,,https://www.setlist.fm/setlist/joe-jackson/1997/queen-elizabeth-hall-london-england-6bd9229e.html,tour-tour-1997,1997 * Tour 1997,,,
TICKET_0052,SHOW_1997-12-11_HAMBURG,1997-12-11,Hamburg,Germany,Musikhalle,tickets,kk-joe-jackson-1997-12-11.jpg,"Gert Schaumlöffel, Germany","Joe Jackson (vocals, keyboards) ; Elise Morris (keyboards, vocals) ; Valerie Vigoda (violin, vocals) ; Mary Rowell (violin)","Is She Really Going Out With Him? / It's Different for Girls, Real Men, Be My Number Two, You Can't Get What You Want / Eleanor Rigby, Home Town, Nineteen Forever, The Other Me, Danny Boy (cover of Frederick Edward Weatherly), The Man Who Wrote Danny Boy, Prelude, Fugue 1/More Is More, Angel, Tuzla, Passacaglia/A Bud and a Slice, Right, The Bridge, Fugue 2/Song of Daedalus, Steppin' Out, A Slow Song",19.0,https://www.setlist.fm/setlist/joe-jackson/1997/musikhalle-hamburg-germany-43c14feb.html,,,https://www.setlist.fm/setlist/joe-jackson/1997/musikhalle-hamburg-germany-43c14feb.html,tour-tour-1997,1997 * Tour 1997,,,
TICKET_0053,SHOW_1981-06-29_THEVENUE,1981-06-29,London,U.K.,The Venue,tickets,kk-joe-jackson-1981-06-29.jpg,Andy Bilton,"Joe Jackson (vocals, vibraphone, piano) ; Graham Maby (bass) ; Dave Houghton (drums) ; Bernie Bossu (guitar) ; Nick Weldon (piano) ; Pete Thomas (alto sax) ; Raul Rivera (congas)",,0.0,https://www.setlist.fm/setlist/joe-jackson/1981/the-venue-london-U.K.-5bf37bbc.html,,,https://www.setlist.fm/setlist/joe-jackson/1981/the-venue-london-england-5bf37bbc.html,tour-1981-jumpin-jive,1981 * Jumpin´Jive Tour,,,
TICKET_0054,SHOW_1981-07-08_NEWYORK,1981-07-08,New York,NY,Savoy,tickets,kk-joe-jackson-1981-07-08.jpg,"Gert Schaumlöffel, Germany","Joe Jackson (vocals, vibraphone, piano) ; Graham Maby (bass) ; Dave Houghton (drums) ; Bernie Bossu (guitar) ; Nick Weldon (piano) ; Pete Thomas (alto sax) ; Raul Rivera (congas)","Jumping With Symphony Sid (cover of Lester Young and His Sextet), Jack, You're Dead (cover of Louis Jordan and His Tympany Five), We the Cats Shall Hep Ya (cover of Cab Calloway), Is You Is or Is You Ain't (Ma' Baby) (cover of Louis Jordan and His Tympany Five), San Francisco Fan (cover of Cab Calloway), You Run Your Mouth and I'll Run My Business (cover of Louis Jordan and His Tympany Five), You're My Meat (cover of Louis Jordan and His Tympany Five), What’s the Use of Getting Sober (When You’re Gonna Get Drunk Again)? (cover of Louis Jordan and His Tympany Five), Stomping at the Savoy (cover of Chick Webb’s Savoy Orchestra), Tuxedo Junction (cover of Erskine Hawkins and His Orchestra), Minnie the Moocher (cover of Cab Calloway and His Orchestra), Five Guys Named Moe (cover of Louis Jordan and His Tympany Five), Jumpin' Jive (cover of Cab Calloway and His Orchestra), How Long Must I Wait for You (cover of Louis Jordan and His Tympany Five), Texas and Pacific (cover of Louis Jordan and His Tympany Five), [Encore 1], Nobody Knows You When You're Down and Out (cover of Jimmy Cox), Jumpin' Jive (reprise, cover of Cab Calloway and His Orchestra)",19.0,https://www.setlist.fm/setlist/joe-jackson/1981/savoy-new-york-ny-5bc0c7fc.html,,,https://www.setlist.fm/setlist/joe-jackson/1981/savoy-new-york-ny-5bc0c7fc.html,tour-1981-jumpin-jive,1981 * Jumpin´Jive Tour,,,
TICKET_0055,SHOW_1981-07-16_LIDOBEACH,1981-07-16,Lido Beach,NY,Malibu Night Club,tickets,kk-joe-jackson-1981-07-16.jpg,"Gert Schaumlöffel, Germany","Joe Jackson (vocals, vibraphone, piano) ; Graham Maby (bass) ; Dave Houghton (drums) ; Bernie Bossu (guitar) ; Nick Weldon (piano) ; Pete Thomas (alto sax) ; Raul Rivera (congas)","Jumping With Symphony Sid (cover of Lester Young and His Sextet), Jack, You're Dead (cover of Louis Jordan and His Tympany Five), We the Cats Shall Hep Ya (cover of Cab Calloway), Knock Me a Kiss (cover of Louis Jordan and His Tympany Five), San Francisco Fan (cover of Cab Calloway), Stomping at the Savoy (cover of Chick Webb’s Savoy Orchestra), You Run Your Mouth and I'll Run My Business (cover of Louis Jordan and His Tympany Five), You're My Meat (cover of Louis Jordan and His Tympany Five), What’s the Use of Getting Sober (When You’re Gonna Get Drunk Again)? (cover of Louis Jordan and His Tympany Five), Tuxedo Junction (cover of Erskine Hawkins and His Orchestra), Minnie the Moocher (cover of Cab Calloway and His Orchestra), Five Guys Named Moe (cover of Louis Jordan and His Tympany Five), Jumpin' Jive (cover of Cab Calloway and His Orchestra), How Long Must I Wait for You (cover of Louis Jordan and His Tympany Five), Texas and Pacific (cover of Louis Jordan and His Tympany Five), [Encore 1], Nobody Knows You When You're Down and Out (cover of Jimmy Cox), Jumpin' Jive (reprise, cover of Cab Calloway and His Orchestra)",19.0,https://www.setlist.fm/setlist/joe-jackson/1981/malibu-night-club-lido-beach-ny-43c0c7f7.html,,,https://www.setlist.fm/setlist/joe-jackson/1981/malibu-night-club-lido-beach-ny-43c0c7f7.html,tour-1981-jumpin-jive,1981 * Jumpin´Jive Tour,,,
TICKET_0056,SHOW_1981-07-24_HOLLYWOOD,1981-07-24,Hollywood,CA,Florentine Gardens,tickets,kk-joe-jackson-1981-07-24.jpg,"Gert Schaumlöffel, Germany","Joe Jackson (vocals, vibraphone, piano) ; Graham Maby (bass) ; Dave Houghton (drums) ; Bernie Bossu (guitar) ; Nick Weldon (piano) ; Pete Thomas (alto sax) ; Raul Rivera (congas)","Jumping With Symphony Sid (cover of Lester Young and His Sextet), Jack, You're Dead (cover of Louis Jordan and His Tympany Five), Is You Is or Is You Ain't (Ma' Baby) (cover of Louis Jordan and His Tympany Five), We the Cats Shall Hep Ya (cover of Cab Calloway), San Francisco Fan (cover of Cab Calloway), Stomping at the Savoy (cover of Chick Webb’s Savoy Orchestra), You're My Meat (cover of Louis Jordan and His Tympany Five), What’s the Use of Getting Sober (When You’re Gonna Get Drunk Again)? (cover of Louis Jordan and His Tympany Five), Tuxedo Junction (cover of Erskine Hawkins and His Orchestra), Minnie the Moocher (cover of Cab Calloway and His Orchestra), Five Guys Named Moe (cover of Louis Jordan and His Tympany Five), How Long Must I Wait for You (cover of Louis Jordan and His Tympany Five), Nobody Knows You When You're Down and Out (cover of Jimmy Cox), Jumpin' Jive (cover of Cab Calloway and His Orchestra)",15.0,https://www.setlist.fm/setlist/joe-jackson/1981/florentine-gardens-los-angeles-ca-7b8e9650.html,,,https://www.setlist.fm/setlist/joe-jackson/1981/florentine-gardens-los-angeles-ca-7b8e9650.html,tour-1981-jumpin-jive,1981 * Jumpin´Jive Tour,,,
TICKET_0057,SHOW_1981-08-26_SHEFFIELD,1981-08-26,Sheffield,U.K.,Top Rank,tickets,kk-joe-jackson-1981-08-26.jpg,"Peter Exley, U.K.","Joe Jackson (vocals, vibraphone, piano) ; Graham Maby (bass) ; Dave Houghton (drums) ; Bernie Bossu (guitar) ; Nick Weldon (piano) ; Pete Thomas (alto sax) ; Raul Rivera (congas)",,0.0,https://www.setlist.fm/setlist/joe-jackson/1981/top-rank-suite-sheffield-U.K.-73cf5619.html,,,https://www.setlist.fm/setlist/joe-jackson/1981/top-rank-suite-sheffield-england-73cf5619.html,tour-1981-jumpin-jive,1981 * Jumpin´Jive Tour,,,
TICKET_0058,SHOW_1981-09-01_PORTSMOUTH,1981-09-01,Portsmouth,U.K.,Locarno,tickets,kk-joe-jackson-1981-09-01.jpg,"Oliver Gray, U.K.","Joe Jackson (vocals, vibraphone, piano) ; Graham Maby (bass) ; Dave Houghton (drums) ; Bernie Bossu (guitar) ; Nick Weldon (piano) ; Pete Thomas (alto sax) ; Raul Rivera (congas)",,0.0,https://www.setlist.fm/setlist/joe-jackson/1981/mecca-locarno-portsmouth-U.K.-6bcf56fa.html,,,https://www.setlist.fm/setlist/joe-jackson/1981/mecca-locarno-portsmouth-england-6bcf56fa.html,tour-1981-jumpin-jive,1981 * Jumpin´Jive Tour,,,
TICKET_0059,SHOW_1981-09-07_LONDON,1981-09-07,London,U.K.,Hammersmith Palais,tickets,kk-joe-jackson-1981-09-07.jpg,"Gert Schaumlöffel, Germany","Joe Jackson (vocals, vibraphone, piano) ; Graham Maby (bass) ; Dave Houghton (drums) ; Bernie Bossu (guitar) ; Nick Weldon (piano) ; Pete Thomas (alto sax) ; Raul Rivera (congas)",,0.0,,,,,tour-1981-jumpin-jive,1981 * Jumpin´Jive Tour,,,
TICKET_0060,SHOW_1980-02-15_PASSAIC,1980-02-15,Passaic,NJ,Capitol Theatre,tickets,kk-gs-joe-jackson-1980-02-15.jpg,"Gert Schaumlöffel, Germany","Joe Jackson (vocals, piano, keyboards) ; Gary Sanford (guitar, backing vocals) ; Graham Maby (bass, backing vocals) ; Dave Houghton (drums, backing vocals)","On Your Radio, Friday, Geraldine and John, Kinda Kute, Out of Style, Pretty Boys (cover of Joe Jackson Band), The Harder They Come (cover of Jimmy Cliff), Sunday Papers, One More Time, Amateur Hour, Is She Really Going Out With Him?, Don't Wanna Be Like That, I'm the Man, I Can't Give You Anything (cover of Ramones)",14.0,https://www.setlist.fm/setlist/joe-jackson/1980/capitol-theatre-passaic-nj-3bdbc054.html,,,https://www.setlist.fm/setlist/joe-jackson/1980/capitol-theatre-passaic-nj-3bdbc054.html,tour-i-m-the-man-tour-1979-1980,1979 / 1980 * I´m The Man Tour,,,
TICKET_0061,SHOW_1980-03-09_NOGENTSURMARNE,1980-03-09,Nogent sur Marne,France,Pavillon Baltard,tickets,kk-joe-jackson-1980-03-09.jpg,"Gert Schaumlöffel, Germany","Joe Jackson (vocals, piano, keyboards) ; Gary Sanford (guitar, backing vocals) ; Graham Maby (bass, backing vocals) ; Dave Houghton (drums, backing vocals)","On Your Radio, Kinda Kute, Pretty Boys (cover of Joe Jackson Band), Friday, Sunday Papers, One More Time, It's Different for Girls, I'm the Man, The Harder They Come (cover of Jimmy Cliff)",9.0,https://www.setlist.fm/setlist/joe-jackson/1980/pavillon-baltard-nogent-sur-marne-france-63fbcadf.html,https://youtu.be/A7RlapDjBfI,,https://www.setlist.fm/setlist/joe-jackson/1980/pavillon-baltard-nogent-sur-marne-france-63fbcadf.html,tour-i-m-the-man-tour-1979-1980,1979 / 1980 * I´m The Man Tour,,,
TICKET_0062,SHOW_1980-03-12_MNCHENMUNICH,1980-03-12,München (Munich),Germany,Schwabinger Bräu,tickets,kk-joe-jackson-1980-03-12.jpg,"Gert Schaumlöffel, Germany","Joe Jackson (vocals, piano, keyboards) ; Gary Sanford (guitar, backing vocals) ; Graham Maby (bass, backing vocals) ; Dave Houghton (drums, backing vocals)",,0.0,https://www.setlist.fm/setlist/joe-jackson/1980/schwabinger-brau-munich-germany-3bed905c.html,,,https://www.setlist.fm/setlist/joe-jackson/1980/schwabinger-brau-munich-germany-3bed905c.html,tour-i-m-the-man-tour-1979-1980,1979 / 1980 * I´m The Man Tour,,,
TICKET_0063,SHOW_1980-03-13_WIESBADEN,1980-03-13,Wiesbaden,Germany,Wartburg Music Hall,tickets,kk-bk-008.jpg,"Björn Krüger, Germany","Joe Jackson (vocals, piano, keyboards) ; Gary Sanford (guitar, backing vocals) ; Graham Maby (bass, backing vocals) ; Dave Houghton (drums, backing vocals)",,0.0,,,,https://www.setlist.fm/setlist/joe-jackson/1980/wartburg-music-hall-wiesbaden-germany-2bed9052.html,tour-i-m-the-man-tour-1979-1980,1979 / 1980 * I´m The Man Tour,,,
TICKET_0064,SHOW_1980-03-14_KLNCOLOGNE,1980-03-14,Köln (Cologne),Germany,WDR Studio A,tickets,kk-bk-007.jpg,"Björn Krüger, Germany","Joe Jackson (vocals, piano, keyboards) ; Gary Sanford (guitar, backing vocals) ; Graham Maby (bass, backing vocals) ; Dave Houghton (drums, backing vocals)","On Your Radio, Friday, Mad at You (cover of Joe Jackson Band), Kinda Kute, Out of Style, The Harder They Come (cover of Jimmy Cliff), Sunday Papers, One More Time, Fools in Love, Is She Really Going Out With Him?, Don't Wanna Be Like That, I'm the Man",12.0,https://www.setlist.fm/setlist/joe-jackson/1980/wdr-studio-a-cologne-germany-739332f5.html,,,https://www.setlist.fm/setlist/joe-jackson/1980/wdr-studio-a-cologne-germany-739332f5.html,tour-i-m-the-man-tour-1979-1980,1979 / 1980 * I´m The Man Tour,,,
TICKET_0065,SHOW_1980-03-26_HAGONDANGE,1980-03-26,Hagondange,France,Salle Paul Lamm,tickets,kk-joe-jackson-1980-03-26.jpg,"Gert Schaumlöffel, Germany","Joe Jackson (vocals, piano, keyboards) ; Gary Sanford (guitar, backing vocals) ; Graham Maby (bass, backing vocals) ; Dave Houghton (drums, backing vocals)",Crime Don't Pay (cover of Joe Jackson Band),1.0,https://www.setlist.fm/setlist/joe-jackson/1980/countdown-cafe-hilversum-netherlands-23c17c43.html,,,https://www.setlist.fm/setlist/joe-jackson/1980/countdown-cafe-hilversum-netherlands-23c17c43.html,tour-i-m-the-man-tour-1979-1980,1979 / 1980 * I´m The Man Tour,,,
TICKET_0066,SHOW_1980-03-29_LEMANS,1980-03-29,Le Mans,France,"Parc Expositions, Hall B",tickets,kk-joe-jackson-1980-03-29.jpg,"François Huguet, France","Joe Jackson (vocals, piano, keyboards) ; Gary Sanford (guitar, backing vocals) ; Graham Maby (bass, backing vocals) ; Dave Houghton (drums, backing vocals)","On Your Radio, Friday, Geraldine and John, Mad at You (cover of Joe Jackson Band), Kinda Kute, Pretty Boys (cover of Joe Jackson Band), The Harder They Come (cover of Jimmy Cliff), Sunday Papers, One More Time, It's Different for Girls, Is She Really Going Out With Him?, Don't Wanna Be Like That, I'm the Man, I Can't Give You Anything (cover of Ramones), Baby Stick Around, Got the Time",16.0,https://www.setlist.fm/setlist/joe-jackson/1980/parc-des-expositions-le-mans-france-4b8e97ae.html,,,https://www.setlist.fm/setlist/joe-jackson/1980/parc-des-expositions-le-mans-france-4b8e97ae.html,tour-i-m-the-man-tour-1979-1980,1979 / 1980 * I´m The Man Tour,,,
TICKET_0067,SHOW_1980-04-21_MILANO,1980-04-21,Milano,Italy,Palalido,tickets,kk-jn-24.jpg,"John Nyman, U.S.A.","Joe Jackson (vocals, piano, keyboards) ; Gary Sanford (guitar, backing vocals) ; Graham Maby (bass, backing vocals) ; Dave Houghton (drums, backing vocals)","On Your Radio, Friday, Beat Crazy (cover of Joe Jackson Band), Enough Is Not Enough, Kinda Kute, Mad at You (cover of Joe Jackson Band), The Harder They Come (cover of Jimmy Cliff), Sunday Papers, One More Time, Fit (cover of Joe Jackson Band), Is She Really Going Out With Him?, Don't Wanna Be Like That, I'm the Man, I Can't Give You Anything (cover of Ramones), Got the Time",15.0,https://www.setlist.fm/setlist/joe-jackson/1980/palalido-milan-italy-53da2bcd.html,,,https://www.setlist.fm/setlist/joe-jackson/1980/palalido-milan-italy-53da2bcd.html,tour-i-m-the-man-tour-1979-1980,1979 / 1980 * I´m The Man Tour,,,
TICKET_0068,SHOW_1980-04-28_MONTPELLER,1980-04-28,Montpeller,France,Grande Odéon,tickets,kk-joe-jackson-1980-04-28.jpg,"Gert Schaumlöffel, Germany","Joe Jackson (vocals, piano, keyboards) ; Gary Sanford (guitar, backing vocals) ; Graham Maby (bass, backing vocals) ; Dave Houghton (drums, backing vocals)",,0.0,https://www.setlist.fm/setlist/joe-jackson/1980/unknown-venue-montpellier-france-4b8e979a.html,,,https://www.setlist.fm/setlist/joe-jackson/1980/unknown-venue-montpellier-france-4b8e979a.html,tour-i-m-the-man-tour-1979-1980,1979 / 1980 * I´m The Man Tour,,,
TICKET_0069,SHOW_1980-05-03_PORTO,1980-05-03,Porto,Portugal,Pavilhão Infante Sagres,tickets,kk-joe-jackson-1980-05-03.jpg,"Gert Schaumlöffel, Germany","Joe Jackson (vocals, piano, keyboards) ; Gary Sanford (guitar, backing vocals) ; Graham Maby (bass, backing vocals) ; Dave Houghton (drums, backing vocals)",,0.0,https://www.setlist.fm/setlist/joe-jackson/1980/pavilhao-infante-de-sagres-porto-portugal-be585ea.html,,,https://www.setlist.fm/setlist/joe-jackson/1980/pavilhao-infante-de-sagres-porto-portugal-be585ea.html,tour-1979-1980-i-m-the-man-tour,1979 / 1980 * I´m The Man Tour,,,
TICKET_0070,SHOW_1980-05-04_CASCAIS,1980-05-04,Cascais,Portugal,Pavilhão Dramático,tickets,kk-joe-jackson-1980-05-04.jpg,"Gert Schaumlöffel, Germany","Joe Jackson (vocals, piano, keyboards) ; Gary Sanford (guitar, backing vocals) ; Graham Maby (bass, backing vocals) ; Dave Houghton (drums, backing vocals)",,0.0,https://www.setlist.fm/setlist/joe-jackson/1980/pavilhao-do-grupo-dramatico-e-sportivo-de-cascais-cascais-portugal-13e585e9.html,,,https://www.setlist.fm/setlist/joe-jackson/1980/pavilhao-do-grupo-dramatico-e-sportivo-de-cascais-cascais-portugal-13e585e9.html,tour-i-m-the-man-tour-1979-1980,1979 / 1980 * I´m The Man Tour,,,
TICKET_0071,SHOW_1980-05-20_SUNDERLAND,1980-05-20,Sunderland,U.K.,Mecca Centre - The Mayfair Suite,tickets,kk-gs-joe-jackson-1980-05-20.jpg,"Gert Schaumlöffel, Germany","Joe Jackson (vocals, piano, keyboards) ; Gary Sanford (guitar, backing vocals) ; Graham Maby (bass, backing vocals) ; Dave Houghton (drums, backing vocals)","One to One (cover of Joe Jackson Band), On Your Radio, Beat Crazy (cover of Joe Jackson Band), Fit (cover of Joe Jackson Band), Look Sharp!, Mad at You (cover of Joe Jackson Band), The Harder They Come (cover of Jimmy Cliff), Geraldine and John, Kinda Kute, Pretty Boys (cover of Joe Jackson Band), Sunday Papers, It's Different for Girls, Friday, One More Time, Is She Really Going Out With Him?, Don't Wanna Be Like That, I'm the Man",17.0,https://www.setlist.fm/setlist/joe-jackson/1980/mayfair-ballroom-newcastle-upon-tyne-england-63e1c24b.html,,,https://www.setlist.fm/setlist/joe-jackson/1980/mayfair-ballroom-newcastle-upon-tyne-england-63e1c24b.html,tour-i-m-the-man-tour-1979-1980,1979 / 1980 * I´m The Man Tour,,,
TICKET_0072,SHOW_1980-05-23_LEICESTER,1980-05-23,Leicester,U.K.,De Montfort Hall,tickets,kk-joe-jackson-1980-05-23.jpg,"Gert Schaumlöffel, Germany","Joe Jackson (vocals, piano, keyboards) ; Gary Sanford (guitar, backing vocals) ; Graham Maby (bass, backing vocals) ; Dave Houghton (drums, backing vocals)",,0.0,https://www.setlist.fm/setlist/joe-jackson/1980/de-montfort-hall-leicester-U.K.-7bdebaa8.html,,,https://www.setlist.fm/setlist/joe-jackson/1980/de-montfort-hall-leicester-england-7bdebaa8.html,tour-i-m-the-man-tour-1979-1980,1979 / 1980 * I´m The Man Tour,,,
TICKET_0073,SHOW_1980-05-30_HANLEY,1980-05-30,Hanley,U.K.,Victoria Hall,tickets,kk-joe-jackson-1980-05-30.jpg,"Gert Schaumlöffel, Germany","Joe Jackson (vocals, piano, keyboards) ; Gary Sanford (guitar, backing vocals) ; Graham Maby (bass, backing vocals) ; Dave Houghton (drums, backing vocals)",,0.0,https://www.setlist.fm/setlist/joe-jackson/1980/victoria-hall-hanley-U.K.-538e9791.html,,,https://www.setlist.fm/setlist/joe-jackson/1980/victoria-hall-hanley-england-538e9791.html,tour-i-m-the-man-tour-1979-1980,1979 / 1980 * I´m The Man Tour,,,
TICKET_0074,SHOW_1980-06-07_LONDON,1980-06-07,London,U.K.,Crystal Palace Concert Bowl - Open Air,tickets,kk-joe-jackson-1980-06-07-2.jpg,"Colin Phipps, U.K.","Joe Jackson (vocals, piano, keyboards) ; Gary Sanford (guitar, backing vocals) ; Graham Maby (bass, backing vocals) ; Dave Houghton (drums, backing vocals)","Look Sharp!, One More Time, The Evil Eye (cover of Joe Jackson Band), Fit (cover of Joe Jackson Band), Is She Really Going Out With Him?, The Harder They Come (cover of Jimmy Cliff)",6.0,https://www.setlist.fm/setlist/joe-jackson/1980/crystal-palace-bowl-london-england-53d9f7bd.html,,,https://www.setlist.fm/setlist/joe-jackson/1980/crystal-palace-bowl-london-england-53d9f7bd.html,tour-i-m-the-man-tour-1979-1980,1979 / 1980 * I´m The Man Tour,,,
TICKET_0075,SHOW_1980-08-01_NEWYORK,1980-08-01,New York,NY,"Wollman Skating Rink, Central Park Dr. Pepper Music Festival",tickets,kk-joe-jackson-1980-08-01.jpg,"Gary Gelb, U.S.A.","Joe Jackson (vocals, piano, keyboards) ; Gary Sanford (guitar, backing vocals) ; Graham Maby (bass, backing vocals) ; Dave Houghton (drums, backing vocals)","One to One (cover of Joe Jackson Band), I'm the Man, Biology (cover of Joe Jackson Band), Beat Crazy (cover of Joe Jackson Band), Look Sharp!, Crime Don't Pay (cover of Joe Jackson Band), Pretty Boys (cover of Joe Jackson Band), On Your Radio, Friday, Fit (cover of Joe Jackson Band), Is She Really Going Out With Him?, Don't Wanna Be Like That, Got the Time, [Encore 1], The Harder They Come (cover of Jimmy Cliff), Throw It Away",15.0,https://www.setlist.fm/setlist/joe-jackson/1980/wollman-skating-rink-new-york-ny-53d20b95.html,,,https://www.setlist.fm/setlist/joe-jackson/1980/wollman-skating-rink-new-york-ny-53d20b95.html,tour-i-m-the-man-tour-1979-1980,1979 / 1980 * I´m The Man Tour,,,
TICKET_0076,SHOW_1980-08-09_ASBURYPARK,1980-08-09,Asbury Park,NJ,Convention Hall,tickets,kk-joe-jackson-1980-08-09.jpg,"Gert Schaumlöffel, Germany","Joe Jackson (vocals, piano, keyboards) ; Gary Sanford (guitar, backing vocals) ; Graham Maby (bass, backing vocals) ; Dave Houghton (drums, backing vocals)","I'm the Man, Beat Crazy (cover of Joe Jackson Band), Look Sharp!, Mad at You (cover of Joe Jackson Band), Kinda Kute, The Evil Eye (cover of Joe Jackson Band), Pretty Boys (cover of Joe Jackson Band), On Your Radio, Friday, Fit (cover of Joe Jackson Band), Is She Really Going Out With Him?, Don't Wanna Be Like That, One More Time, [Encore 1], The Harder They Come (cover of Jimmy Cliff), Got the Time",15.0,https://www.setlist.fm/setlist/joe-jackson/1980/convention-hall-asbury-park-nj-43f8e7cb.html,,,https://www.setlist.fm/setlist/joe-jackson/1980/convention-hall-asbury-park-nj-43f8e7cb.html,tour-i-m-the-man-tour-1979-1980,1979 / 1980 * I´m The Man Tour,,,
TICKET_0077,SHOW_1980-08-11_POPLARCREEK,1980-08-11,Poplar Creek,IL,Music Theatre,tickets,kk-gs-joe-jackson-1980-08-11.jpg,"Gert Schaumlöffel, Germany","Joe Jackson (vocals, piano, keyboards) ; Gary Sanford (guitar, backing vocals) ; Graham Maby (bass, backing vocals) ; Dave Houghton (drums, backing vocals)",,0.0,https://www.setlist.fm/setlist/joe-jackson/1980/poplar-creek-music-theater-hoffman-estates-il-23f85813.html,,,https://www.setlist.fm/setlist/joe-jackson/1980/poplar-creek-music-theater-hoffman-estates-il-23f85813.html,tour-i-m-the-man-tour-1979-1980,1979 / 1980 * I´m The Man Tour,,,
TICKET_0078,SHOW_1980-10-05_CARDIFF,1980-10-05,Cardiff,U.K.,Cardiff Top Rank,tickets,kk-joe-jackson-1980-10-05.jpg,"Gert Schaumlöffel, Germany","Joe Jackson (vocals, piano, keyboards) ; Gary Sanford (guitar, backing vocals) ; Graham Maby (bass, backing vocals) ; Dave Houghton (drums, backing vocals)",,0.0,https://www.setlist.fm/setlist/joe-jackson/1980/top-rank-cardiff-wales-2bed90fe.html,,,https://www.setlist.fm/setlist/joe-jackson/1980/top-rank-cardiff-wales-2bed90fe.html,tour-beat-crazy-tour-1980,1980 * Beat Crazy Tour,,,
TICKET_0079,SHOW_1980-10-10_EDINBURGH,1980-10-10,Edinburgh,U.K.,Playhouse Theatre,tickets,kk-joe-jackson-1980-10-10.jpg,"Gert Schaumlöffel, Germany","Joe Jackson (vocals, piano, keyboards) ; Gary Sanford (guitar, backing vocals) ; Graham Maby (bass, backing vocals) ; Dave Houghton (drums, backing vocals)",,0.0,https://www.setlist.fm/setlist/joe-jackson/1980/edinburgh-playhouse-edinburgh-scotland-7bcf5654.html,,,https://www.setlist.fm/setlist/joe-jackson/1980/edinburgh-playhouse-edinburgh-scotland-7bcf5654.html,tour-beat-crazy-tour-1980,1980 * Beat Crazy Tour,,,
TICKET_0080,SHOW_1980-10-11_SHEFFIELD,1980-10-11,Sheffield,U.K.,City Hall,tickets,kk-joe-jackson-1980-10-11.jpg,"Peter Exley, U.K.","Joe Jackson (vocals, piano, keyboards) ; Gary Sanford (guitar, backing vocals) ; Graham Maby (bass, backing vocals) ; Dave Houghton (drums, backing vocals)",,0.0,https://www.setlist.fm/setlist/joe-jackson/1980/sheffield-city-hall-sheffield-U.K.-6bcf564a.html,,,https://www.setlist.fm/setlist/joe-jackson/1980/sheffield-city-hall-sheffield-england-6bcf564a.html,tour-beat-crazy-tour-1980,1980 * Beat Crazy Tour,,,
TICKET_0081,SHOW_1980-10-15_MANCHESTER,1980-10-15,Manchester,U.K.,Apollo Theatre,tickets,kk-joe-jackson-1980-10-15.jpg,"Gert Schaumlöffel, Germany","Joe Jackson (vocals, piano, keyboards) ; Gary Sanford (guitar, backing vocals) ; Graham Maby (bass, backing vocals) ; Dave Houghton (drums, backing vocals)","One to One (Released on ""Live 1980/86"", cover of Joe Jackson Band), I'm the Man (Released on ""Live 1980/86""), Mad at You (cover of Joe Jackson Band), Look Sharp!, The Evil Eye (cover of Joe Jackson Band), Kinda Kute, Pretty Boys (cover of Joe Jackson Band), Sunday Papers, On Your Radio, Beat Crazy (cover of Joe Jackson Band), It's Different for Girls, Friday, Fit (cover of Joe Jackson Band), Is She Really Going Out With Him?, [Encore 1], Don't Wanna Be Like That, Someone Up There (cover of Joe Jackson Band)",17.0,https://www.setlist.fm/setlist/joe-jackson/1980/manchester-apollo-manchester-england-6bcf564e.html,,,https://www.setlist.fm/setlist/joe-jackson/1980/manchester-apollo-manchester-england-6bcf564e.html,tour-beat-crazy-tour-1980,1980 * Beat Crazy Tour,,,
TICKET_0082,SHOW_1980-10-16_GLASGOW,1980-10-16,Glasgow,U.K.,Tiffanys,tickets,kk-joe-jackson-1980-10-16.jpg,"Gert Schaumlöffel, Germany","Joe Jackson (vocals, piano, keyboards) ; Gary Sanford (guitar, backing vocals) ; Graham Maby (bass, backing vocals) ; Dave Houghton (drums, backing vocals)","One to One (cover of Joe Jackson Band), I'm the Man, Biology (cover of Joe Jackson Band), Beat Crazy (cover of Joe Jackson Band), Look Sharp!, Mad at You (cover of Joe Jackson Band), Pretty Boys (cover of Joe Jackson Band), On Your Radio, The Harder They Come (cover of Jimmy Cliff), Friday, Fit (cover of Joe Jackson Band), Is She Really Going Out With Him?, Don't Wanna Be Like That, Got the Time, One More Time, It's Different for Girls",16.0,https://www.setlist.fm/setlist/joe-jackson/1980/tiffanys-glasgow-scotland-73cf564d.html,,,https://www.setlist.fm/setlist/joe-jackson/1980/tiffanys-glasgow-scotland-73cf564d.html,tour-beat-crazy-tour-1980,1980 * Beat Crazy Tour,,,
TICKET_0083,SHOW_1980-10-27_LONDON,1980-10-27,London,U.K.,Hammersmith Palais,tickets,kk-joe-jackson-1980-10-27.jpg,"Clare Garner, U.K.","Joe Jackson (vocals, piano, keyboards) ; Gary Sanford (guitar, backing vocals) ; Graham Maby (bass, backing vocals) ; Dave Houghton (drums, backing vocals)","One to One (cover of Joe Jackson Band), I'm the Man, Biology (cover of Joe Jackson Band), Beat Crazy (cover of Joe Jackson Band), Look Sharp!, Crime Don't Pay (cover of Joe Jackson Band), Pretty Boys (cover of Joe Jackson Band), On Your Radio, Friday, Fit (cover of Joe Jackson Band), [Encore 1], Is She Really Going Out With Him? (a cappella), Don't Wanna Be Like That, Got the Time",13.0,https://www.setlist.fm/setlist/joe-jackson/1980/hammersmith-palais-london-england-7bdcd660.html,https://youtu.be/GSsOu8h4cEU,,https://www.setlist.fm/setlist/joe-jackson/1980/hammersmith-palais-london-england-7bdcd660.html,tour-beat-crazy-tour-1980,1980 * Beat Crazy Tour,,,
TICKET_0084,SHOW_1980-10-28_LONDON,1980-10-28,London,U.K.,Hammersmith Palais,tickets,kk-joe-jackson-1980-10-28.jpg,"Gert Schaumlöffel, Germany","Joe Jackson (vocals, piano, keyboards) ; Gary Sanford (guitar, backing vocals) ; Graham Maby (bass, backing vocals) ; Dave Houghton (drums, backing vocals)",,0.0,https://www.setlist.fm/setlist/joe-jackson/1980/hammersmith-palais-london-U.K.-63cf5663.html,,,https://www.setlist.fm/setlist/joe-jackson/1980/hammersmith-palais-london-england-63cf5663.html,tour-beat-crazy-tour-1980,1980 * Beat Crazy Tour,,,
TICKET_0085,SHOW_1980-11-03_BIRMINGHAM,1980-11-03,Birmingham,U.K.,Odeon Theatre,tickets,kk-joe-jackson-1980-11-03.jpg,"Gert Schaumlöffel, Germany","Joe Jackson (vocals, piano, keyboards) ; Gary Sanford (guitar, backing vocals) ; Graham Maby (bass, backing vocals) ; Dave Houghton (drums, backing vocals)",,0.0,https://www.setlist.fm/setlist/joe-jackson/1980/birmingham-odeon-birmingham-U.K.-73cf5665.html,,,https://www.setlist.fm/setlist/joe-jackson/1980/birmingham-odeon-birmingham-england-73cf5665.html,tour-beat-crazy-tour-1980,1980 * Beat Crazy Tour,,,
TICKET_0086,SHOW_1980-11-21_HAMBURG,1980-11-21,Hamburg,Germany,University Auditorium Maximum,tickets,kk-joe-jackson-1980-11-21.jpg,"Gert Schaumlöffel, Germany","Joe Jackson (vocals, piano, keyboards) ; Gary Sanford (guitar, backing vocals) ; Graham Maby (bass, backing vocals) ; Dave Houghton (drums, backing vocals)",,0.0,https://www.setlist.fm/setlist/joe-jackson/1980/audimax-hamburg-germany-4bec77a2.html,,,https://www.setlist.fm/setlist/joe-jackson/1980/audimax-hamburg-germany-4bec77a2.html,tour-beat-crazy-tour-1980,1980 * Beat Crazy Tour,,,
TICKET_0087,SHOW_1980-11-22_HANNOVER,1980-11-22,Hannover,Germany,Kurhaus,tickets,kk-bk-025.jpg,"Björn Krüger, Germany","Joe Jackson (vocals, piano, keyboards) ; Gary Sanford (guitar, backing vocals) ; Graham Maby (bass, backing vocals) ; Dave Houghton (drums, backing vocals)",,0.0,https://www.setlist.fm/setlist/joe-jackson/1980/kurhaus-friedensthal-hanover-germany-7beb2a68.html,,,https://www.setlist.fm/setlist/joe-jackson/1980/kurhaus-friedensthal-hanover-germany-7beb2a68.html,tour-beat-crazy-tour-1980,1980 * Beat Crazy Tour,,,
TICKET_0088,SHOW_1980-11-27_FRANKFURT,1980-11-27,Frankfurt,Germany,Volksbildungsheim,tickets,kk-joe-jackson-1980-11-27.jpg,"Gert Schaumlöffel, Germany","Joe Jackson (vocals, piano, keyboards) ; Gary Sanford (guitar, backing vocals) ; Graham Maby (bass, backing vocals) ; Dave Houghton (drums, backing vocals)",,0.0,https://www.setlist.fm/setlist/joe-jackson/1980/volksbildungsheim-frankfurt-germany-4bec779a.html,,,https://www.setlist.fm/setlist/joe-jackson/1980/volksbildungsheim-frankfurt-germany-4bec779a.html,tour-beat-crazy-tour-1980,1980 * Beat Crazy Tour,,,
TICKET_0089,SHOW_1980-12-02_TORINO,1980-12-02,Torino,Italy,Palasport,tickets,kk-joe-jackson-1980-12-02.jpg,"Gert Schaumlöffel, Germany","Joe Jackson (vocals, piano, keyboards) ; Gary Sanford (guitar, backing vocals) ; Graham Maby (bass, backing vocals) ; Dave Houghton (drums, backing vocals)","I'm the Man, Mad at You (cover of Joe Jackson Band), Look Sharp!, The Evil Eye (cover of Joe Jackson Band), Kinda Kute, Pretty Boys (cover of Joe Jackson Band), On Your Radio, Beat Crazy (cover of Joe Jackson Band), Friday, Fit (cover of Joe Jackson Band), Is She Really Going Out With Him?, Don't Wanna Be Like That, Someone Up There (cover of Joe Jackson Band)",13.0,https://www.setlist.fm/setlist/joe-jackson/1980/palaruffini-turin-italy-63f27a83.html,,,https://www.setlist.fm/setlist/joe-jackson/1980/palaruffini-turin-italy-63f27a83.html,tour-beat-crazy-tour-1980,1980 * Beat Crazy Tour,,,
TICKET_0090,SHOW_1980-12-13_LILLE,1980-12-13,Lille,France,Foire Commerciale,tickets,kk-joe-jackson-1980-12-13.jpg,"Gert Schaumlöffel, Germany","Joe Jackson (vocals, piano, keyboards) ; Gary Sanford (guitar, backing vocals) ; Graham Maby (bass, backing vocals) ; Dave Houghton (drums, backing vocals)",,0.0,https://www.setlist.fm/setlist/joe-jackson/1980/foire-commerciale-lille-france-4b8e9782.html,,,https://www.setlist.fm/setlist/joe-jackson/1980/foire-commerciale-lille-france-4b8e9782.html,tour-beat-crazy-tour-1980,1980 * Beat Crazy Tour,,,
TICKET_0091,SHOW_1980-12-15_UTRECHT,1980-12-15,Utrecht,Netherlands,Muziekcentrum Vredenburg,tickets,"kk-joe-jackson-1980-12-15.jpg, kk-joe-jackson-1980-12-15-2.jpg","Ton, Netherlands","Joe Jackson (vocals, piano, keyboards) ; Gary Sanford (guitar, backing vocals) ; Graham Maby (bass, backing vocals) ; Dave Houghton (drums, backing vocals)","One to One (cover of Joe Jackson Band), I'm the Man, Biology (cover of Joe Jackson Band), It's Different for Girls, Sunday Papers, Pretty Boys (cover of Joe Jackson Band), On Your Radio, Beat Crazy (cover of Joe Jackson Band), Friday, Fit (cover of Joe Jackson Band), Is She Really Going Out With Him?, Don't Wanna Be Like That, Got the Time",13.0,https://www.setlist.fm/setlist/joe-jackson/1980/muziekcentrum-vredenburg-utrecht-netherlands-1be521d0.html,,,https://www.setlist.fm/setlist/joe-jackson/1980/muziekcentrum-vredenburg-utrecht-netherlands-1be521d0.html,tour-beat-crazy-tour-1980,1980 * Beat Crazy Tour,,,
TICKET_0092,SHOW_1979-04-20_NEWYORK,1979-04-20,New York,NY,The Bottom Line,tickets,kk-joe-jackson-1979-04-20.jpg,"Gary Gelb, U.S.A.","Joe Jackson (vocals, piano, keyboards) ; Gary Sanford (guitar, backing vocals) ; Graham Maby (bass, backing vocals) ; Dave Houghton (drums, backing vocals)","One More Time, Pretty Girls, Look Sharp!, Geraldine and John, Sunday Papers, Baby Stick Around, Fools in Love, Is She Really Going Out With Him?, Happy Loving Couples, I'm the Man, Throw It Away, Got the Time",12.0,https://www.setlist.fm/setlist/joe-jackson/1979/the-bottom-line-new-york-ny-2bcc140a.html,,,https://www.setlist.fm/setlist/joe-jackson/1979/the-bottom-line-new-york-ny-2bcc140a.html,tour-1979-look-sharp-tour,1979 * Look Sharp Tour,,,
TICKET_0093,SHOW_1979-04-21_NEWYORK,1979-04-21,New York,NY,The Bottom Line,tickets,kk-joe-jackson-1979-04-21.jpg,"Gert Schaumlöffel, Germany","Joe Jackson (vocals, piano, keyboards) ; Gary Sanford (guitar, backing vocals) ; Graham Maby (bass, backing vocals) ; Dave Houghton (drums, backing vocals)","One More Time, Pretty Girls, Look Sharp!, Sunday Papers, Baby Stick Around, On Your Radio, Fools in Love, Is She Really Going Out With Him?, Happy Loving Couples, I'm the Man, Throw It Away, Got the Time, Pressure Drop (cover of The Maytals), Come On (cover of Chuck Berry), Ain't That a Shame (cover of Fats Domino)",15.0,https://www.setlist.fm/setlist/joe-jackson/1979/the-bottom-line-new-york-ny-5b8ff7e8.html,,,https://www.setlist.fm/setlist/joe-jackson/1979/the-bottom-line-new-york-ny-5b8ff7e8.html,tour-1979-look-sharp-tour,1979 * Look Sharp Tour,,,
TICKET_0094,SHOW_1979-04-30_HAMPSTEAD,1979-04-30,Hampstead,NY,Calderone Concert Hall,tickets,kk-joe-jackson-1979-04-30.jpg,anonymous,"Joe Jackson (vocals, piano, keyboards) ; Gary Sanford (guitar, backing vocals) ; Graham Maby (bass, backing vocals) ; Dave Houghton (drums, backing vocals)",,0.0,,,,,tour-1979-look-sharp,1979 * Look Sharp Tour,,,
TICKET_0095,SHOW_1979-05-01_DALLAS,1979-05-01,Dallas,TX,Palladium of Dallas,tickets,kk-joe-jackson-1979-05-01.jpg,"Gert Schaumlöffel, Germany","Joe Jackson (vocals, piano, keyboards) ; Gary Sanford (guitar, backing vocals) ; Graham Maby (bass, backing vocals) ; Dave Houghton (drums, backing vocals)",,0.0,https://www.setlist.fm/setlist/joe-jackson/1979/the-palladium-dallas-tx-3396609d.html,,,https://www.setlist.fm/setlist/joe-jackson/1979/the-palladium-dallas-tx-3396609d.html,tour-1979-look-sharp,1979 * Look Sharp Tour,,,
TICKET_0096,SHOW_1979-05-02_AUSTIN,1979-05-02,Austin,TX,Armadillo World Headquaters,tickets,kk-joe-jackson-1979-05-02.jpg,"Gert Schaumlöffel, Germany","Joe Jackson (vocals, piano, keyboards) ; Gary Sanford (guitar, backing vocals) ; Graham Maby (bass, backing vocals) ; Dave Houghton (drums, backing vocals)",,0.0,https://www.setlist.fm/setlist/joe-jackson/1979/armadillo-world-headquarters-austin-tx-2b8e94aa.html,,,https://www.setlist.fm/setlist/joe-jackson/1979/armadillo-world-headquarters-austin-tx-2b8e94aa.html,tour-1979-look-sharp-tour,1979 * Look Sharp Tour,,,
TICKET_0097,SHOW_1979-05-06_DENVER,1979-05-06,Denver,Colorado,Rainbow Music Hall,tickets,kk-joe-jackson-1979-05-06.jpg,"Gert Schaumlöffel, Germany","Joe Jackson (vocals, piano, keyboards) ; Gary Sanford (guitar, backing vocals) ; Graham Maby (bass, backing vocals) ; Dave Houghton (drums, backing vocals)","One More Time, Pretty Girls, Look Sharp!, Sunday Papers, Baby Stick Around, Is She Really Going Out With Him?, It's Different for Girls, Kinda Kute, Happy Loving Couples, I'm the Man, Throw It Away, Got the Time, [Encore 1], Come On (cover of Chuck Berry), Ain't That a Shame (cover of Fats Domino)",14.0,https://www.setlist.fm/setlist/joe-jackson/1979/rainbow-music-hall-denver-co-7b97fe84.html,,,https://www.setlist.fm/setlist/joe-jackson/1979/rainbow-music-hall-denver-co-7b97fe84.html,tour-1979-look-sharp,1979 * Look Sharp Tour,,,
TICKET_0098,SHOW_1979-05-14_SANFRANCISCO,1979-05-14,San Francisco,CA,Old Waldorf,tickets,"kk-joe-jackson-1979-05-14-late-show.jpg, kk-joe-jackson-1979-05-14.jpg","Gert Schaumlöffel, Germany","Joe Jackson (vocals, piano, keyboards) ; Gary Sanford (guitar, backing vocals) ; Graham Maby (bass, backing vocals) ; Dave Houghton (drums, backing vocals)","One More Time, Pretty Girls, Look Sharp!, Friday, Sunday Papers, Baby Stick Around, Is She Really Going Out With Him?, Fools in Love, Life Is Just a Bowl of Cherries (cover of Ben Bernie & His Orchestra), Kinda Kute, Happy Loving Couples, I'm the Man, Throw It Away, Got the Time, [Encore 1], Pressure Drop (cover of The Maytals), Ain't That a Shame (cover of Fats Domino)",16.0,https://www.setlist.fm/setlist/joe-jackson/1979/the-old-waldorf-san-francisco-ca-7b9cfacc.html,,,https://www.setlist.fm/setlist/joe-jackson/1979/the-old-waldorf-san-francisco-ca-7b9cfacc.html,tour-1979-look-sharp,1979 * Look Sharp Tour,,,
TICKET_0099,SHOW_1979-05-20_GROSSEPOINTEFARMS,1979-05-20,Grosse Pointe Farms,MI,Punch And Judy Theater,tickets,kk-joe-jackson-1979-05-20.jpg,"Gert Schaumlöffel, Germany","Joe Jackson (vocals, piano, keyboards) ; Gary Sanford (guitar, backing vocals) ; Graham Maby (bass, backing vocals) ; Dave Houghton (drums, backing vocals)","One More Time, You Got the Fever, Look Sharp!, Friday, Sunday Papers, Baby Stick Around, Is She Really Going Out With Him?, Fools in Love, Kinda Kute, Happy Loving Couples, I'm the Man, Throw It Away, Life Is Just a Bowl of Cherries (cover of Ben Bernie & His Orchestra), Ain't That a Shame (cover of Fats Domino), Come On (cover of Chuck Berry)",15.0,https://www.setlist.fm/setlist/joe-jackson/1979/punch-and-judy-theater-grosse-pointe-mi-63995e5f.html,,,https://www.setlist.fm/setlist/joe-jackson/1979/punch-and-judy-theater-grosse-pointe-mi-63995e5f.html,tour-1979-look-sharp,1979 * Look Sharp Tour,,,
TICKET_0100,SHOW_1979-05-24_SYRACUSE,1979-05-24,Syracuse,NY,Uncle Sam's,tickets,kk-joe-jackson-1979-05-24.jpg,"Gert Schaumlöffel, Germany","Joe Jackson (vocals, piano, keyboards) ; Gary Sanford (guitar, backing vocals) ; Graham Maby (bass, backing vocals) ; Dave Houghton (drums, backing vocals)",,0.0,https://www.setlist.fm/setlist/joe-jackson/1979/uncle-sams-dewitt-ny-3b8e94a4.html,,,https://www.setlist.fm/setlist/joe-jackson/1979/uncle-sams-dewitt-ny-3b8e94a4.html,tour-1979-look-sharp,1979 * Look Sharp Tour,,,
TICKET_0101,SHOW_1979-06-01_NEWYORK,1979-06-01,New York,New York,Palladium,tickets,kk-joe-jackson-1979-06-01.jpg,"Gert Schaumlöffel, Germany","Joe Jackson (vocals, piano, keyboards) ; Gary Sanford (guitar, backing vocals) ; Graham Maby (bass, backing vocals) ; Dave Houghton (drums, backing vocals)",,0.0,https://www.setlist.fm/setlist/joe-jackson/1979/the-palladium-new-york-ny-2b4270a2.html,,,https://www.setlist.fm/setlist/joe-jackson/1979/the-palladium-new-york-ny-2b4270a2.html,tour-1979-look-sharp,1979 * Look Sharp Tour,,,
TICKET_0102,SHOW_1979-06-21_PARIS,1979-06-21,Paris,France,Le Bataclan,tickets,kk-joe-jackson-1979-06-21.jpg,"Gert Schaumlöffel, Germany","Joe Jackson (vocals, piano, keyboards) ; Gary Sanford (guitar, backing vocals) ; Graham Maby (bass, backing vocals) ; Dave Houghton (drums, backing vocals)",,0.0,https://www.setlist.fm/setlist/joe-jackson/1979/le-bataclan-paris-france-3b8e949c.html,,,https://www.setlist.fm/setlist/joe-jackson/1979/le-bataclan-paris-france-3b8e949c.html,tour-1979-look-sharp,1979 * Look Sharp Tour,,,
TICKET_0103,SHOW_1979-07-05_PORTSMOUTH,1979-07-05,Portsmouth,U.K.,The Locarno,tickets,kk-joe-jackson-1979-07-05.jpg,"Martin Ayling, U.K.","Joe Jackson (vocals, piano, keyboards) ; Gary Sanford (guitar, backing vocals) ; Graham Maby (bass, backing vocals) ; Dave Houghton (drums, backing vocals)",,0.0,https://www.setlist.fm/setlist/joe-jackson/1979/mecca-locarno-portsmouth-U.K.-53ccc355.html,,,https://www.setlist.fm/setlist/joe-jackson/1979/mecca-locarno-portsmouth-england-53ccc355.html,tour-1979-look-sharp,1979 * Look Sharp Tour,,,
TICKET_0104,SHOW_1979-08-20_EDINBURGH,1979-08-20,Edinburgh,G.B.,Tiffanys,tickets,kk-joe-jackson-1979-08-20.jpg,"Gert Schaumlöffel, Germany","Joe Jackson (vocals, piano, keyboards) ; Gary Sanford (guitar, backing vocals) ; Graham Maby (bass, backing vocals) ; Dave Houghton (drums, backing vocals)",,0.0,https://www.setlist.fm/setlist/joe-jackson/1979/tiffanys-edinburgh-scotland-5b8e97e8.html,,,https://www.setlist.fm/setlist/joe-jackson/1979/tiffanys-edinburgh-scotland-5b8e97e8.html,tour-1979-look-sharp,1979 * Look Sharp Tour,,,
TICKET_0105,SHOW_1979-08-31_HEMPSTEAD,1979-08-31,Hempstead,NY,Calderone Concert Hall,tickets,kk-joe-jackson-1979-08-31.jpg,"Gary Gelb, U.S.A.","Joe Jackson (vocals, piano, keyboards) ; Gary Sanford (guitar, backing vocals) ; Graham Maby (bass, backing vocals) ; Dave Houghton (drums, backing vocals)","Look Sharp!, Get That Girl, Friday, One More Time, Geraldine and John, Sunday Papers, Baby Stick Around, It's Different for Girls, Is She Really Going Out With Him?, Don't Wanna Be Like That, Happy Loving Couples, I'm the Man, Got the Time, Pressure Drop (cover of The Maytals), Throw It Away",15.0,https://www.setlist.fm/setlist/joe-jackson/1979/calderone-concert-hall-hempstead-ny-6b9cfac6.html,,,https://www.setlist.fm/setlist/joe-jackson/1979/calderone-concert-hall-hempstead-ny-6b9cfac6.html,tour-1979-look-sharp,1979 * Look Sharp Tour,,,
TICKET_0106,SHOW_1979-09-01_ASBURYPARK,1979-09-01,Asbury Park,NJ,Paramount Theatre,tickets,kk-joe-jackson-1979-09-01.jpg,"Gert Schaumlöffel, Germany","Joe Jackson (vocals, piano, keyboards) ; Gary Sanford (guitar, backing vocals) ; Graham Maby (bass, backing vocals) ; Dave Houghton (drums, backing vocals)",,0.0,https://www.setlist.fm/setlist/joe-jackson/1979/paramount-theatre-asbury-park-nj-2bdfd41e.html,,,https://www.setlist.fm/setlist/joe-jackson/1979/paramount-theatre-asbury-park-nj-2bdfd41e.html,tour-1979-look-sharp,1979 * Look Sharp Tour,,,
TICKET_0107,SHOW_1979-09-06_WESTHARTFORD,1979-09-06,West Hartford,CT,Stage West,tickets,kk-joe-jackson-1979-09-06.jpg,"Gert Schaumlöffel, Germany","Joe Jackson (vocals, piano, keyboards) ; Gary Sanford (guitar, backing vocals) ; Graham Maby (bass, backing vocals) ; Dave Houghton (drums, backing vocals)",,0.0,https://www.setlist.fm/setlist/joe-jackson/1979/stage-west-west-hartford-ct-438e97db.html,,,https://www.setlist.fm/setlist/joe-jackson/1979/stage-west-west-hartford-ct-438e97db.html,tour-1979-look-sharp,1979 * Look Sharp Tour,,,
TICKET_0108,SHOW_1979-09-08_COLLEGEPARK,1979-09-08,College Park,MD,Ritchie Coliseum,tickets,kk-joe-jackson-1979-09-08.jpg,"Gert Schaumlöffel, Germany","Joe Jackson (vocals, piano, keyboards) ; Gary Sanford (guitar, backing vocals) ; Graham Maby (bass, backing vocals) ; Dave Houghton (drums, backing vocals)",,0.0,https://www.setlist.fm/setlist/joe-jackson/1979/ritchie-coliseum-college-park-md-5b8e97dc.html,,,https://www.setlist.fm/setlist/joe-jackson/1979/ritchie-coliseum-college-park-md-5b8e97dc.html,tour-1979-look-sharp,1979 * Look Sharp Tour,,,
TICKET_0109,SHOW_1979-09-20_SYRACUSE,1979-09-20,Syracuse,NY,Landmark Theatre,tickets,kk-joe-jackson-1979-09-20.jpg,"Gert Schaumlöffel, Germany","Joe Jackson (vocals, piano, keyboards) ; Gary Sanford (guitar, backing vocals) ; Graham Maby (bass, backing vocals) ; Dave Houghton (drums, backing vocals)","One More Time, I'm the Man, Is She Really Going Out With Him?, Sunday Papers",4.0,https://www.setlist.fm/setlist/joe-jackson/1979/landmark-theatre-syracuse-ny-7bf7eeec.html,,,https://www.setlist.fm/setlist/joe-jackson/1979/landmark-theatre-syracuse-ny-7bf7eeec.html,tour-1979-look-sharp,1979 * Look Sharp Tour,,,
TICKET_0110,SHOW_1979-09-22_SOUTHORANGE,1979-09-22,South Orange,NJ,Walsh Gym,tickets,kk-joe-jackson-1979-09-22.jpg,"Gert Schaumlöffel, Germany","Joe Jackson (vocals, piano, keyboards) ; Gary Sanford (guitar, backing vocals) ; Graham Maby (bass, backing vocals) ; Dave Houghton (drums, backing vocals)",,0.0,https://www.setlist.fm/setlist/joe-jackson/1979/seton-hall-university-south-orange-nj-438e97cf.html,,,https://www.setlist.fm/setlist/joe-jackson/1979/seton-hall-university-south-orange-nj-438e97cf.html,tour-1979-look-sharp,1979 * Look Sharp Tour,,,
TICKET_0111,SHOW_1979-09-28_UPPERDARBY,1979-09-28,Upper Darby,PA,Tower Theater,tickets,kk-joe-jackson-1979-09-28.jpg,"Gert Schaumlöffel, Germany","Joe Jackson (vocals, piano, keyboards) ; Gary Sanford (guitar, backing vocals) ; Graham Maby (bass, backing vocals) ; Dave Houghton (drums, backing vocals)",,0.0,https://www.setlist.fm/setlist/joe-jackson/1979/tower-theatre-upper-darby-pa-bce0582.html,,,https://www.setlist.fm/setlist/joe-jackson/1979/tower-theatre-upper-darby-pa-bce0582.html,tour-1979-look-sharp,1979 * Look Sharp Tour,,,
TICKET_0112,SHOW_1979-09-30_NEWYORK,1979-09-30,New York,U.S.A.,Palladium,tickets,kk-joe-jackson-1979-09-30.jpg,"Gert Schaumlöffel, Germany","Joe Jackson (vocals, piano, keyboards) ; Gary Sanford (guitar, backing vocals) ; Graham Maby (bass, backing vocals) ; Dave Houghton (drums, backing vocals)",,0.0,https://www.setlist.fm/setlist/joe-jackson/1979/the-palladium-new-york-ny-3b9948ec.html,https://youtu.be/3Kj6T8LD7Z4,,https://www.setlist.fm/setlist/joe-jackson/1979/the-palladium-new-york-ny-3b9948ec.html,tour-1979-look-sharp,1979 * Look Sharp Tour,,,
TICKET_0113,SHOW_1979-10-12_MONTREAL,1979-10-12,Montreal,Canada,Theatre Saint-Denis,tickets,kk-joe-jackson-1979-10-12.jpg,"Gary Katsof, Canada","Joe Jackson (vocals, piano, keyboards) ; Gary Sanford (guitar, backing vocals) ; Graham Maby (bass, backing vocals) ; Dave Houghton (drums, backing vocals)","I'm the Man, One More Time, Sunday Papers, Is She Really Going Out With Him?, Happy Loving Couples, Baby Stick Around, Look Sharp!, Got the Time, Geraldine and John, It's Different for Girls, Kinda Kute, Don't Wanna Be Like That, Friday",13.0,https://www.setlist.fm/setlist/joe-jackson/1979/theatre-st-denis-montreal-qc-canada-13f3e5e1.html,,,https://www.setlist.fm/setlist/joe-jackson/1979/theatre-st-denis-montreal-qc-canada-13f3e5e1.html,tour-1979-1980-i-m-the-man-tour,1979 / 1980 * I´m The Man Tour,,,
TICKET_0114,SHOW_1979-11-03_VICTORIA,1979-11-03,Victoria,BC,University Centre Auditorium,tickets,kk-joe-jackson-1979-11-03.jpg,"Gert Schaumlöffel, Germany","Joe Jackson (vocals, piano, keyboards) ; Gary Sanford (guitar, backing vocals) ; Graham Maby (bass, backing vocals) ; Dave Houghton (drums, backing vocals)",,0.0,https://www.setlist.fm/setlist/joe-jackson/1979/farquhar-auditorium-university-of-victoria-victoria-bc-canada-438e97c7.html,,,https://www.setlist.fm/setlist/joe-jackson/1979/farquhar-auditorium-university-of-victoria-victoria-bc-canada-438e97c7.html,tour-i-m-the-man-tour-1979-1980,1979 / 1980 * I´m The Man Tour,,,
TICKET_0115,SHOW_1979-11-09_SANTAMONICA,1979-11-09,Santa Monica,CA. U.S.A.,Santa Monica Civic Auditorium,tickets,"kk-joe-jackson-1979-11-09-1.jpg, kk-joe-jackson-1979-11-09-2.jpg","Gert Schaumlöffel, Germany","Joe Jackson (vocals, piano, keyboards) ; Gary Sanford (guitar, backing vocals) ; Graham Maby (bass, backing vocals) ; Dave Houghton (drums, backing vocals)","Look Sharp, On Your Radio, Geraldine and John, Sunday Papers, One More Time, Friday,  It's Different for Girls, Is She Really Going Out With Him, Kinda Cute, I Don´t Wanna Be Like That, Happy Loving Couples,  I'm the Man, Got The Time, Baby Stick Around, I Can´t Give You Anything (Ramones cover)",15.0,https://www.setlist.fm/setlist/joe-jackson/1979/santa-monica-civic-auditorium-santa-monica-ca-73df3a59.html,https://archive.org/details/joe-jackson-santa-monica-civic-1979-kcrw-npr,,https://www.setlist.fm/setlist/joe-jackson/1979/santa-monica-civic-auditorium-santa-monica-ca-73df3a59.html,tour-i-m-the-man-tour-1979-1980,1979 / 1980 * I´m The Man Tour,,,
TICKET_0116,SHOW_1979-12-03_GLASGOW,1979-12-03,Glasgow,U.K.,Apollo Theatre,tickets,kk-joe-jackson-1979-12-03.jpg,"Gert Schaumlöffel, Germany","Joe Jackson (vocals, piano, keyboards) ; Gary Sanford (guitar, backing vocals) ; Graham Maby (bass, backing vocals) ; Dave Houghton (drums, backing vocals)",,0.0,https://www.setlist.fm/setlist/joe-jackson/1979/apollo-theatre-glasgow-scotland-4bcaaf02.html,,,https://www.setlist.fm/setlist/joe-jackson/1979/apollo-theatre-glasgow-scotland-4bcaaf02.html,tour-i-m-the-man-tour-1979-1980,1979 / 1980 * I´m The Man Tour,,,
TICKET_0117,SHOW_1979-12-05_NEWCASTLE,1979-12-05,Newcastle,U.K.,City Hall,tickets,kk-joe-jackson-1979-12-05.jpg,"Björn Krüger, Germany","Joe Jackson (vocals, piano, keyboards) ; Gary Sanford (guitar, backing vocals) ; Graham Maby (bass, backing vocals) ; Dave Houghton (drums, backing vocals)",,0.0,https://www.setlist.fm/setlist/joe-jackson/1979/newcastle-city-hall-newcastle-upon-tyne-U.K.-13c785d5.html,,,https://www.setlist.fm/setlist/joe-jackson/1979/newcastle-city-hall-newcastle-upon-tyne-england-13c785d5.html,tour-i-m-the-man-tour-1979-1980,1979 / 1980 * I´m The Man Tour,,,
TICKET_0118,SHOW_1979-12-09_LONDON,1979-12-09,London,U.K.,Empire Ballroom,tickets,kk-joe-jackson-1979-12-09.jpg,"Gert Schaumlöffel, Germany","Joe Jackson (vocals, piano, keyboards) ; Gary Sanford (guitar, backing vocals) ; Graham Maby (bass, backing vocals) ; Dave Houghton (drums, backing vocals)",,0.0,https://www.setlist.fm/setlist/joe-jackson/1979/empire-ballroom-london-U.K.-5bcaaf00.html,,,https://www.setlist.fm/setlist/joe-jackson/1979/empire-ballroom-london-england-5bcaaf00.html,tour-i-m-the-man-tour-1979-1980,1979 / 1980 * I´m The Man Tour,,,
TICKET_0119,SHOW_1979-12-14_PORTSMOUTH,1979-12-14,Portsmouth,U.K.,The Guildhall,tickets,kk-joe-jackson-1979-12-14.jpg,"Martin Ayling, U.K.","Joe Jackson (vocals, piano, keyboards) ; Gary Sanford (guitar, backing vocals) ; Graham Maby (bass, backing vocals) ; Dave Houghton (drums, backing vocals)","Look Sharp!, Friday, Geraldine and John, Kinda Kute, The Harder They Come (cover of Jimmy Cliff), Pretty Boys (cover of Joe Jackson Band), Don't Wanna Be Like That, I'm the Man",8.0,https://www.setlist.fm/setlist/joe-jackson/1979/portsmouth-guildhall-portsmouth-england-43caaffb.html,https://youtu.be/7CbupQfJk-Y,,https://www.setlist.fm/setlist/joe-jackson/1979/portsmouth-guildhall-portsmouth-england-43caaffb.html,tour-i-m-the-man-tour-1979-1980,1979 / 1980 * I´m The Man Tour,,,
TICKET_0120,SHOW_1979-09-28_1979,1979-09-28,,,,passes,kk-joe-jackson-1979-09-28-pass.jpg,"Gert Schaumlöffel, Germany","Joe Jackson (vocals, piano, keyboards) ; Gary Sanford (guitar, backing vocals) ; Graham Maby (bass, backing vocals) ; Dave Houghton (drums, backing vocals)",,0.0,,,,https://www.setlist.fm/setlist/joe-jackson/1979/tower-theatre-upper-darby-pa-bce0582.html,tour-1979-look-sharp-tour,1979 * Look Sharp Tour,,,
TICKET_0121,SHOW_1979-12-14_PORTSMOUTH,1979-12-14,Portsmouth,U.K.,,passes,kk-joe-jackson-1979-12-14-pass.jpg,"Gert Schaumlöffel, Germany","Joe Jackson (vocals, piano, keyboards) ; Gary Sanford (guitar, backing vocals) ; Graham Maby (bass, backing vocals) ; Dave Houghton (drums, backing vocals)","Look Sharp!, Friday, Geraldine and John, Kinda Kute, The Harder They Come (cover of Jimmy Cliff), Pretty Boys (cover of Joe Jackson Band), Don't Wanna Be Like That, I'm the Man",8.0,https://www.setlist.fm/setlist/joe-jackson/1979/portsmouth-guildhall-portsmouth-england-43caaffb.html,,,https://www.setlist.fm/setlist/joe-jackson/1979/portsmouth-guildhall-portsmouth-england-43caaffb.html,tour-1979-1980-i-m-the-man-tour,1979 / 1980 * I´m The Man Tour,,,
TICKET_0122,SHOW_1979-01-01_1979,,,,,passes,kk-joe-jackson-1979.jpg,"Gert Schaumlöffel, Germany","Joe Jackson (vocals, piano, keyboards) ; Gary Sanford (guitar, backing vocals) ; Graham Maby (bass, backing vocals) ; Dave Houghton (drums, backing vocals)",,0.0,,,,,tour-1979-look-sharp-tour,1979 * Look Sharp Tour,,,
TICKET_0123,SHOW_2007-05-05_BERLIN,2007-05-05,Berlin,Germany,Passionskirche,tickets,kk-joe-jackson-2007-05-05.jpg,"Björn Krüger, Germany","Joe Jackson (vocals, piano, keyboards) ; Graham Maby (bass, backing vocals) ; Dave Houghton (drums, backing vocals)","Steppin' Out, Another World, Too Tough, Citizen Sane, Not Here, Not Now, The Uptown Train (live debut), Any Major Dude Will Tell You (cover of Steely Dan), Chinatown / Caravan, On Your Radio, Solo (So Low) (live debut), Girl (cover of The Beatles), It's Different for Girls, A Place in the Rain (live debut), Dirty Martini (cover of Joe Jackson Band), Good Bad Boy (live debut), You Can't Get What You Want (Till You Know What You Want), One More Time, [Encore 1], Dirty Love (cover of Frank Zappa), Is She Really Going Out With Him?, A Slow Song",21.0,https://www.setlist.fm/setlist/joe-jackson/2007/passionskirche-berlin-germany-3bedb83c.html,,,https://www.setlist.fm/setlist/joe-jackson/2007/passionskirche-berlin-germany-3bedb83c.html,tour-trio-tour-2007,2007 * Joe Jackson Trio Tour,,,
TICKET_0124,SHOW_2007-05-06_BREMEN,2007-05-06,Bremen,Germany,Pier 2,tickets,kk-joe-jackson-my-bremen-ticket-2007.jpg,"Rolf Thalmann, Germany","Joe Jackson (vocals, piano, keyboards) ; Graham Maby (bass, backing vocals) ; Dave Houghton (drums, backing vocals)","Steppin' Out, Another World, Citizen Sane, The Uptown Train, Wasted Time, Cancer, On Your Radio, Solo (So Low), Be My Number Two, It's Different for Girls, Chinatown / Caravan, King Pleasure Time, Take It Like a Man (cover of Joe Jackson Band), You Can't Get What You Want (Till You Know What You Want), One More Time, [Encore 1], Don't Get Around Much Anymore (cover of Duke Ellington and His Orchestra), Is She Really Going Out With Him?, A Slow Song",18.0,https://www.setlist.fm/setlist/joe-jackson/2007/pier-2-bremen-germany-1bef05d0.html,,,https://www.setlist.fm/setlist/joe-jackson/2007/pier-2-bremen-germany-1bef05d0.html,tour-trio-tour-2007,2007 * Joe Jackson Trio Tour,,,
TICKET_0125,SHOW_2007-05-09_MNCHENMUNICH,2007-05-09,München (Munich),Germany,Georg Elser Hallen,tickets,kk-joe-jackson-2007-05-09.jpg,"Robert Keller, Germany","Joe Jackson (vocals, piano, keyboards) ; Graham Maby (bass, backing vocals) ; Dave Houghton (drums, backing vocals)","Steppin' Out, Another World, Too Tough, Citizen Sane, Drunk Song, Cancer, On Your Radio, Solo (So Low), Real Men, It's Different for Girls, The Uptown Train, Chinatown / Caravan, King Pleasure Time, You Can't Get What You Want (Till You Know What You Want), One More Time, [Encore 1], Don't Get Around Much Anymore (cover of Duke Ellington and His Orchestra), Is She Really Going Out With Him?, A Slow Song",18.0,https://www.setlist.fm/setlist/joe-jackson/2007/georg-elser-hallen-munich-germany-5bedbb30.html,,,https://www.setlist.fm/setlist/joe-jackson/2007/georg-elser-hallen-munich-germany-5bedbb30.html,tour-trio-tour-2007,2007 * Joe Jackson Trio Tour,,,
TICKET_0126,SHOW_2007-05-11_BIELEFELD,2007-05-11,Bielefeld,Germany,Ringlokschuppen,tickets,kk-gs-joe-jackson-2007-05-11.jpg,"Gert Schaumlöffel, Germany","Joe Jackson (vocals, piano, keyboards) ; Graham Maby (bass, backing vocals) ; Dave Houghton (drums, backing vocals)","Steppin' Out, Another World, Invisible Man, A Place in the Rain, Cancer, King Pleasure Time, On Your Radio, Solo (So Low), It's Different for Girls, Rush Across the Road, Dirty Martini (cover of Joe Jackson Band), Citizen Sane, Take It Like a Man (cover of Joe Jackson Band), You Can't Get What You Want (Till You Know What You Want), One More Time, [Encore 1], Don't Get Around Much Anymore (cover of Duke Ellington and His Orchestra), Is She Really Going Out With Him?, A Slow Song",18.0,https://www.setlist.fm/setlist/joe-jackson/2007/ringlokschuppen-bielefeld-germany-4bcebf42.html,,,https://www.setlist.fm/setlist/joe-jackson/2007/ringlokschuppen-bielefeld-germany-4bcebf42.html,tour-trio-tour-2007,2007 * Joe Jackson Trio Tour,,,
TICKET_0127,SHOW_2007-05-12_DSSELDORF,2007-05-12,Düsseldorf,Germany,PhilipsHalle,tickets,kk-joe-jackson-2007-05-12.jpg,"Marielle de Bruijn, Netherlands","Joe Jackson (vocals, piano, keyboards) ; Graham Maby (bass, backing vocals) ; Dave Houghton (drums, backing vocals)","Steppin' Out, Another World, Citizen Sane, Not Here, Not Now, The Uptown Train, King Pleasure Time, On Your Radio, Solo (So Low), It's Different for Girls, Wasted Time, Chinatown / Caravan, I'm Looking Through You (cover of The Beatles), Good Bad Boy, You Can't Get What You Want (Till You Know What You Want), One More Time, [Encore 1], Don't Get Around Much Anymore (cover of Duke Ellington and His Orchestra), Is She Really Going Out With Him?, A Slow Song",19.0,https://www.setlist.fm/setlist/joe-jackson/2007/philipshalle-dusseldorf-germany-43edbb37.html,,,https://www.setlist.fm/setlist/joe-jackson/2007/philipshalle-dusseldorf-germany-43edbb37.html,tour-trio-tour-2007,2007 * Joe Jackson Trio Tour,,,
TICKET_0128,SHOW_2007-05-17_UTRECHT,2007-05-17,Utrecht,Netherlands,Vredenburg,tickets,kk-joe-jackson-2007-05-17.jpg,"Marielle de Bruijn, Netherlands","Joe Jackson (vocals, piano, keyboards) ; Graham Maby (bass, backing vocals) ; Dave Houghton (drums, backing vocals)","Steppin' Out, Another World, Too Tough, Citizen Sane, Cancer, On Your Radio, Solo (So Low), It's Different for Girls, The Uptown Train, Chinatown, King Pleasure Time, Take It Like a Man (cover of Joe Jackson Band), You Can't Get What You Want (Till You Know What You Want), One More Time, [Encore 1], I'm Looking Through You (cover of The Beatles), Is She Really Going Out With Him?, A Slow Song",17.0,https://www.setlist.fm/setlist/joe-jackson/2007/muziekcentrum-vredenburg-utrecht-netherlands-7bd43ab4.html,,,https://www.setlist.fm/setlist/joe-jackson/2007/muziekcentrum-vredenburg-utrecht-netherlands-7bd43ab4.html,tour-trio-tour-2007,2007 * Joe Jackson Trio Tour,,,
TICKET_0129,SHOW_2007-05-18_GRONINGEN,2007-05-18,Groningen,Netherlands,De Oosterpoort,tickets,kk-joe-jackson-groningen-2007.jpg,"Bert Bos, Netherlands","Joe Jackson (vocals, piano, keyboards) ; Graham Maby (bass, backing vocals) ; Dave Houghton (drums, backing vocals)","Steppin' Out, Another World, Invisible Man, Too Tough, Citizen Sane, The Uptown Train, Goin' Downtown, On Your Radio, Solo (So Low), It's Different for Girls, Rush Across the Road, Awkward Age (cover of Joe Jackson Band), Chinatown / Caravan, Good Bad Boy, You Can't Get What You Want (Till You Know What You Want), One More Time, [Encore 1], Don't Get Around Much Anymore (cover of Duke Ellington and His Orchestra), Is She Really Going Out With Him?, A Slow Song",19.0,https://www.setlist.fm/setlist/joe-jackson/2007/de-oosterpoort-groningen-netherlands-7bce4a44.html,,,https://www.setlist.fm/setlist/joe-jackson/2007/de-oosterpoort-groningen-netherlands-7bce4a44.html,tour-trio-tour-2007,2007 * Joe Jackson Trio Tour,,,
TICKET_0130,SHOW_2007-05-21_NOTTINGHAM,2007-05-21,Nottingham,U.K.,Rock City,tickets,kk-joe-jackson-2007-05-21.jpg,"Mike Baggaley, U.K.","Joe Jackson (vocals, piano, keyboards) ; Graham Maby (bass, backing vocals) ; Dave Houghton (drums, backing vocals)","Steppin' Out, Another World, Too Tough, Citizen Sane, Wasted Time, Cancer, On Your Radio, Solo (So Low), It's Different for Girls, The Uptown Train, Chinatown, Good Bad Boy, You Can't Get What You Want (Till You Know What You Want), One More Time, [Encore 1], Don't Get Around Much Anymore (cover of Duke Ellington and His Orchestra), Is She Really Going Out With Him?, A Slow Song",17.0,https://www.setlist.fm/setlist/joe-jackson/2007/rock-city-nottingham-england-5bedbb24.html,,,https://www.setlist.fm/setlist/joe-jackson/2007/rock-city-nottingham-england-5bedbb24.html,tour-trio-tour-2007,2007 * Joe Jackson Trio Tour,,,
TICKET_0131,SHOW_2007-05-24_LONDON,2007-05-24,London,U.K.,Carling Academy Islington,tickets,kk-joe-jackson-2007-05-24.jpg,"Alex Wilde, U.K.","Joe Jackson (vocals, piano, keyboards) ; Graham Maby (bass, backing vocals) ; Dave Houghton (drums, backing vocals)",,0.0,https://www.setlist.fm/setlist/joe-jackson/2007/carling-academy-islington-london-U.K.-13f351f1.html,,,https://www.setlist.fm/setlist/joe-jackson/2007/carling-academy-islington-london-england-13f351f1.html,tour-trio-tour-2007,2007 * Joe Jackson Trio Tour,,,
TICKET_0132,SHOW_2007-06-03_DUBLIN,2007-06-03,Dublin,Ireland,Olympia Theatre,tickets,"kk-joe-jackson-2007-06-03.jpg, kk-joe-jackson-2007-06-03-digital.jpg","John Foyle, Ireland","Joe Jackson (vocals, piano, keyboards) ; Graham Maby (bass, backing vocals) ; Dave Houghton (drums, backing vocals)",,0.0,https://www.setlist.fm/setlist/joe-jackson/2007/olympia-theatre-dublin-ireland-5bedbb00.html,,,https://www.setlist.fm/setlist/joe-jackson/2007/olympia-theatre-dublin-ireland-5bedbb00.html,tour-trio-tour-2007,2007 * Joe Jackson Trio Tour,,,
TICKET_0133,SHOW_2007-06-05_AMSTERDAM,2007-06-05,Amsterdam,Netherlands,Paradiso,tickets,kk-joe-jackson-2007-06-05.jpg,"Annelies Kanbier, Netherlands","Joe Jackson (vocals, piano, keyboards) ; Graham Maby (bass, backing vocals) ; Dave Houghton (drums, backing vocals)","Steppin' Out, Another World, Citizen Sane, Goin' Downtown, Not Here, Not Now, The Uptown Train, King Pleasure Time, On Your Radio, Solo (So Low), It's Different for Girls, Wasted Time, Chinatown / Caravan, Dirty Martini (cover of Joe Jackson Band), Good Bad Boy, You Can't Get What You Want (Till You Know What You Want), One More Time, [Encore 1], Don't Get Around Much Anymore (cover of Duke Ellington and His Orchestra), Is She Really Going Out With Him?, A Slow Song",20.0,https://www.setlist.fm/setlist/joe-jackson/2007/grote-zaal-amsterdam-netherlands-53edbb05.html,,,https://www.setlist.fm/setlist/joe-jackson/2007/grote-zaal-amsterdam-netherlands-53edbb05.html,tour-trio-tour-2007,2007 * Joe Jackson Trio Tour,,,
TICKET_0134,SHOW_2007-06-06_PARIS,2007-06-06,Paris,France,Casino de Paris,tickets,"kk-joe-jackson-2007-06-06.jpg, kk-joe-jackson-2007-06-06-2.jpg","Mathieu Chartier, France","Joe Jackson (vocals, piano, keyboards) ; Graham Maby (bass, backing vocals) ; Dave Houghton (drums, backing vocals)",,0.0,https://www.setlist.fm/setlist/joe-jackson/2007/casino-de-paris-paris-france-5bedbbf8.html,,,https://www.setlist.fm/setlist/joe-jackson/2007/casino-de-paris-paris-france-5bedbbf8.html,tour-trio-tour-2007,2007 * Joe Jackson Trio Tour,,,
TICKET_0135,SHOW_2007-06-07_ANTWERPEN,2007-06-07,Antwerpen,Belgium,Koningin Elisabethzaal,tickets,"kk-joe-jackson-2007-06-07-2.jpg, kk-joe-jackson-2007-06-07.jpg","Gert Schaumlöffel, Germany","Joe Jackson (vocals, piano, keyboards) ; Graham Maby (bass, backing vocals) ; Dave Houghton (drums, backing vocals)","Steppin' Out, Another World, Citizen Sane, Rush Across the Road, Goin' Downtown, King Pleasure Time, On Your Radio, Solo (So Low), It's Different for Girls, Wasted Time, Chinatown, Dirty Martini (cover of Joe Jackson Band), Inbetweenies (cover of Ian Dury), Good Bad Boy, You Can't Get What You Want (Till You Know What You Want), One More Time, [Encore 1], Dirty Love (cover of Frank Zappa), Is She Really Going Out With Him?, A Slow Song",19.0,https://www.setlist.fm/setlist/joe-jackson/2007/koningin-elisabethzaal-antwerp-belgium-4bd4b362.html,,,https://www.setlist.fm/setlist/joe-jackson/2007/koningin-elisabethzaal-antwerp-belgium-4bd4b362.html,tour-trio-tour-2007,2007 * Joe Jackson Trio Tour,,,
TICKET_0136,SHOW_2007-06-11_BARCELONA,2007-06-11,Barcelona,Spain,Bikini,tickets,kk-gs-joe-jackson-2007-06-11.jpg,"Gert Schaumlöffel, Germany","Joe Jackson (vocals, piano, keyboards) ; Graham Maby (bass, backing vocals) ; Dave Houghton (drums, backing vocals)","Steppin' Out, Another World, Invisible Man, Rush Across the Road, Cancer, King Pleasure Time, On Your Radio, Solo (So Low), It's Different for Girls, Wasted Time, Chinatown / Caravan, The Uptown Train, Take It Like a Man (cover of Joe Jackson Band), You Can't Get What You Want (Till You Know What You Want), One More Time, [Encore 1], Don't Get Around Much Anymore (cover of Duke Ellington and His Orchestra), Is She Really Going Out With Him?, A Slow Song",18.0,https://www.setlist.fm/setlist/joe-jackson/2007/bikini-barcelona-spain-53edbbfd.html,,,https://www.setlist.fm/setlist/joe-jackson/2007/bikini-barcelona-spain-53edbbfd.html,tour-trio-tour-2007,2007 * Joe Jackson Trio Tour,,,
TICKET_0137,SHOW_2007-01-01_2007,,,,,passes,"kk-joe-jackson-2007-pass-front.jpg, kk-joe-jackson-2007-pass-back.jpg","Gert Schaumlöffel, Germany","Joe Jackson (vocals, piano, keyboards) ; Graham Maby (bass, backing vocals) ; Dave Houghton (drums, backing vocals)",,0.0,,,,,tour-2007-joe-jackson-trio-tour,2007 * Joe Jackson Trio Tour,,,
TICKET_0138,SHOW_1991-05-18_MNSTER,1991-05-18,Münster,Germany,Halle Münsterland,tickets,kk-joe-jackson-1991-05-18.jpg,"Gert Schaumlöffel, Germany","Joe Jackson (vocals, keyboards) ; Graham Maby (bass) ; Dan Hickey (drums) ; Tom Teeley (guitar) ; Sue Hadjopoulos (percussion)","Steppin' Out, Right and Wrong, It's Different for Girls, Got the Time, Obvious Song, Goin' Downtown, Stranger Than Fiction, Down to London, When You're Not Around, The Other Me, Fifty Dollar Love Affair, Real Men, You Can't Get What You Want (Till You Know What You Want), Another World, Rant and Rave, Nineteen Forever, Oh Well (cover of Fleetwood Mac), Jamie G., One More Time, [Encore 1], I'm the Man, A Slow Song",21.0,https://www.setlist.fm/setlist/joe-jackson/1991/halle-munsterland-munster-germany-bfe91e2.html,,,https://www.setlist.fm/setlist/joe-jackson/1991/halle-munsterland-munster-germany-bfe91e2.html,tour-1991-laughter-lust,1990 / 1991 * Laughter & Lust Tour,,,
TICKET_0139,SHOW_1991-05-23_MANCHESTER,1991-05-23,Manchester,U.K.,Apollo Theatre,tickets,kk-joe-jackson-1991-05-23.jpg,"Gert Schaumlöffel, Germany","Joe Jackson (vocals, keyboards) ; Graham Maby (bass) ; Dan Hickey (drums) ; Tom Teeley (guitar) ; Sue Hadjopoulos (percussion)",,0.0,https://www.setlist.fm/setlist/joe-jackson/1991/manchester-apollo-manchester-U.K.-1bd91d7c.html,,,https://www.setlist.fm/setlist/joe-jackson/1991/manchester-apollo-manchester-england-1bd91d7c.html,tour-1991-laughter-lust,1990 / 1991 * Laughter & Lust Tour,,,
TICKET_0140,SHOW_1991-05-27_LONDON,1991-05-27,London,U.K.,Hammersmith Odeon,tickets,kk-joe-jackson-1991-05-27.jpg,"Gert Schaumlöffel, Germany","Joe Jackson (vocals, keyboards) ; Graham Maby (bass) ; Dan Hickey (drums) ; Tom Teeley (guitar) ; Sue Hadjopoulos (percussion)","It's Different for Girls, Steppin' Out",2.0,https://www.setlist.fm/setlist/joe-jackson/1991/hammersmith-odeon-london-england-7bf34260.html,,,https://www.setlist.fm/setlist/joe-jackson/1991/hammersmith-odeon-london-england-7bf34260.html,tour-1991-laughter-lust,1990 / 1991 * Laughter & Lust Tour,,,
TICKET_0141,SHOW_1991-05-28_LONDON,1991-05-28,London,U.K.,Hammersmith Odeon,tickets,kk-joe-jackson-1991-05-28.jpg,"Gert Schaumlöffel, Germany","Joe Jackson (vocals, keyboards) ; Graham Maby (bass) ; Dan Hickey (drums) ; Tom Teeley (guitar) ; Sue Hadjopoulos (percussion)","It's Different for Girls, Steppin' Out",2.0,https://www.setlist.fm/setlist/joe-jackson/1991/hammersmith-odeon-london-england-bfe918a.html,,,https://www.setlist.fm/setlist/joe-jackson/1991/hammersmith-odeon-london-england-bfe918a.html,tour-1991-laughter-lust,1990 / 1991 * Laughter & Lust Tour,,,
TICKET_0142,SHOW_1991-05-31_HAMBURG,1991-05-31,Hamburg,Germany,CCH - Saal 1,tickets,kk-bk-022.jpg,"Björn Krüger, Germany","Joe Jackson (vocals, keyboards) ; Graham Maby (bass) ; Dan Hickey (drums) ; Tom Teeley (guitar) ; Sue Hadjopoulos (percussion)","Steppin' Out, Right and Wrong, It's Different for Girls (duet with Mindy Jostyn), Got the Time, Obvious Song, Goin' Downtown, You Can't Get What You Want (Till You Know What You Want), Fools in Love, The Other Me, Stranger Than Fiction, Real Men, Rant and Rave, Nineteen Forever, Another World, Hit Single, Oh Well (cover of Fleetwood Mac), Jamie G., One More Time, [Encore 1], I'm the Man, A Slow Song",20.0,https://www.setlist.fm/setlist/joe-jackson/1991/saal-1-hamburg-germany-53c11bd5.html,,,https://www.setlist.fm/setlist/joe-jackson/1991/saal-1-hamburg-germany-53c11bd5.html,tour-1991-laughter-lust,1990 / 1991 * Laughter & Lust Tour,,,
TICKET_0143,SHOW_1991-06-02_ROTTERDAM,1991-06-02,Rotterdam,Netherlands,de Doelen,tickets,kk-joe-jackson-1991-06-02.jpg,"Gert Schaumlöffel, Germany","Joe Jackson (vocals, keyboards) ; Graham Maby (bass) ; Dan Hickey (drums) ; Tom Teeley (guitar) ; Sue Hadjopoulos (percussion)",,0.0,https://www.setlist.fm/setlist/joe-jackson/1991/de-doelen-rotterdam-netherlands-3bfe9078.html,,,https://www.setlist.fm/setlist/joe-jackson/1991/de-doelen-rotterdam-netherlands-3bfe9078.html,tour-1991-laughter-lust,1990 / 1991 * Laughter & Lust Tour,,,
TICKET_0144,SHOW_1991-06-06_PARIS,1991-06-06,Paris,France,Zénith,tickets,kk-joe-jackson-1991-06-06.jpg,"Gert Schaumlöffel, Germany","Joe Jackson (vocals, keyboards) ; Graham Maby (bass) ; Dan Hickey (drums) ; Tom Teeley (guitar) ; Sue Hadjopoulos (percussion)","Steppin' Out, Right and Wrong, It's Different for Girls, Got the Time, Obvious Song, Goin' Downtown, Stranger Than Fiction, Fools in Love, You Can't Get What You Want (Till You Know What You Want), Another World, Down to London, The Other Me, My House, Real Men, Rant and Rave, Nineteen Forever, Oh Well (cover of Fleetwood Mac), Jamie G., One More Time, [Encore 1], I'm the Man, A Slow Song",21.0,https://www.setlist.fm/setlist/joe-jackson/1991/le-zenith-paris-france-23fe9033.html,,,https://www.setlist.fm/setlist/joe-jackson/1991/le-zenith-paris-france-23fe9033.html,tour-1991-laughter-lust,1990 / 1991 * Laughter & Lust Tour,,,
TICKET_0145,SHOW_1991-06-11_MILANO,1991-06-11,Milano,Italy,Teatro Smeraldo,tickets,kk-joe-jackson-1991-06-11.jpg,"Bob Smith, Italy","Joe Jackson (vocals, keyboards) ; Graham Maby (bass) ; Dan Hickey (drums) ; Tom Teeley (guitar) ; Sue Hadjopoulos (percussion)","Steppin' Out, Right and Wrong, It's Different for Girls, Got the Time, Obvious Song, It’s All Too Much, You Can't Get What You Want (Till You Know What You Want), Another World, Fools in Love, The Other Me, My House, Home Town, Rant and Rave, Nineteen Forever, Oh Well (cover of Fleetwood Mac), Jamie G., Stranger Than Fiction, I'm the Man, A Slow Song",19.0,https://www.setlist.fm/setlist/joe-jackson/1991/teatro-smeraldo-milan-italy-3bfe90c0.html,,,https://www.setlist.fm/setlist/joe-jackson/1991/teatro-smeraldo-milan-italy-3bfe90c0.html,tour-1991-laughter-lust,1990 / 1991 * Laughter & Lust Tour,,,
TICKET_0146,SHOW_1991-06-15_DSSELDORF,1991-06-15,Düsseldorf,Germany,Philipshalle,tickets,"kk-joe-jackson-1991-06-15-3.jpg, kk-joe-jackson-1991-06-15-2.jpg, kk-bk-010.jpg","Gert Schaumlöffel, Germany","Joe Jackson (vocals, keyboards) ; Graham Maby (bass) ; Dan Hickey (drums) ; Tom Teeley (guitar) ; Sue Hadjopoulos (percussion)","Steppin' Out, Right and Wrong, It's Different for Girls, Got the Time, Obvious Song, Goin' Downtown, Fools in Love, You Can't Get What You Want (Till You Know What You Want), Another World, Down to London, The Other Me, Real Men, Rant and Rave, Nineteen Forever, Oh Well (cover of Fleetwood Mac), Jamie G., One More Time, [Encore 1], Stranger Than Fiction, I'm the Man, A Slow Song",20.0,https://www.setlist.fm/setlist/joe-jackson/1991/philipshalle-dusseldorf-germany-bf261fe.html,,,https://www.setlist.fm/setlist/joe-jackson/1991/philipshalle-dusseldorf-germany-bf261fe.html,tour-1991-laughter-lust,1990 / 1991 * Laughter & Lust Tour,,,
TICKET_0147,SHOW_1991-06-16_STUTTGART,1991-06-16,Stuttgart,Germany,"Liederhalle, Beethovensaal",tickets,kk-joe-jackson-1991-06-16.jpg,"Gert Schaumlöffel, Germany","Joe Jackson (vocals, keyboards) ; Graham Maby (bass) ; Dan Hickey (drums) ; Tom Teeley (guitar) ; Sue Hadjopoulos (percussion)",,0.0,https://www.setlist.fm/setlist/joe-jackson/1991/beethoven-saal-stuttgart-germany-23fe90ab.html,,,https://www.setlist.fm/setlist/joe-jackson/1991/beethoven-saal-stuttgart-germany-23fe90ab.html,tour-1991-laughter-lust,1990 / 1991 * Laughter & Lust Tour,,,
TICKET_0148,SHOW_1991-06-17_MNCHENMUNICH,1991-06-17,München (Munich),Germany,Circus Krone,tickets,kk-joe-jackson-1991-06-17.jpg,"Robert Keller, Germany","Joe Jackson (vocals, keyboards) ; Graham Maby (bass) ; Dan Hickey (drums) ; Tom Teeley (guitar) ; Sue Hadjopoulos (percussion)",,0.0,https://www.setlist.fm/setlist/joe-jackson/1991/circus-krone-munich-germany-3bfe90a8.html,,,https://www.setlist.fm/setlist/joe-jackson/1991/circus-krone-munich-germany-3bfe90a8.html,tour-1991-laughter-lust,1990 / 1991 * Laughter & Lust Tour,,,
TICKET_0149,SHOW_1991-06-23_TOULOUSE,1991-06-23,Toulouse,France,Palais des Sports,tickets,kk-joe-jackson-1991-06-23.jpg,"Gert Schaumlöffel, Germany","Joe Jackson (vocals, keyboards) ; Graham Maby (bass) ; Dan Hickey (drums) ; Tom Teeley (guitar) ; Sue Hadjopoulos (percussion)","Steppin' Out, Right and Wrong, It's Different for Girls, Got the Time, Obvious Song, When You're Not Around, You Can't Get What You Want (Till You Know What You Want), Another World, Goin' Downtown, Fifty Dollar Love Affair, The Other Me, Real Men, Rant and Rave, Nineteen Forever, Oh Well (cover of Fleetwood Mac), Jamie G., One More Time, Stranger Than Fiction, I'm the Man, A Slow Song",20.0,https://www.setlist.fm/setlist/joe-jackson/1991/palais-des-sports-toulouse-france-6bf4965a.html,,,https://www.setlist.fm/setlist/joe-jackson/1991/palais-des-sports-toulouse-france-6bf4965a.html,tour-1991-laughter-lust,1990 / 1991 * Laughter & Lust Tour,,,
TICKET_0150,SHOW_1991-06-28_NICE,1991-06-28,Nice,France,Théatre de Verdure,tickets,kk-gs-joe-jackson-1991-06-28.jpg,"Gert Schaumlöffel, Germany","Joe Jackson (vocals, keyboards) ; Graham Maby (bass) ; Dan Hickey (drums) ; Tom Teeley (guitar) ; Sue Hadjopoulos (percussion)",,0.0,https://www.setlist.fm/setlist/joe-jackson/1991/theatre-de-verdure-nice-france-5bfe937c.html,,,https://www.setlist.fm/setlist/joe-jackson/1991/theatre-de-verdure-nice-france-5bfe937c.html,tour-1991-laughter-lust,1990 / 1991 * Laughter & Lust Tour,,,
TICKET_0151,SHOW_1991-06-29_BELFORT,1991-06-29,Belfort,France,Eurockéennes Festival,tickets,kk-joe-jackson-1991-06-29.jpg,"Steve Whitbread, U.K.","Joe Jackson (vocals, keyboards) ; Graham Maby (bass) ; Dan Hickey (drums) ; Tom Teeley (guitar) ; Sue Hadjopoulos (percussion)",,0.0,https://www.setlist.fm/setlist/joe-jackson/1991/presquile-de-malsaucy-belfort-france-5bfe9374.html,,,https://www.setlist.fm/setlist/joe-jackson/1991/presquile-de-malsaucy-belfort-france-5bfe9374.html,tour-1991-laughter-lust,1990 / 1991 * Laughter & Lust Tour,,,
TICKET_0152,SHOW_1991-07-10_ATLANTA,1991-07-10,Atlanta,GA,Fabulous Fox Thratre,tickets,kk-joe-jackson-1991-07-10.jpg,"Gert Schaumlöffel, Germany","Joe Jackson (vocals, keyboards) ; Graham Maby (bass) ; Dan Hickey (drums) ; Tom Teeley (guitar) ; Sue Hadjopoulos (percussion)","Steppin' Out, It's Different for Girls, Got the Time, Obvious Song, Goin' Downtown, Right and Wrong, Fools in Love, Stranger Than Fiction, Another World, Look Sharp!, The Other Me, Real Men, Rant and Rave, Nineteen Forever, Oh Well (cover of Fleetwood Mac), Jamie G., One More Time, [Encore 1], I'm the Man, A Slow Song",19.0,https://www.setlist.fm/setlist/joe-jackson/1991/fox-theatre-atlanta-ga-3b973c60.html,,,https://www.setlist.fm/setlist/joe-jackson/1991/fox-theatre-atlanta-ga-3b973c60.html,tour-1991-laughter-lust,1990 / 1991 * Laughter & Lust Tour,,,
TICKET_0153,SHOW_1991-07-21_LOWELL,1991-07-21,Lowell,MA,Lowell Memorial Auditorium,tickets,kk-joe-jackson-1991-07-21.jpg,"Ken Van Tassell, U.S.A.","Joe Jackson (vocals, keyboards) ; Graham Maby (bass) ; Dan Hickey (drums) ; Tom Teeley (guitar) ; Sue Hadjopoulos (percussion)",,0.0,https://www.setlist.fm/setlist/joe-jackson/1991/lowell-memorial-auditorium-lowell-ma-4bfe93e2.html,,,https://www.setlist.fm/setlist/joe-jackson/1991/lowell-memorial-auditorium-lowell-ma-4bfe93e2.html,tour-1991-laughter-lust,1990 / 1991 * Laughter & Lust Tour,,,
TICKET_0154,SHOW_1991-07-23_MONTREAL,1991-07-23,Montreal,Canada,Théâtre St-Denis,tickets,kk-joe-jackson-1991-07-23.jpg,"Jason Glazer, Canada","Joe Jackson (vocals, keyboards) ; Graham Maby (bass) ; Dan Hickey (drums) ; Tom Teeley (guitar) ; Sue Hadjopoulos (percussion)",,0.0,https://www.setlist.fm/setlist/joe-jackson/1991/theatre-st-denis-montreal-qc-canada-5bfe93e0.html,,,https://www.setlist.fm/setlist/joe-jackson/1991/theatre-st-denis-montreal-qc-canada-5bfe93e0.html,tour-1991-laughter-lust,1990 / 1991 * Laughter & Lust Tour,,,
TICKET_0155,SHOW_1991-07-27_CHICAGO,1991-07-27,Chicago,IL,Chicago Theatre,tickets,kk-joe-jackson-1991-07-27.jpg,"Gert Schaumlöffel, Germany","Joe Jackson (vocals, keyboards) ; Graham Maby (bass) ; Dan Hickey (drums) ; Tom Teeley (guitar) ; Sue Hadjopoulos (percussion)",,0.0,https://www.setlist.fm/setlist/joe-jackson/1991/the-chicago-theatre-chicago-il-5bd98768.html,,,https://www.setlist.fm/setlist/joe-jackson/1991/the-chicago-theatre-chicago-il-5bd98768.html,tour-1991-laughter-lust,1990 / 1991 * Laughter & Lust Tour,,,
TICKET_0156,SHOW_1991-07-28_CHICAGO,1991-07-28,Chicago,IL,Chicago Theatre,tickets,"kk-joe-jackson-1991-07-28.jpg, kk-joe-jackson-1991-07-28-2.jpg","Judd Nissen, U.S.A.","Joe Jackson (vocals, keyboards) ; Graham Maby (bass) ; Dan Hickey (drums) ; Tom Teeley (guitar) ; Sue Hadjopoulos (percussion)","Steppin' Out, It's Different for Girls, Got the Time, Obvious Song, When You're Not Around, Fools in Love, Down to London, It’s All Too Much, Look Sharp!, The Other Me, My House, Home Town, Right and Wrong, Rant and Rave, Nineteen Forever, Oh Well (cover of Fleetwood Mac), Jamie G., One More Time, [Encore 1], Stranger Than Fiction, I'm the Man, [Encore 2], A Slow Song",21.0,https://www.setlist.fm/setlist/joe-jackson/1991/the-chicago-theatre-chicago-il-4bd9876e.html,,,https://www.setlist.fm/setlist/joe-jackson/1991/the-chicago-theatre-chicago-il-4bd9876e.html,tour-1991-laughter-lust,1990 / 1991 * Laughter & Lust Tour,,,
TICKET_0157,SHOW_1991-08-03_BERKELEY,1991-08-03,Berkeley,CA,Greek Theatre (open air),tickets,"kk-gs-joe-jackson-1991-08-03.jpg, kk-joe-jackson-1991-08-03.jpg, tt_Greek_Theather_1991_08_03.jpg","Gert Schaumlöffel, Germany","Joe Jackson (vocals, keyboards) ; Graham Maby (bass) ; Dan Hickey (drums) ; Tom Teeley (guitar) ; Sue Hadjopoulos (percussion)","Steppin' Out, It's Different for Girls, Got the Time, Obvious Song, Goin' Downtown, Fools in Love, Hit Single, Chinatown, Another World, Look Sharp!, The Other Me, Real Men, Right and Wrong, Rant and Rave, Nineteen Forever, Oh Well (cover of Fleetwood Mac), Jamie G., One More Time, [Encore 1], Stranger Than Fiction, I'm the Man, A Slow Song",21.0,https://www.setlist.fm/setlist/joe-jackson/1991/william-randolph-hearst-greek-theatre-berkeley-ca-53fce375.html,,,https://www.setlist.fm/setlist/joe-jackson/1991/william-randolph-hearst-greek-theatre-berkeley-ca-53fce375.html,tour-1990-1991-laughter-lust-tour,1990 / 1991 * Laughter & Lust Tour,,,
TICKET_0158,SHOW_1991-08-06_UNIVERSALCITY,1991-08-06,Universal City,CA,Universal Amphitheatre,tickets,kk-joe-jackson-1991-08-06.jpg,"Gert Schaumlöffel, Germany","Joe Jackson (vocals, keyboards) ; Graham Maby (bass) ; Dan Hickey (drums) ; Tom Teeley (guitar) ; Sue Hadjopoulos (percussion)","Steppin' Out, It's Different for Girls, Got the Time, Obvious Song, Goin' Downtown, Fools in Love, Hit Single, You Can't Get What You Want (Till You Know What You Want), Another World, Look Sharp!, Fifty Dollar Love Affair, The Other Me, Real Men, Right and Wrong, Rant and Rave, Nineteen Forever, Oh Well (cover of Fleetwood Mac), Jamie G., One More Time, Stranger Than Fiction, I'm the Man, A Slow Song",22.0,https://www.setlist.fm/setlist/joe-jackson/1991/universal-amphitheatre-universal-city-ca-2beb0c72.html,,,https://www.setlist.fm/setlist/joe-jackson/1991/universal-amphitheatre-universal-city-ca-2beb0c72.html,tour-1991-laughter-lust,1990 / 1991 * Laughter & Lust Tour,,,
TICKET_0159,SHOW_1991-08-07_HOLLYWOOD,1991-08-07,Hollywood,CA,Roxy Theatre,tickets,kk-joe-jackson-1991-08-07.jpg,"Gert Schaumlöffel, Germany","Joe Jackson (vocals, keyboards) ; Graham Maby (bass) ; Dan Hickey (drums) ; Tom Teeley (guitar) ; Sue Hadjopoulos (percussion)",,0.0,https://www.setlist.fm/setlist/joe-jackson/1991/the-roxy-west-hollywood-ca-b96714e.html,,,https://www.setlist.fm/setlist/joe-jackson/1991/the-roxy-west-hollywood-ca-b96714e.html,tour-1991-laughter-lust,1990 / 1991 * Laughter & Lust Tour,,,
TICKET_0160,SHOW_1991-01-01_JOHNNYMAN,1991-07-21,,,,passes,"kk-jn-08.jpg, kk-joe-jackson-1991-3.jpg, kk-gs-joe-jackson-1991-07-21.jpg, kk-joe-jackson-1991-4.jpg, kk-joe-jackson-1991-1.jpg, kk-joe-jackson-1991-2.jpg","Gert Schaumlöffel, Germany","Joe Jackson (vocals, keyboards) ; Graham Maby (bass) ; Dan Hickey (drums) ; Tom Teeley (guitar) ; Sue Hadjopoulos (percussion)",,0.0,,,,https://www.setlist.fm/setlist/joe-jackson/1991/lowell-memorial-auditorium-lowell-ma-4bfe93e2.html,tour-1990-1991-laughter-lust-tour,1990 / 1991 * Laughter & Lust Tour,,,
TICKET_0161,SHOW_2016-02-05_DUBLIN,2016-02-05,Dublin,Ireland,Olympia Theatre,tickets,kk-joe-jackson-2016-02-05.jpg,"Gert Schaumlöffel, Germany","Joe Jackson (vocals, keyboards) ; Graham Maby (bass, vocals) ; Teddy Kumpel (guitar, vocals) ; Doug Yowell (drums, vocals)","It's Different for Girls, Home Town, Be My Number Two, Big Yellow Taxi (cover of Joni Mitchell), Fast Forward, Is She Really Going Out With Him?, [Set 2], Real Men, You Can't Get What You Want (Till You Know What You Want), A Little Smile, Kings of the City, Poor Thing, The Blue Time, Obvious Song, Another World, Sunday Papers, Keep On Dreaming, Ode to Joy, Steppin' Out, [Encore 1], Scary Monsters (and Super Creeps) (cover of David Bowie), One More Time, A Slow Song",21.0,https://www.setlist.fm/setlist/joe-jackson/2016/olympia-theatre-dublin-ireland-3f33dff.html,,,https://www.setlist.fm/setlist/joe-jackson/2016/olympia-theatre-dublin-ireland-3f33dff.html,tour-fast-forward-tour-2016,2016 * Fast Forward Tour,,,
TICKET_0162,SHOW_2016-02-08_GATESHEAD,2016-02-08,Gateshead,U.K.,The Sage,tickets,kk-joe-jackson-2016-02-08.jpg,"Gert Schaumlöffel, Germany","Joe Jackson (vocals, keyboards) ; Graham Maby (bass, vocals) ; Teddy Kumpel (guitar, vocals) ; Doug Yowell (drums, vocals)","It's Different for Girls, Be My Number Two, Home Town, Girl (cover of The Beatles), Fast Forward, [Set 2], Is She Really Going Out With Him?, Real Men, You Can't Get What You Want (Till You Know What You Want), Junkie Diva, Kings of the City, A Little Smile, Another World, The Blue Time, Obvious Song, Sunday Papers, Keep On Dreaming, Ode to Joy, Steppin' Out, [Set 3], It Don't Mean a Thing (If It Ain't Got That Swing) (cover of Duke Ellington and His Orchestra), One More Time, A Slow Song",21.0,https://www.setlist.fm/setlist/joe-jackson/2016/sage-gateshead-gateshead-england-73f332a9.html,,,https://www.setlist.fm/setlist/joe-jackson/2016/sage-gateshead-gateshead-england-73f332a9.html,tour-fast-forward-tour-2016,2016 * Fast Forward Tour,,,
TICKET_0163,SHOW_2016-02-11_BIRMINGHAM,2016-02-11,Birmingham,U.K.,O2 Institute,tickets,kk-joe-jackson-2016-02-11.jpg,"Mike Baggaley, U.K.","Joe Jackson (vocals, keyboards) ; Graham Maby (bass, vocals) ; Teddy Kumpel (guitar, vocals) ; Doug Yowell (drums, vocals)","It's Different for Girls, Home Town, Be My Number Two, Big Yellow Taxi (cover of Joni Mitchell), Fast Forward, Is She Really Going Out With Him?, Real Men, You Can't Get What You Want (Till You Know What You Want), Kings of the City, A Little Smile, Neon Rain, Love at First Light (cover of Joe Jackson Band), Another World, Sunday Papers, See No Evil (cover of Television), Keep On Dreaming, Ode to Joy, Steppin' Out, [Encore 1], It Don't Mean a Thing (If It Ain't Got That Swing) (cover of Duke Ellington and His Orchestra), One More Time, A Slow Song",21.0,https://www.setlist.fm/setlist/joe-jackson/2016/o2-institute-birmingham-england-7bf31e20.html,,,https://www.setlist.fm/setlist/joe-jackson/2016/o2-institute-birmingham-england-7bf31e20.html,tour-fast-forward-tour-2016,2016 * Fast Forward Tour,,,
TICKET_0164,SHOW_2016-02-13_LONDON,2016-02-13,London,U.K.,Palladium,tickets,kk-joe-jackson-2016-02-13.jpg,"Stefan Kunze, Germany","Joe Jackson (vocals, keyboards) ; Graham Maby (bass, vocals) ; Teddy Kumpel (guitar, vocals) ; Doug Yowell (drums, vocals)","It's Different for Girls, Home Town, Be My Number Two, Big Yellow Taxi (cover of Joni Mitchell), Fast Forward, Is She Really Going Out With Him?, Real Men, You Can't Get What You Want (Till You Know What You Want), A Little Smile, Kings of the City, Poor Thing, Another World, The Blue Time, Scary Monsters (and Super Creeps) (cover of David Bowie), Sunday Papers, Keep On Dreaming, Ode to Joy, Steppin' Out, [Encore 1], See No Evil (cover of Television), One More Time, A Slow Song",21.0,https://www.setlist.fm/setlist/joe-jackson/2016/london-palladium-london-england-63f31217.html,,,https://www.setlist.fm/setlist/joe-jackson/2016/london-palladium-london-england-63f31217.html,tour-fast-forward-tour-2016,2016 * Fast Forward Tour,,,
TICKET_0165,SHOW_2016-02-15_ESSEN,2016-02-15,Essen,Germany,Lichtburg,tickets,"kk-joe-jackson-2016-02-15.jpg, kk-joe-jackson-2016-02-15-2.jpg","Gert Schaumlöffel, Germany","Joe Jackson (vocals, keyboards) ; Graham Maby (bass, vocals) ; Teddy Kumpel (guitar, vocals) ; Doug Yowell (drums, vocals)","It's Different for Girls, Home Town, Be My Number Two, Big Yellow Taxi (cover of Joni Mitchell), Fast Forward, Is She Really Going Out With Him?, Real Men, You Can't Get What You Want (Till You Know What You Want), Kings of the City, Poor Thing, The Blue Time, Another World, A Little Smile, Scary Monsters (and Super Creeps) (cover of David Bowie), Sunday Papers, Keep On Dreaming, Ode to Joy, Steppin' Out, [Encore 1], See No Evil (cover of Television), One More Time, A Slow Song",21.0,https://www.setlist.fm/setlist/joe-jackson/2016/lichtburg-essen-germany-43f36f43.html,,,https://www.setlist.fm/setlist/joe-jackson/2016/lichtburg-essen-germany-43f36f43.html,tour-fast-forward-tour-2016,2016 * Fast Forward Tour,,,
TICKET_0166,SHOW_2016-02-18_PARIS,2016-02-18,Paris,France,L'Olympia,tickets,kk-joe-jackson-2016-02-18-op.jpg,"Olivier Popincourt, France","Joe Jackson (vocals, keyboards) ; Graham Maby (bass, vocals) ; Teddy Kumpel (guitar, vocals) ; Doug Yowell (drums, vocals)","It's Different for Girls, Home Town, Be My Number Two, Big Yellow Taxi (cover of Joni Mitchell), Fast Forward, Is She Really Going Out With Him?, Real Men, You Can't Get What You Want (Till You Know What You Want), If It Wasn't for You, Kings of the City, A Little Smile, Another World, The Blue Time, Scary Monsters (and Super Creeps) (cover of David Bowie), Sunday Papers, Keep On Dreaming, Ode to Joy, Steppin' Out, [Encore 1], See No Evil (cover of Television), One More Time, A Slow Song",21.0,https://www.setlist.fm/setlist/joe-jackson/2016/lolympia-bruno-coquatrix-paris-france-53f367d9.html,,,https://www.setlist.fm/setlist/joe-jackson/2016/lolympia-bruno-coquatrix-paris-france-53f367d9.html,tour-fast-forward-tour-2016,2016 * Fast Forward Tour,,,
TICKET_0167,SHOW_2016-02-21_GRONINGEN,2016-02-21,Groningen,Netherlands,"De Oosterpoort, Grote Zaal",tickets,kk-joe-jackson-2016-02-21.jpg,"Bert Bos, Netherlands","Joe Jackson (vocals, keyboards) ; Graham Maby (bass, vocals) ; Teddy Kumpel (guitar, vocals) ; Doug Yowell (drums, vocals)","It's Different for Girls, Home Town, Be My Number Two, Big Yellow Taxi (cover of Joni Mitchell), Fast Forward, [Set 2], Is She Really Going Out With Him?, Real Men, You Can't Get What You Want (Till You Know What You Want), A Little Smile, Kings of the City, If It Wasn't for You, Chinatown, Love at First Light (cover of Joe Jackson Band), Peter Gunn (cover of Henry Mancini), Sunday Papers, Keep On Dreaming, Ode to Joy, Steppin' Out, [Encore 1], See No Evil (cover of Television), One More Time, A Slow Song",21.0,https://www.setlist.fm/setlist/joe-jackson/2016/de-oosterpoort-groningen-netherlands-73f35aa5.html,,,https://www.setlist.fm/setlist/joe-jackson/2016/de-oosterpoort-groningen-netherlands-73f35aa5.html,tour-fast-forward-tour-2016,2016 * Fast Forward Tour,,,
TICKET_0168,SHOW_2016-02-22_BRUSSELS,2016-02-22,Brussels,Belgium,Ancienne Belgique,tickets,"kk-joe-jackson-2016-02-22.jpg, kk-joe-jackson-2016-02-22-op.jpg","Olivier Popincourt, France","Joe Jackson (vocals, keyboards) ; Graham Maby (bass, vocals) ; Teddy Kumpel (guitar, vocals) ; Doug Yowell (drums, vocals)","It's Different for Girls, Home Town, Be My Number Two, Big Yellow Taxi (cover of Joni Mitchell), Fast Forward, [Set 2], Is She Really Going Out With Him?, Real Men, You Can't Get What You Want (Till You Know What You Want), A Little Smile, Kings of the City, Poor Thing, Another World, The Blue Time, Knowing Me, Knowing You (cover of ABBA), Sunday Papers, Keep On Dreaming, Ode to Joy, Steppin' Out, [Encore 1], See No Evil (cover of Television), One More Time, A Slow Song",22.0,https://www.setlist.fm/setlist/joe-jackson/2016/ancienne-belgique-brussels-belgium-63f35aa7.html,,,https://www.setlist.fm/setlist/joe-jackson/2016/ancienne-belgique-brussels-belgium-63f35aa7.html,tour-fast-forward-tour-2016,2016 * Fast Forward Tour,,,
TICKET_0169,SHOW_2016-02-23_LILLE,2016-02-23,Lille,France,Théâtre Sébastopol,tickets,kk-joe-jackson-2016-02-23.jpg,"Claude Chantemarque, France","Joe Jackson (vocals, keyboards) ; Graham Maby (bass, vocals) ; Teddy Kumpel (guitar, vocals) ; Doug Yowell (drums, vocals)",,0.0,https://www.setlist.fm/setlist/joe-jackson/2016/theatre-sebastopol-lille-france-bf34d46.html,,,https://www.setlist.fm/setlist/joe-jackson/2016/theatre-sebastopol-lille-france-bf34d46.html,tour-fast-forward-tour-2016,2016 * Fast Forward Tour,,,
TICKET_0170,SHOW_2016-02-25_NIJMEGEN,2016-02-25,Nijmegen,Netherlands,De Vereeniging Grote Zaal,tickets,kk-joe-jackson-2016-02-25.jpg,"Gert Schaumlöffel, Germany","Joe Jackson (vocals, keyboards) ; Graham Maby (bass, vocals) ; Teddy Kumpel (guitar, vocals) ; Doug Yowell (drums, vocals)","It's Different for Girls, Home Town, Be My Number Two, Big Yellow Taxi (cover of Joni Mitchell), Fast Forward, [Set 2], Is She Really Going Out With Him?, Real Men, You Can't Get What You Want (Till You Know What You Want), A Little Smile, Kings of the City, Poor Thing, Another World, The Blue Time, It Don't Mean a Thing (If It Ain't Got That Swing) (cover of Duke Ellington and His Orchestra), Sunday Papers, Keep On Dreaming, Ode to Joy, Steppin' Out, [Encore 1], See No Evil (cover of Television), One More Time, A Slow Song",21.0,https://www.setlist.fm/setlist/joe-jackson/2016/de-vereeniging-nijmegen-netherlands-4bf343ee.html,,,https://www.setlist.fm/setlist/joe-jackson/2016/de-vereeniging-nijmegen-netherlands-4bf343ee.html,tour-fast-forward-tour-2016,2016 * Fast Forward Tour,,,
TICKET_0171,SHOW_2016-02-26_AMSTERDAM,2016-02-26,Amsterdam,Netherlands,Theater Carr,tickets,"kk-joe-jackson-2016-02-26.jpg, kk-joe-jackson-2016-02-26-2.jpg","Hans Gordijn, Netherlands","Joe Jackson (vocals, keyboards) ; Graham Maby (bass, vocals) ; Teddy Kumpel (guitar, vocals) ; Doug Yowell (drums, vocals)","It's Different for Girls, Home Town, Be My Number Two, Big Yellow Taxi (cover of Joni Mitchell), Fast Forward, [Set 2], Is She Really Going Out With Him?, Real Men, You Can't Get What You Want (Till You Know What You Want), A Little Smile, Kings of the City, Poor Thing, Another World, The Blue Time, Scary Monsters (and Super Creeps) (cover of David Bowie), Sunday Papers, Keep On Dreaming, Ode to Joy, Steppin' Out, [Encore 1], See No Evil (cover of Television), On Your Radio, A Slow Song",21.0,https://www.setlist.fm/setlist/joe-jackson/2016/koninklijk-theater-carre-amsterdam-netherlands-3f0b977.html,,,https://www.setlist.fm/setlist/joe-jackson/2016/koninklijk-theater-carre-amsterdam-netherlands-3f0b977.html,tour-fast-forward-tour-2016,2016 * Fast Forward Tour,,,
TICKET_0172,SHOW_2016-02-27_AMSTERDAM,2016-02-27,Amsterdam,Netherlands,Theater Carr,tickets,kk-joe-jackson-2016-02-27.jpg,"Hans Dessauvagie, Netherlands","Joe Jackson (vocals, keyboards) ; Graham Maby (bass, vocals) ; Teddy Kumpel (guitar, vocals) ; Doug Yowell (drums, vocals)","It's Different for Girls, Home Town, Be My Number Two, Life on Mars? (cover of David Bowie), Fast Forward, [Set 2], Is She Really Going Out With Him?, Real Men, You Can't Get What You Want (Till You Know What You Want), A Little Smile, Kings of the City, Junkie Diva, Neon Rain, Chinatown, Love at First Light (cover of Joe Jackson Band), Fairy Dust (cover of Joe Jackson Band), Sunday Papers, Keep On Dreaming, Ode to Joy, Steppin' Out, [Encore 1], Peter Gunn (cover of Henry Mancini), One More Time, A Slow Song",22.0,https://www.setlist.fm/setlist/joe-jackson/2016/koninklijk-theater-carre-amsterdam-netherlands-13f0b1bd.html,,,https://www.setlist.fm/setlist/joe-jackson/2016/koninklijk-theater-carre-amsterdam-netherlands-13f0b1bd.html,tour-fast-forward-tour-2016,2016 * Fast Forward Tour,,,
TICKET_0173,SHOW_2016-03-01_FRANKFURT,2016-03-01,Frankfurt,Germany,Alte Oper,tickets,kk-joe-jackson-2016-03-01.jpg,"Klaus Scherer, Germany","Joe Jackson (vocals, keyboards) ; Graham Maby (bass, vocals) ; Teddy Kumpel (guitar, vocals) ; Doug Yowell (drums, vocals)","It's Different for Girls, Home Town, Be My Number Two, Take It Like a Man (cover of Joe Jackson Band), Girl (cover of The Beatles), Fast Forward, [Set 2], Is She Really Going Out With Him?, [Set 3], Real Men, You Can't Get What You Want (Till You Know What You Want), A Little Smile, Kings of the City, Poor Thing, Chinatown, Love at First Light (cover of Joe Jackson Band), Knowing Me, Knowing You (cover of ABBA), Sunday Papers, Keep On Dreaming, Ode to Joy, Steppin' Out, [Set 4], One More Time, A Slow Song",22.0,https://www.setlist.fm/setlist/joe-jackson/2016/alte-oper-frankfurt-germany-4bf0a34a.html,,,https://www.setlist.fm/setlist/joe-jackson/2016/alte-oper-frankfurt-germany-4bf0a34a.html,tour-fast-forward-tour-2016,2016 * Fast Forward Tour,,,
TICKET_0174,SHOW_2016-03-07_ROME,2016-03-07,Rome,Italy,Teatro Brancaccio,tickets,kk-joe-jackson-2016-03-07.jpg,"Roberto Palumbo, Italy","Joe Jackson (vocals, keyboards) ; Graham Maby (bass, vocals) ; Teddy Kumpel (guitar, vocals) ; Doug Yowell (drums, vocals)","It's Different for Girls, Home Town, Be My Number Two, Life on Mars? (cover of David Bowie), Fast Forward, Is She Really Going Out With Him?, Real Men, You Can't Get What You Want (Till You Know What You Want), A Little Smile, If It Wasn't for You, Another World, The Blue Time, Knowing Me, Knowing You (cover of ABBA), Sunday Papers, Neon Rain, Keep On Dreaming, Ode to Joy, Steppin' Out, [Encore 1], One More Time, A Slow Song",21.0,https://www.setlist.fm/setlist/joe-jackson/2016/teatro-brancaccio-rome-italy-13f0f965.html,,,https://www.setlist.fm/setlist/joe-jackson/2016/teatro-brancaccio-rome-italy-13f0f965.html,tour-fast-forward-tour-2016,2016 * Fast Forward Tour,,,
TICKET_0175,SHOW_2016-03-08_MILAN,2016-03-08,Milan,Italy,Teatro Dal Verme,tickets,kk-joe-jackson-2016-03-08.jpg,"Giulio Cardini, Italy","Joe Jackson (vocals, keyboards) ; Graham Maby (bass, vocals) ; Teddy Kumpel (guitar, vocals) ; Doug Yowell (drums, vocals)","It's Different for Girls, Home Town, Take It Like a Man (cover of Joe Jackson Band), Be My Number Two, Big Yellow Taxi (cover of Joni Mitchell), Fast Forward, Is She Really Going Out With Him?, Real Men, You Can't Get What You Want (Till You Know What You Want), A Little Smile, Kings of the City, Poor Thing, Another World, The Blue Time, Scary Monsters (and Super Creeps) (cover of David Bowie), Sunday Papers, Keep On Dreaming, Ode to Joy, Steppin' Out, See No Evil (cover of Television), One More Time, A Slow Song",22.0,https://www.setlist.fm/setlist/joe-jackson/2016/teatro-dal-verme-milan-italy-2bf0f4b6.html,,,https://www.setlist.fm/setlist/joe-jackson/2016/teatro-dal-verme-milan-italy-2bf0f4b6.html,tour-fast-forward-tour-2016,2016 * Fast Forward Tour,,,
TICKET_0176,SHOW_2016-03-10_MARSEILLE,2016-03-10,Marseille,France,Le Silo,tickets,kk-joe-jackson-2016-03-10.jpg,"Linda Grijn, Netherlands","Joe Jackson (vocals, keyboards) ; Graham Maby (bass, vocals) ; Teddy Kumpel (guitar, vocals) ; Doug Yowell (drums, vocals)",,0.0,https://www.setlist.fm/setlist/joe-jackson/2016/le-silo-marseille-france-73f0ead5.html,,,https://www.setlist.fm/setlist/joe-jackson/2016/le-silo-marseille-france-73f0ead5.html,tour-fast-forward-tour-2016,2016 * Fast Forward Tour,,,
TICKET_0177,SHOW_2016-03-13_EINDHOVEN,2016-03-13,Eindhoven,Netherlands,Muziekgebouw,tickets,kk-joe-jackson-2016-03-13.jpg,"Barnie Rupprecht, Germany","Joe Jackson (vocals, keyboards) ; Graham Maby (bass, vocals) ; Teddy Kumpel (guitar, vocals) ; Doug Yowell (drums, vocals)","It's Different for Girls, Home Town, Be My Number Two, Big Yellow Taxi (cover of Joni Mitchell), Fast Forward, Is She Really Going Out With Him?, Real Men, You Can't Get What You Want (Till You Know What You Want), Junkie Diva, Kings of the City, A Little Smile, Another World, Love at First Light (cover of Joe Jackson Band), Fairy Dust (cover of Joe Jackson Band), Sunday Papers, Keep On Dreaming, Ode to Joy, Steppin' Out, [Encore 1], Peter Gunn (cover of Henry Mancini), One More Time, A Slow Song",21.0,https://www.setlist.fm/setlist/joe-jackson/2016/muziekcentrum-frits-philips-eindhoven-netherlands-73f0ce15.html,,,https://www.setlist.fm/setlist/joe-jackson/2016/muziekcentrum-frits-philips-eindhoven-netherlands-73f0ce15.html,tour-fast-forward-tour-2016,2016 * Fast Forward Tour,,,
TICKET_0178,SHOW_2016-03-15_HAMBURG,2016-03-15,Hamburg,Germany,Fabrik,tickets,"kk-joe-jackson-2016-03-15.jpg, kk-joe-jackson-2016-03-15-2.jpg","Thomas Collin, Germany","Joe Jackson (vocals, keyboards) ; Graham Maby (bass, vocals) ; Teddy Kumpel (guitar, vocals) ; Doug Yowell (drums, vocals)","It's Different for Girls (Joe Jackson joking: ""I am the Support Act... the Band will follow later!""), Home Town, Be My Number Two, Big Yellow Taxi (cover of Joni Mitchell), Fast Forward (Played with a Drum Loop!), [Set 2], Is She Really Going Out With Him? (After the line ""Look over there"" the audienced blasted the Musicians away with a very loud ""Where?""), [Set 3], Real Men (Drummer and Guitarist join in!), You Can't Get What You Want (Till You Know What You Want), A Little Smile (This 1 and following 2 Songs had been announced as a Song-Sandwich: Amsterdam-New York-Amsterdam), Kings of the City (Again Use of the Drum Loop!), Poor Thing, Another World, The Blue Time, Sunday Papers, Neon Rain, Keep On Dreaming, Ode to Joy, Steppin' Out, [Encore 1], It Don't Mean a Thing (If It Ain't Got That Swing) (cover of Duke Ellington and His Orchestra), One More Time (Followed by Band Introduction!), A Slow Song (During the Song first Drummer, second Guitarist, third Bassist leaves the Stage!)",23.0,https://www.setlist.fm/setlist/joe-jackson/2016/fabrik-hamburg-germany-53f0cbd1.html,,,https://www.setlist.fm/setlist/joe-jackson/2016/fabrik-hamburg-germany-53f0cbd1.html,tour-fast-forward-tour-2016,2016 * Fast Forward Tour,,,
TICKET_0179,SHOW_2016-03-16_BERLIN,2016-03-16,Berlin,Germany,Konzertsaal der Universität der Künste,tickets,kk-joe-jackson-2016-03-16.jpg,"Gert Schaumlöffel, Germany","Joe Jackson (vocals, keyboards) ; Graham Maby (bass, vocals) ; Teddy Kumpel (guitar, vocals) ; Doug Yowell (drums, vocals)","It's Different for Girls, Home Town, Take It Like a Man (cover of Joe Jackson Band), Be My Number Two, Big Yellow Taxi (cover of Joni Mitchell), Fast Forward, Is She Really Going Out With Him? (Graham Maby on bass joins in), [Set 2], Real Men (drummer Doug Yowell and guitarist Teddy Kumpel join in), You Can't Get What You Want (Till You Know What You Want), Kings of the City, A Little Smile, Another World, Junkie Diva, The Blue Time, Scary Monsters (and Super Creeps) (cover of David Bowie), Sunday Papers, Keep On Dreaming, Ode to Joy, Steppin' Out, [Encore 1], See No Evil (cover of Television), One More Time, A Slow Song (musicians leave one by one)",22.0,https://www.setlist.fm/setlist/joe-jackson/2016/universitat-der-kunste-konzertsaal-berlin-germany-33f0c061.html,,,https://www.setlist.fm/setlist/joe-jackson/2016/universitat-der-kunste-konzertsaal-berlin-germany-33f0c061.html,tour-fast-forward-tour-2016,2016 * Fast Forward Tour,,,
TICKET_0180,SHOW_2016-03-18_ROTTERDAM,2016-03-18,Rotterdam,Netherlands,Nieuwe Luxor Theater,tickets,kk-joe-jackson-2016-03-18.jpg,"Bert Bos, Netherlands","Joe Jackson (vocals, keyboards) ; Graham Maby (bass, vocals) ; Teddy Kumpel (guitar, vocals) ; Doug Yowell (drums, vocals)","It's Different for Girls, Home Town, Take It Like a Man (cover of Joe Jackson Band), Be My Number Two, Life on Mars? (cover of David Bowie), Fast Forward, [Set 2], Is She Really Going Out With Him?, [Set 3], Real Men (Drummer and Guitarist join in), You Can't Get What You Want (Till You Know What You Want), Kings of the City, A Little Smile, Another World, Neon Rain, The Blue Time, Knowing Me, Knowing You (from a note picked out of a top hat, cover of ABBA), Sunday Papers, Keep On Dreaming, Ode to Joy, Steppin' Out, [Encore 1], See No Evil (cover of Television), One More Time, A Slow Song (Musicians leave one by one)",24.0,https://www.setlist.fm/setlist/joe-jackson/2016/nieuwe-luxor-theater-rotterdam-netherlands-13f0355d.html,,,https://www.setlist.fm/setlist/joe-jackson/2016/nieuwe-luxor-theater-rotterdam-netherlands-13f0355d.html,tour-fast-forward-tour-2016,2016 * Fast Forward Tour,,,
TICKET_0181,SHOW_2016-02-15_2016,2016-02-15,,,,passes,kk-joe-jackson-2016-pass.jpg,"Gert Schaumlöffel, Germany","Joe Jackson (vocals, keyboards) ; Graham Maby (bass, vocals) ; Teddy Kumpel (guitar, vocals) ; Doug Yowell (drums, vocals)","It's Different for Girls, Home Town, Be My Number Two, Big Yellow Taxi (cover of Joni Mitchell), Fast Forward, Is She Really Going Out With Him?, Real Men, You Can't Get What You Want (Till You Know What You Want), Kings of the City, Poor Thing, The Blue Time, Another World, A Little Smile, Scary Monsters (and Super Creeps) (cover of David Bowie), Sunday Papers, Keep On Dreaming, Ode to Joy, Steppin' Out, [Encore 1], See No Evil (cover of Television), One More Time, A Slow Song",21.0,https://www.setlist.fm/setlist/joe-jackson/2016/lichtburg-essen-germany-43f36f43.html,,,https://www.setlist.fm/setlist/joe-jackson/2016/lichtburg-essen-germany-43f36f43.html,tour-fast-forward-tour-2016,2016 * Fast Forward Tour,,,
TICKET_0182,SHOW_2016-02-16_2016,2016-02-16,,,,passes,kk-joe-jackson-2016-backstage-2.jpg,"Gert Schaumlöffel, Germany","Joe Jackson (vocals, keyboards) ; Graham Maby (bass, vocals) ; Teddy Kumpel (guitar, vocals) ; Doug Yowell (drums, vocals)","It's Different for Girls, Home Town, Be My Number Two, Big Yellow Taxi (cover of Joni Mitchell), Fast Forward, [Set 2], Is She Really Going Out With Him?, Real Men, You Can't Get What You Want (Till You Know What You Want), If It Wasn't for You, Kings of the City, A Little Smile, Another World, Love at First Light (cover of Joe Jackson Band), Scary Monsters (and Super Creeps) (cover of David Bowie), Sunday Papers, Keep On Dreaming, Ode to Joy, Steppin' Out, [Encore 1], See No Evil (cover of Television), One More Time, A Slow Song",21.0,https://www.setlist.fm/setlist/joe-jackson/2016/volkshaus-zurich-switzerland-43f36ba7.html,,,https://www.setlist.fm/setlist/joe-jackson/2016/volkshaus-zurich-switzerland-43f36ba7.html,tour-fast-forward-tour-2016,2016 * Fast Forward Tour,,,
TICKET_0183,SHOW_2000-12-12_LOSANGELES,2000-12-12,Los Angeles,CA,Wiltern Theatre,tickets,kk-jw-03.jpg,"Jenniffer Woodson, U.S.A.","Joe Jackson (vocals, keyboards) ; Graham Maby (bass, vocals) ; Sue Hadjopoulos (percussion) ; Allison Cornell (violin, keyboards, vocals) ; Andy Ezrin (keyboards) ; Catherine Bent (cello) ; Robert Rodriguez (drums)","Prelude / Hell of a Town, You Can't Get What You Want (Till You Know What You Want), Happyland, Stranger Than You, Another World, Reelin' In the Years (cover of Steely Dan), Is She Really Going Out With Him?, Breaking Us in Two, Not Here, Not Now, Be My Number Two, Home Town, For No One (cover of The Beatles), You Can't Be Too Strong (cover of Graham Parker & The Rumour), It's Different for Girls, Love Got Lost, Real Men, Stranger Than Fiction, Dear Mom, Glamour and Pain, Target, Just Because..., Got the Time, Stay / Steppin' Out, [Encore 1], One More Time, A Slow Song",26.0,https://www.setlist.fm/setlist/joe-jackson/2000/wiltern-theatre-los-angeles-ca-bf4211e.html,,,https://www.setlist.fm/setlist/joe-jackson/2000/wiltern-theatre-los-angeles-ca-bf4211e.html,tour-night-day-ii-tour-2001,2001 * Night & Day II Tour,,,
TICKET_0184,SHOW_2000-12-16_BOSTON,2000-12-16,Boston,MA,Orpheum Theatre,tickets,kk-joe-jackson-2000-12-16.jpg,"Gert Schaumlöffel, Germany","Joe Jackson (vocals, keyboards) ; Graham Maby (bass, vocals) ; Sue Hadjopoulos (percussion) ; Allison Cornell (violin, keyboards, vocals) ; Andy Ezrin (keyboards) ; Catherine Bent (cello) ; Robert Rodriguez (drums)","Prelude / Hell of a Town, You Can't Get What You Want (Till You Know What You Want), Stranger Than You, Dear Mom, Another World, Reelin' In the Years (cover of Steely Dan), Breaking Us in Two, Not Here, Not Now, [Set 2], Home Town, Be My Number Two, For No One (cover of The Beatles), You Can't Be Too Strong (cover of Graham Parker & The Rumour), It's Different for Girls, [Set 3], Love Got Lost, Real Men, Glamour and Pain, Blaze of Glory, Nineteen Forever, Target, Just Because..., Got the Time, Stay / Steppin' Out, [Encore 1], One More Time, Stranger Than Fiction, A Slow Song",26.0,https://www.setlist.fm/setlist/joe-jackson/2000/orpheum-theatre-boston-ma-4bfce366.html,,,https://www.setlist.fm/setlist/joe-jackson/2000/orpheum-theatre-boston-ma-4bfce366.html,tour-night-day-ii-tour-2001,2001 * Night & Day II Tour,,,
TICKET_0185,SHOW_2000-12-18_TORONTO,2000-12-18,Toronto,Canada,Massey Hall,tickets,kk-joe-jackson-2000-12-18.jpg,"Gert Schaumlöffel, Germany","Joe Jackson (vocals, keyboards) ; Graham Maby (bass, vocals) ; Sue Hadjopoulos (percussion) ; Allison Cornell (violin, keyboards, vocals) ; Andy Ezrin (keyboards) ; Catherine Bent (cello) ; Robert Rodriguez (drums)","Prelude / Hell of a Town, You Can't Get What You Want (Till You Know What You Want), Happyland, Stranger Than You, Another World, Reelin' In the Years (cover of Steely Dan), Is She Really Going Out With Him?, Breaking Us in Two, For No One (cover of The Beatles), Drive-In Saturday (cover of David Bowie), It's Different for Girls, Love Got Lost, Real Men, Blaze of Glory, Stranger Than Fiction, Glamour and Pain, Target, Just Because..., Got the Time, Stay / Steppin' Out, [Encore 1], One More Time, A Slow Song",22.0,https://www.setlist.fm/setlist/joe-jackson/2000/massey-hall-toronto-on-canada-7be3b2e0.html,,,https://www.setlist.fm/setlist/joe-jackson/2000/massey-hall-toronto-on-canada-7be3b2e0.html,tour-night-day-ii-tour-2001,2001 * Night & Day II Tour,,,
TICKET_0186,SHOW_2000-12-20_NEWYORK,2000-12-20,New York,NY,,tickets,"kk-joe-jackson-2000-12-20.jpg, kk-joe-jackson-2000-12-20-2.jpg","Erica Eisner Kosova, U.S.A.","Joe Jackson (vocals, keyboards) ; Graham Maby (bass, vocals) ; Sue Hadjopoulos (percussion) ; Allison Cornell (violin, keyboards, vocals) ; Andy Ezrin (keyboards) ; Catherine Bent (cello) ; Robert Rodriguez (drums)","Prelude / Hell of a Town, You Can't Get What You Want (Till You Know What You Want), Happyland, Stranger Than You, Another World, Chinatown, Reelin' In the Years (cover of Steely Dan), Is She Really Going Out With Him?, Breaking Us in Two, [Set 2], Home Town, Be My Number Two, For No One (cover of The Beatles), Drive-In Saturday (cover of David Bowie), It's Different for Girls, Love Got Lost, Real Men, Blaze of Glory, Nineteen Forever, Glamour and Pain, Target, Just Because..., Got the Time, [Encore 1], Stay / Steppin' Out, [Encore 2], One More Time, A Slow Song",25.0,https://www.setlist.fm/setlist/joe-jackson/2000/beacon-theatre-new-york-ny-3bc32c4c.html,,,https://www.setlist.fm/setlist/joe-jackson/2000/beacon-theatre-new-york-ny-3bc32c4c.html,tour-night-day-ii-tour-2001,2001 * Night & Day II Tour,,,
TICKET_0187,SHOW_2000-01-01_20002001,,,,,passes,kk-joe-jackson-2000-pass.jpg,"Gert Schaumlöffel, Germany","Joe Jackson (vocals, keyboards) ; Graham Maby (bass, vocals) ; Sue Hadjopoulos (percussion) ; Allison Cornell (violin, keyboards, vocals) ; Andy Ezrin (keyboards) ; Catherine Bent (cello) ; Robert Rodriguez (drums)",,0.0,,,,,tour-2001-night-day-ii-tour,2001 * Night & Day II Tour,,,
TICKET_0188,SHOW_2017-05-31_FORTLAUDERDALE,2017-05-31,Fort Lauderdale,FL,Parker Playhouse,tickets,kk-joe-jackson-2017-05-31.jpg,"Lisa Caplan, U.S.A.","Joe Jackson (vocals, keyboards) ; Graham Maby (bass, vocals) ; Teddy Kumpel (guitar, vocals) ; Doug Yowell (drums, vocals)","It's Different for Girls (Solo Joe on Piano), Home Town (Solo Joe on piano), Be My Number Two (Solo Joe on piano), Big Yellow Taxi (cover of Joni Mitchell), Fast Forward (Solo Joe on piano), Is She Really Going Out With Him? (Joe and Graham), Real Men, You Can't Get What You Want (Till You Know What You Want), A Little Smile, Kings of the City, Poor Thing, Another World, Love at First Light (cover of Joe Jackson Band), Fabulously Absolute (New Song, First time performed), Sunday Papers, Keep On Dreaming, Ode to Joy, Steppin' Out, [Encore 1], Peter Gunn (cover of Henry Mancini), On Your Radio, A Slow Song",22.0,https://www.setlist.fm/setlist/joe-jackson/2017/parker-playhouse-fort-lauderdale-fl-7be70e50.html,,,https://www.setlist.fm/setlist/joe-jackson/2017/parker-playhouse-fort-lauderdale-fl-7be70e50.html,tour-tour-2017,2017 * Tour 2017,,,
TICKET_0189,SHOW_2017-06-02_ORLANDO,2017-06-02,Orlando,FL,The Plaza Live Theatre Orlando,tickets,kk-joe-jackson-2017-06-02.jpg,"Anne Wisniewski Brooks, U.S.A.","Joe Jackson (vocals, keyboards) ; Graham Maby (bass, vocals) ; Teddy Kumpel (guitar, vocals) ; Doug Yowell (drums, vocals)","It's Different for Girls (Joe solo), Home Town, Be My Number Two, Big Yellow Taxi (cover of Joni Mitchell), Fast Forward, Is She Really Going Out With Him? (Joe and Graham), Real Men, You Can't Get What You Want (Till You Know What You Want), Kings of the City, A Little Smile, Another World, Keep On Dreaming, Obvious Song, Dave (New song), Night by Night (cover of Steely Dan), Sunday Papers, Steppin' Out, [Encore 1], See No Evil (cover of Television), One More Time, A Slow Song",20.0,https://www.setlist.fm/setlist/joe-jackson/2017/the-plaza-theatre-orlando-fl-23e708bf.html,,,https://www.setlist.fm/setlist/joe-jackson/2017/the-plaza-theatre-orlando-fl-23e708bf.html,tour-tour-2017,2017 * Tour 2017,,,
TICKET_0190,SHOW_2017-06-08_MORRISTOWN,2017-06-08,Morristown,NJ,Mayo Performing Arts Center,tickets,kk-joe-jackson-2017-06-08-2.jpg,"Gert Schaumlöffel, Germany","Joe Jackson (vocals, keyboards) ; Graham Maby (bass, vocals) ; Teddy Kumpel (guitar, vocals) ; Doug Yowell (drums, vocals)","It's Different for Girls, Home Town, Be My Number Two, Big Yellow Taxi (cover of Joni Mitchell), Fast Forward, Is She Really Going Out With Him?, Real Men, You Can't Get What You Want (Till You Know What You Want), If It Wasn't for You, Kings of the City, A Little Smile, Another World, Johnny Was (cover of Bob Marley & The Wailers), Fabulously Absolute, Sunday Papers, Keep On Dreaming, Ode to Joy, Steppin' Out, [Encore 1], See No Evil (cover of Television), One More Time, A Slow Song",21.0,https://www.setlist.fm/setlist/joe-jackson/2017/mayo-performing-arts-center-morristown-nj-5be7536c.html,,,https://www.setlist.fm/setlist/joe-jackson/2017/mayo-performing-arts-center-morristown-nj-5be7536c.html,tour-tour-2017,2017 * Tour 2017,,,
TICKET_0191,SHOW_2017-06-09_WILMINGTON,2017-06-09,Wilmington,DE,The Grand Opera House,tickets,kk-joe-jackson-2017-06-09.jpg,"John Nyman, U.S.A.","Joe Jackson (vocals, keyboards) ; Graham Maby (bass, vocals) ; Teddy Kumpel (guitar, vocals) ; Doug Yowell (drums, vocals)","It's Different for Girls, Home Town, Be My Number Two, Girl (cover of The Beatles), Fast Forward, Is She Really Going Out With Him?, Real Men, You Can't Get What You Want (Till You Know What You Want), If It Wasn't for You, Kings of the City, A Little Smile, Another World, Strange Land, Night by Night (cover of Steely Dan), Sunday Papers, Keep On Dreaming, Ode to Joy, Steppin' Out, [Encore 1], On Your Radio, A Slow Song",20.0,https://www.setlist.fm/setlist/joe-jackson/2017/grand-opera-house-wilmington-de-73e76681.html,,,https://www.setlist.fm/setlist/joe-jackson/2017/grand-opera-house-wilmington-de-73e76681.html,tour-tour-2017,2017 * Tour 2017,,,
TICKET_0192,SHOW_1986-01-25_NEWYORKCITY,1986-01-25,New York City,NY,Roundabout Theatre,tickets,"kk-joe-jackson-1986-01-23.jpg, kk-joe-jackson-1986-01-24.jpg, kk-joe-jackson-1986-01-25-www.jpg, kk-joe-jackson-1986-01-23-1.jpg, kk-joe-jackson-1986-01-23-25.jpg","Sheva Golkow, David Baron, SCMusicman, U.S.A.","Joe Jackson (vocals, piano, accordion) ; Graham Maby (bass, vocals) ; Gary Burke (drums) ; Vinnie Zummo (guitars, vocals)",Soul Kiss,1.0,https://www.setlist.fm/setlist/joe-jackson/1986/roundabout-theater-new-york-ny-3bdc0008.html,,,https://www.setlist.fm/setlist/joe-jackson/1986/roundabout-theater-new-york-ny-3bdc0008.html,tour-1986-big-world,1986 * Big World Tour,,,incl. Announcement Leaflet and  Introductions for every seat
TICKET_0193,SHOW_1986-05-01_STOCKHOLM,1986-05-01,Stockholm,Sweden,Göta Lejon (Cinema),tickets,kk-mh-1.jpg,"Magnus Hjort, Sweden","Joe Jackson (vocals, piano, accordion) ; Graham Maby (bass, vocals) ; Gary Burke (drums) ; Vinnie Zummo (guitars, vocals)",,0.0,https://www.setlist.fm/setlist/joe-jackson/1986/gota-lejon-stockholm-sweden-338e8081.html,,,https://www.setlist.fm/setlist/joe-jackson/1986/gota-lejon-stockholm-sweden-338e8081.html,tour-1986-big-world,1986 * Big World Tour,,,
TICKET_0194,SHOW_1986-05-04_DSSELDORF,1986-05-04,Düsseldorf,Germany,Philipshalle,tickets,kk-joe-jackson-1986-05-04-2.jpg,"Oliver Pasch, Germany","Joe Jackson (vocals, piano, accordion) ; Graham Maby (bass, vocals) ; Gary Burke (drums) ; Vinnie Zummo (guitars, vocals)","One More Time, You Can't Get What You Want (Till You Know What You Want), Wild West, Right and Wrong, (It's a) Big World, Fools in Love, Chinatown, On Your Radio, Shanghai Sky, Cancer, Be My Number Two, Breaking Us in Two, Forty Years, Steppin' Out, Survival, Soul Kiss, It's Different for Girls, Home Town, The Jet Set, Sunday Papers (Monday Papers), Don't Wanna Be Like That, Tonight and Forever, [Encore 1], Jumpin' Jive (cover of Cab Calloway and His Orchestra), I'm the Man, Man in the Street",25.0,https://www.setlist.fm/setlist/joe-jackson/1986/philipshalle-dusseldorf-germany-2bfa7002.html,,,https://www.setlist.fm/setlist/joe-jackson/1986/philipshalle-dusseldorf-germany-2bfa7002.html,tour-1986-big-world,1986 * Big World Tour,,,
TICKET_0195,SHOW_1986-05-09_FRANKFURT,1986-05-09,Frankfurt,Germany,Eissporthalle,tickets,kk-joe-jackson-1986-05-09.jpg,"Oliver Pasch, Germany","Joe Jackson (vocals, piano, accordion) ; Graham Maby (bass, vocals) ; Gary Burke (drums) ; Vinnie Zummo (guitars, vocals)","One More Time, You Can't Get What You Want (Till You Know What You Want), Wild West, Right and Wrong, (It's a) Big World, Fools in Love, Chinatown, On Your Radio, Shanghai Sky, Cancer, Be My Number Two, Breaking Us in Two, Forty Years, Steppin' Out, Survival, Soul Kiss, It's Different for Girls, Home Town, The Jet Set, Sunday Papers, Don't Wanna Be Like That, Acropolis Now, Tonight and Forever, [Encore 1], Jack, You're Dead (cover of Louis Jordan and His Tympany Five), What’s the Use of Getting Sober (When You’re Gonna Get Drunk Again)? (cover of Louis Jordan and His Tympany Five), Jumpin' Jive (cover of Cab Calloway and His Orchestra), I'm the Man, Man in the Street",29.0,https://www.setlist.fm/setlist/joe-jackson/1986/eissporthalle-frankfurt-germany-1bdd2518.html,,,https://www.setlist.fm/setlist/joe-jackson/1986/eissporthalle-frankfurt-germany-1bdd2518.html,tour-1986-big-world,1986 * Big World Tour,,,
TICKET_0196,SHOW_1986-05-10_HAMBURG,1986-05-10,Hamburg,Germany,Sporthalle,tickets,kk-joe-jackson-1986-05-10.jpg,"Oliver Pasch, Germany","Joe Jackson (vocals, piano, accordion) ; Graham Maby (bass, vocals) ; Gary Burke (drums) ; Vinnie Zummo (guitars, vocals)","One More Time, Wild West, Right and Wrong, You Can't Get What You Want (Till You Know What You Want), (It's a) Big World, Jack, You're Dead (cover of Louis Jordan and His Tympany Five), What’s the Use of Getting Sober (When You’re Gonna Get Drunk Again)? (cover of Louis Jordan and His Tympany Five), Jumpin' Jive (cover of Cab Calloway and His Orchestra), I'm the Man, Man in the Street",11.0,https://www.setlist.fm/setlist/joe-jackson/1986/alsterdorfer-sporthalle-hamburg-germany-33edf4bd.html,,,https://www.setlist.fm/setlist/joe-jackson/1986/alsterdorfer-sporthalle-hamburg-germany-33edf4bd.html,tour-1986-big-world,1986 * Big World Tour,,,
TICKET_0197,SHOW_1986-05-12_MILAN,1986-05-12,Milan,Italy,Teatro Tenda Lampugnano,tickets,kk-joe-jackson-1986-05-12.jpg,"Dino Cattaneo, Italy","Joe Jackson (vocals, piano, accordion) ; Graham Maby (bass, vocals) ; Gary Burke (drums) ; Vinnie Zummo (guitars, vocals)","One More Time, You Can't Get What You Want (Till You Know What You Want), Wild West, Right and Wrong, (It's a) Big World, Fools in Love, Chinatown, On Your Radio, Shanghai Sky, Cancer, Be My Number Two, Breaking Us in Two, Forty Years, Steppin' Out, Survival, Soul Kiss, It's Different for Girls, Home Town, Acropolis Now, The Jet Set, Sunday Papers, Don't Wanna Be Like That, Tonight and Forever, [Encore 1], What’s the Use of Getting Sober (When You’re Gonna Get Drunk Again)? (cover of Louis Jordan and His Tympany Five), Jack, You're Dead (cover of Louis Jordan and His Tympany Five), Jumpin' Jive (cover of Cab Calloway and His Orchestra), I'm the Man, Man in the Street",29.0,https://www.setlist.fm/setlist/joe-jackson/1986/teatro-tenda-lampugnano-milan-italy-13dd251d.html,,,https://www.setlist.fm/setlist/joe-jackson/1986/teatro-tenda-lampugnano-milan-italy-13dd251d.html,tour-1986-big-world,1986 * Big World Tour,,,
TICKET_0198,SHOW_1986-05-17_PARIS,1986-05-17,Paris,France,Le Zenith,tickets,kk-joe-jackson-1986-05-17.jpg,"Gert Schaumlöffel, Germany","Joe Jackson (vocals, piano, accordion) ; Graham Maby (bass, vocals) ; Gary Burke (drums) ; Vinnie Zummo (guitars, vocals)","One More Time, Fools in Love, On Your Radio, It's Different for Girls, Sunday Papers, I'm the Man",6.0,https://www.setlist.fm/setlist/joe-jackson/1986/le-zenith-paris-france-5bc68bb8.html,,,https://www.setlist.fm/setlist/joe-jackson/1986/le-zenith-paris-france-5bc68bb8.html,tour-1986-big-world,1986 * Big World Tour,,,
TICKET_0199,SHOW_1986-05-19_BRUSSELSBRSSEL,1986-05-19,Brussels (Brüssel),Belgium,Forest National,tickets,kk-joe-jackson-1986-05-19.jpg,"Gert Schaumlöffel, Germany","Joe Jackson (vocals, piano, accordion) ; Graham Maby (bass, vocals) ; Gary Burke (drums) ; Vinnie Zummo (guitars, vocals)",,0.0,https://www.setlist.fm/setlist/joe-jackson/1986/vorst-nationaal-forest-national-vorst-forest-belgium-bc959ce.html,,,https://www.setlist.fm/setlist/joe-jackson/1986/vorst-nationaal-forest-national-vorst-forest-belgium-bc959ce.html,tour-1986-big-world,1986 * Big World Tour,,,
TICKET_0200,SHOW_1986-05-21_ROTTERDAM,1986-05-21,Rotterdam,Netherlands,Ahoy,tickets,kk-joe-jackson-1986-05-21.jpg,"Gert Schaumlöffel, Germany","Joe Jackson (vocals, piano, accordion) ; Graham Maby (bass, vocals) ; Gary Burke (drums) ; Vinnie Zummo (guitars, vocals)","One More Time, You Can't Get What You Want (Till You Know What You Want), Wild West, Right and Wrong, (It's a) Big World, Fools in Love, Home Town, Chinatown, Shanghai Sky, Cancer, Be My Number Two, Breaking Us in Two, Forty Years, Steppin' Out, Survival, Soul Kiss, Tango Atlantico, It's Different for Girls, Acropolis Now, The Jet Set, Sunday Papers (re-written with updated lyrics, now ""Monday Papers""), Don't Wanna Be Like That, Tonight and Forever, Jack, You're Dead / What's the Use of Getting Sober (When You're Gonna Get Drunk Again)? / Jumpin' Jive, I'm the Man, Man in the Street",28.0,https://www.setlist.fm/setlist/joe-jackson/1986/ahoy-rotterdam-netherlands-3d91967.html,,,https://www.setlist.fm/setlist/joe-jackson/1986/ahoy-rotterdam-netherlands-3d91967.html,tour-1986-big-world,1986 * Big World Tour,,,
TICKET_0201,SHOW_1986-05-22_ROTTERDAM,1986-05-22,Rotterdam,Netherlands,Ahoy,tickets,kk-joe-jackson-1986-05-22.jpg,"Lammert Veen, Netherlands","Joe Jackson (vocals, piano, accordion) ; Graham Maby (bass, vocals) ; Gary Burke (drums) ; Vinnie Zummo (guitars, vocals)","One More Time, You Can't Get What You Want (Till You Know What You Want), Wild West, Right and Wrong, (It's a) Big World, Fools in Love, Home Town, Chinatown, Shanghai Sky, Cancer, Be My Number Two, Breaking Us in Two, Forty Years, Steppin' Out, Survival, Soul Kiss, Tango Atlantico, It's Different for Girls, Acropolis Now, The Jet Set, Sunday Papers (re-written with updated lyrics, now ""Monday Papers""), Don't Wanna Be Like That, Tonight and Forever, Jack, You're Dead / What's the Use of Getting Sober (When You're Gonna Get Drunk Again)? / Jumpin' Jive, I'm the Man, Man in the Street",28.0,https://www.setlist.fm/setlist/joe-jackson/1986/ahoy-rotterdam-netherlands-4beb3b7e.html,,,https://www.setlist.fm/setlist/joe-jackson/1986/ahoy-rotterdam-netherlands-4beb3b7e.html,tour-1986-big-world,1986 * Big World Tour,,,
TICKET_0202,SHOW_1986-05-24_LONDON,1986-05-24,London,U.K.,Wembley Arena,tickets,kk-joe-jackson-1986-05-24.jpg,"Gert Schaumlöffel, Germany","Joe Jackson (vocals, piano, accordion) ; Graham Maby (bass, vocals) ; Gary Burke (drums) ; Vinnie Zummo (guitars, vocals)","One More Time, You Can't Get What You Want (Till You Know What You Want), Wild West, Right and Wrong, (It's a) Big World, Fools in Love, Home Town, Chinatown, On Your Radio, Shanghai Sky, Cancer, Be My Number Two, Breaking Us in Two, Forty Years, Steppin' Out, Survival, Soul Kiss, It's Different for Girls, Acropolis Now,  (new song), The Jet Set, Sunday Papers, Don't Wanna Be Like That, Jack, You're Dead (cover of Louis Jordan and His Tympany Five), What’s the Use of Getting Sober (When You’re Gonna Get Drunk Again)? (cover of Louis Jordan and His Tympany Five), Jumpin' Jive (cover of Cab Calloway and His Orchestra), I'm the Man, Man in the Street",29.0,https://www.setlist.fm/setlist/joe-jackson/1986/wembley-arena-london-england-5bdecbc0.html,,,https://www.setlist.fm/setlist/joe-jackson/1986/wembley-arena-london-england-5bdecbc0.html,tour-1986-big-world,1986 * Big World Tour,,,
TICKET_0203,SHOW_1986-05-27_BIRMINGHAM,1986-05-27,Birmingham,U.K.,Odeon Theatre,tickets,kk-joe-jackson-1986-05-27-mix.jpg,"Nick Gould, U.K. Gert Schaumlöffel, Germany","Joe Jackson (vocals, piano, accordion) ; Graham Maby (bass, vocals) ; Gary Burke (drums) ; Vinnie Zummo (guitars, vocals)",,0.0,https://www.setlist.fm/setlist/joe-jackson/1986/birmingham-odeon-birmingham-U.K.-1bd91d74.html,,,https://www.setlist.fm/setlist/joe-jackson/1986/birmingham-odeon-birmingham-england-1bd91d74.html,tour-1986-big-world,1986 * Big World Tour,,,
TICKET_0204,SHOW_1986-05-28_MANCHESTER,1986-05-28,Manchester,U.K.,Apollo Theatre,tickets,"kk-joe-jackson-1986-05-28.jpg, kk-joe-jackson-1986-05-28b.jpg, kk-joe-jackson-1986-05-28c.jpg","Alex Wilde, U.K.","Joe Jackson (vocals, piano, accordion) ; Graham Maby (bass, vocals) ; Gary Burke (drums) ; Vinnie Zummo (guitars, vocals)",,0.0,https://www.setlist.fm/setlist/joe-jackson/1986/manchester-apollo-manchester-U.K.-7bcf5674.html,,,https://www.setlist.fm/setlist/joe-jackson/1986/manchester-apollo-manchester-england-7bcf5674.html,tour-1986-big-world,1986 * Big World Tour,,,
TICKET_0205,SHOW_1986-06-13_TORONTO,1986-06-13,Toronto,Canada,Kingswood Music Theatre,tickets,kk-joe-jackson-1986-06-13.jpg,"Gert Schaumlöffel, Germany","Joe Jackson (vocals, piano, accordion) ; Graham Maby (bass, vocals) ; Gary Burke (drums) ; Vinnie Zummo (guitars, vocals)","One More Time, You Can't Get What You Want (Till You Know What You Want), Wild West, Right and Wrong, (It's a) Big World, Fools in Love, Home Town, Chinatown, On Your Radio, Shanghai Sky, Cancer, Be My Number Two, Breaking Us in Two, Forty Years, Steppin' Out, Survival, Soul Kiss, It's Different for Girls, Acropolis Now, The Jet Set, Sunday Papers, Don't Wanna Be Like That, Tonight and Forever, Jack, You're Dead (cover of Louis Jordan and His Tympany Five), What’s the Use of Getting Sober (When You’re Gonna Get Drunk Again)? (cover of Louis Jordan and His Tympany Five), Jumpin' Jive (cover of Cab Calloway and His Orchestra), I'm the Man, Man in the Street",29.0,https://www.setlist.fm/setlist/joe-jackson/1986/kingswood-music-theatre-vaughan-on-canada-2bf0f036.html,,,https://www.setlist.fm/setlist/joe-jackson/1986/kingswood-music-theatre-vaughan-on-canada-2bf0f036.html,tour-1986-big-world,1986 * Big World Tour,,,
TICKET_0206,SHOW_1986-06-14_CLARKSTON,1986-06-14,Clarkston,MI,Pine Knob Music Theatre (open air),tickets,kk-joe-jackson-1986-06-14.jpg,"Gert Schaumlöffel, Germany","Joe Jackson (vocals, piano, accordion) ; Graham Maby (bass, vocals) ; Gary Burke (drums) ; Vinnie Zummo (guitars, vocals)","One More Time, You Can't Get What You Want (Till You Know What You Want), Wild West, Right and Wrong, (It's a) Big World, Fools in Love, Home Town, Chinatown, On Your Radio, Shanghai Sky, Cancer, Be My Number Two, Breaking Us in Two, Forty Years, Steppin' Out, Survival, Soul Kiss, It's Different for Girls, Acropolis Now, The Jet Set, Sunday Papers, Don't Wanna Be Like That, Tonight and Forever, Jack, You're Dead (cover of Louis Jordan and His Tympany Five), What’s the Use of Getting Sober (When You’re Gonna Get Drunk Again)? (cover of Louis Jordan and His Tympany Five), Jumpin' Jive (cover of Cab Calloway and His Orchestra), I'm the Man, [Encore 1], Man in the Street",29.0,https://www.setlist.fm/setlist/joe-jackson/1986/pine-knob-music-theatre-clarkston-mi-bd971ca.html,,,https://www.setlist.fm/setlist/joe-jackson/1986/pine-knob-music-theatre-clarkston-mi-bd971ca.html,tour-1986-big-world,1986 * Big World Tour,,,
TICKET_0207,SHOW_1986-06-15_POPLARCREEK,1986-06-15,Poplar Creek,IL,Poplar Creek Music Theater,tickets,kk-joe-jackson-1986-06-15.jpg,"Gert Schaumlöffel, Germany","Joe Jackson (vocals, piano, accordion) ; Graham Maby (bass, vocals) ; Gary Burke (drums) ; Vinnie Zummo (guitars, vocals)","One More Time, Right and Wrong, Steppin' Out, Jack, You're Dead (cover of Louis Jordan and His Tympany Five), Wild West, Soul Kiss, Forty Years, The Jet Set",9.0,https://www.setlist.fm/setlist/joe-jackson/1986/poplar-creek-music-theater-hoffman-estates-il-3bd984b8.html,,,https://www.setlist.fm/setlist/joe-jackson/1986/poplar-creek-music-theater-hoffman-estates-il-3bd984b8.html,tour-1986-big-world,1986 * Big World Tour,,,
TICKET_0208,SHOW_1986-06-20_VANCOUVER,1986-06-20,Vancouver,Canada,Expo 1986 World's Fair,tickets,"kk-joe-jackson-1986-06-20.jpg, kk-joe-jackson-1986-06-20-2.jpg","Doug Collett, Canada","Joe Jackson (vocals, piano, accordion) ; Graham Maby (bass, vocals) ; Gary Burke (drums) ; Vinnie Zummo (guitars, vocals)","One More Time, You Can't Get What You Want (Till You Know What You Want), Wild West, Right and Wrong, Home Town, On Your Radio, Shanghai Sky, Forty Years, Steppin' Out, Survival, Soul Kiss, It's Different for Girls, Sunday Papers, Tonight and Forever, Jack, You're Dead (cover of Louis Jordan and His Tympany Five), What’s the Use of Getting Sober (When You’re Gonna Get Drunk Again)? (cover of Louis Jordan and His Tympany Five), Jumpin' Jive (cover of Cab Calloway and His Orchestra), I'm the Man, Man in the Street",20.0,https://www.setlist.fm/setlist/joe-jackson/1986/expo-theatre-vancouver-bc-canada-53932ba1.html,,,https://www.setlist.fm/setlist/joe-jackson/1986/expo-theatre-vancouver-bc-canada-53932ba1.html,tour-1986-big-world,1986 * Big World Tour,,,
TICKET_0209,SHOW_1986-06-22_SEATTLE,1986-06-22,Seattle,WA,Seattle Center Arena,tickets,kk-joe-jackson-1986-06-22.jpg,"Gert Schaumlöffel, Germany","Joe Jackson (vocals, piano, accordion) ; Graham Maby (bass, vocals) ; Gary Burke (drums) ; Vinnie Zummo (guitars, vocals)",,0.0,https://www.setlist.fm/setlist/joe-jackson/1986/seattle-center-arena-seattle-wa-3bf340fc.html,,,https://www.setlist.fm/setlist/joe-jackson/1986/seattle-center-arena-seattle-wa-3bf340fc.html,tour-1986-big-world,1986 * Big World Tour,,,
TICKET_0210,SHOW_1986-06-27_UNIVERSALCITY,1986-06-27,Universal City,CA,Universal Amphitheatre,tickets,kk-joe-jackson-1986-06-27.jpg,"Gert Schaumlöffel, Germany","Joe Jackson (vocals, piano, accordion) ; Graham Maby (bass, vocals) ; Gary Burke (drums) ; Vinnie Zummo (guitars, vocals)","One More Time, You Can't Get What You Want (Till You Know What You Want), Wild West, Right and Wrong, (It's a) Big World, Fools in Love, Home Town, Chinatown, On Your Radio, Shanghai Sky, Cancer, Be My Number Two, Breaking Us in Two, Forty Years, Steppin' Out, Survival, Soul Kiss, It's Different for Girls, Acropolis Now (new song), The Jet Set, Sunday Papers, Don't Wanna Be Like That, Jack, You're Dead (cover of Louis Jordan and His Tympany Five), What’s the Use of Getting Sober (When You’re Gonna Get Drunk Again)? (cover of Louis Jordan and His Tympany Five), Jumpin' Jive (cover of Cab Calloway and His Orchestra), I'm the Man, Man in the Street",28.0,https://www.setlist.fm/setlist/joe-jackson/1986/universal-amphitheatre-universal-city-ca-2bd1ccb6.html,,,https://www.setlist.fm/setlist/joe-jackson/1986/universal-amphitheatre-universal-city-ca-2bd1ccb6.html,tour-1986-big-world,1986 * Big World Tour,,,
TICKET_0211,SHOW_1986-07-05_DALLAS,1986-07-05,Dallas,TX,Bronco Bowl,tickets,kk-joe-jackson-1986-07-05.jpg,"Gert Schaumlöffel, Germany","Joe Jackson (vocals, piano, accordion) ; Graham Maby (bass, vocals) ; Gary Burke (drums) ; Vinnie Zummo (guitars, vocals)",,0.0,https://www.setlist.fm/setlist/joe-jackson/1986/bronco-bowl-dallas-tx-43ff5337.html,,,https://www.setlist.fm/setlist/joe-jackson/1986/bronco-bowl-dallas-tx-43ff5337.html,tour-1986-big-world,1986 * Big World Tour,,,
TICKET_0212,SHOW_1986-07-06_HOUSTON,1986-07-06,Houston,TX,Southern Star Amphitheater,tickets,kk-joe-jackson-1986-07-06.jpg,"Gert Schaumlöffel, Germany","Joe Jackson (vocals, piano, accordion) ; Graham Maby (bass, vocals) ; Gary Burke (drums) ; Vinnie Zummo (guitars, vocals)","You Can't Get What You Want (Till You Know What You Want), Wild West, Home Town, Chinatown, (It's a) Big World, Right and Wrong, Breaking Us in Two, Cancer, Survival, Soul Kiss, The Jet Set, Acropolis Now, Sunday Papers, On Your Radio",14.0,https://www.setlist.fm/setlist/joe-jackson/1986/southern-star-amphitheatre-houston-tx-3f14577.html,,,https://www.setlist.fm/setlist/joe-jackson/1986/southern-star-amphitheatre-houston-tx-3f14577.html,tour-1986-big-world,1986 * Big World Tour,,,
TICKET_0213,SHOW_1986-07-12_COLUMBIA,1986-07-12,Columbia,MD,Merriweather Post Pavilion,tickets,kk-joe-jackson-1986-07-12.jpg,"Gert Schaumlöffel, Germany","Joe Jackson (vocals, piano, accordion) ; Graham Maby (bass, vocals) ; Gary Burke (drums) ; Vinnie Zummo (guitars, vocals)","One More Time, You Can't Get What You Want (Till You Know What You Want), Wild West, Right and Wrong, (It's a) Big World, Fools in Love, Home Town, Chinatown, On Your Radio, Shanghai Sky, Cancer, Be My Number Two, Breaking Us in Two, Forty Years, Steppin' Out, Survival, Soul Kiss, It's Different for Girls, Acropolis Now, The Jet Set, Sunday Papers (Monday Papers), Don't Wanna Be Like That, Tonight and Forever, [Encore 1], Jack, You're Dead (cover of Louis Jordan and His Tympany Five), What’s the Use of Getting Sober (When You’re Gonna Get Drunk Again)? (cover of Louis Jordan and His Tympany Five), Jumpin' Jive (cover of Cab Calloway and His Orchestra), I'm the Man, [Encore 2], Man in the Street",29.0,https://www.setlist.fm/setlist/joe-jackson/1986/merriweather-post-pavilion-columbia-md-73fd26f9.html,,,https://www.setlist.fm/setlist/joe-jackson/1986/merriweather-post-pavilion-columbia-md-73fd26f9.html,tour-1986-big-world,1986 * Big World Tour,,,
TICKET_0214,SHOW_1986-07-14_MANSFIELD,1986-07-14,Mansfield,MA,Great Woods Performing Arts Center (open air),tickets,kk-joe-jackson-1986-07-14.jpg,"Gert Schaumlöffel, Germany","Joe Jackson (vocals, piano, accordion) ; Graham Maby (bass, vocals) ; Gary Burke (drums) ; Vinnie Zummo (guitars, vocals)","One More Time, You Can't Get What You Want (Till You Know What You Want), Wild West, Right and Wrong, (It's a) Big World, Fools in Love, Home Town, Chinatown, On Your Radio, Shanghai Sky, Cancer, Be My Number Two, Breaking Us in Two, Forty Years, Steppin' Out, Survival, Soul Kiss, It's Different for Girls, Acropolis Now, The Jet Set, Sunday Papers (Monday Papers), Don't Wanna Be Like That, Tonight and Forever, [Encore 1], Jack, You're Dead (cover of Louis Jordan and His Tympany Five), What’s the Use of Getting Sober (When You’re Gonna Get Drunk Again)? (cover of Louis Jordan and His Tympany Five), Jumpin' Jive (cover of Cab Calloway and His Orchestra), I'm the Man, [Encore 2], Man in the Street",29.0,https://www.setlist.fm/setlist/joe-jackson/1986/great-woods-center-for-the-performing-arts-mansfield-ma-23fd58d3.html,,,https://www.setlist.fm/setlist/joe-jackson/1986/great-woods-center-for-the-performing-arts-mansfield-ma-23fd58d3.html,tour-1986-big-world,1986 * Big World Tour,,,
TICKET_0215,SHOW_1986-07-15_PHILADELPHIA,1986-07-15,Philadelphia,PA,The Spectrum,tickets,kk-joe-jackson-1986-07-15.jpg,"Lisa Caplan, U.S.A.","Joe Jackson (vocals, piano, accordion) ; Graham Maby (bass, vocals) ; Gary Burke (drums) ; Vinnie Zummo (guitars, vocals)","One More Time, You Can't Get What You Want (Till You Know What You Want), Wild West, Right and Wrong, (It's a) Big World, Fools in Love, Home Town, Chinatown, On Your Radio, Shanghai Sky, Cancer, Be My Number Two, Breaking Us in Two, Steppin' Out, Forty Years, Survival, Soul Kiss, Acropolis Now, Don't Wanna Be Like That, The Jet Set, I'm the Man, Tonight and Forever, [Encore 1], Jack, You're Dead (cover of Louis Jordan and His Tympany Five), What’s the Use of Getting Sober (When You’re Gonna Get Drunk Again)? (cover of Louis Jordan and His Tympany Five), Sunday Papers, [Encore 2], Man in the Street",27.0,https://www.setlist.fm/setlist/joe-jackson/1986/spectrum-theater-philadelphia-pa-3deeddf.html,,,https://www.setlist.fm/setlist/joe-jackson/1986/spectrum-theater-philadelphia-pa-3deeddf.html,tour-1986-big-world,1986 * Big World Tour,,,
TICKET_0216,SHOW_1986-07-17_NEWYORK,1986-07-17,New York,NY,Radio City Music Hall,tickets,kk-joe-jackson-1986-07-17.jpg,"Gert Schaumlöffel, Germany","Joe Jackson (vocals, piano, accordion) ; Graham Maby (bass, vocals) ; Gary Burke (drums) ; Vinnie Zummo (guitars, vocals)","One More Time, You Can't Get What You Want (Till You Know What You Want), Wild West, Right and Wrong, (It's a) Big World, Fools in Love, Home Town, Chinatown, On Your Radio, Shanghai Sky, Cancer, Be My Number Two, Breaking Us in Two, Forty Years, Steppin' Out, Survival, Soul Kiss, Tango Atlantico, It's Different for Girls, Acropolis Now, The Jet Set, Sunday Papers (new lyrics, introduced as ""Monday Papers""), Don't Wanna Be Like That, Tonight and Forever, [Encore 1], Jack, You're Dead (cover of Louis Jordan and His Tympany Five), What’s the Use of Getting Sober (When You’re Gonna Get Drunk Again)? (cover of Louis Jordan and His Tympany Five), Jumpin' Jive (cover of Cab Calloway and His Orchestra), I'm the Man, [Encore 2], Man in the Street",31.0,https://www.setlist.fm/setlist/joe-jackson/1986/radio-city-music-hall-new-york-ny-73db42a5.html,,,https://www.setlist.fm/setlist/joe-jackson/1986/radio-city-music-hall-new-york-ny-73db42a5.html,tour-1986-big-world,1986 * Big World Tour,,,
TICKET_0217,SHOW_1986-07-18_NEWYORK,1986-07-18,New York,NY,Radio City Music Hall,tickets,"kk-joe-jackson-1986-07-18.jpg, kk_Radio_City_1986_07_18.webp, kk_Radio_City_1986_07_18b.webp","Gert Schaumlöffel, Germany","Joe Jackson (vocals, piano, accordion) ; Graham Maby (bass, vocals) ; Gary Burke (drums) ; Vinnie Zummo (guitars, vocals)","One More Time, You Can't Get What You Want (Till You Know What You Want), Wild West, Right and Wrong, (It's a) Big World, Fools in Love, Home Town, Chinatown, On Your Radio, Shanghai Sky, Cancer, Be My Number Two, Breaking Us in Two, Forty Years, Steppin' Out, Survival, Soul Kiss, It's Different for Girls, Acropolis Now (New Song), The Jet Set, Sunday Papers, Don't Wanna Be Like That, Tonight and Forever, Jack, You're Dead (cover of Louis Jordan and His Tympany Five), What’s the Use of Getting Sober (When You’re Gonna Get Drunk Again)? (cover of Louis Jordan and His Tympany Five), Jumpin' Jive (cover of Cab Calloway and His Orchestra), I'm the Man, Man in the Street",29.0,https://www.setlist.fm/setlist/joe-jackson/1986/radio-city-music-hall-new-york-ny-23ceb80b.html,,,https://www.setlist.fm/setlist/joe-jackson/1986/radio-city-music-hall-new-york-ny-23ceb80b.html,tour-1986-big-world-tour,1986 * Big World Tour,,,
TICKET_0218,SHOW_1986-07-19_NEWYORK,1986-07-19,New York,NY,Radio Music City Hall,tickets,kk-joe-jackson-1986-07-19.jpg,"Gert Schaumlöffel, Germany","Joe Jackson (vocals, piano, accordion) ; Graham Maby (bass, vocals) ; Gary Burke (drums) ; Vinnie Zummo (guitars, vocals)","One More Time, You Can't Get What You Want (Till You Know What You Want), Wild West, Right and Wrong, (It's a) Big World, Fools in Love, Home Town, Chinatown, On Your Radio, Shanghai Sky, Cancer, Be My Number Two, Breaking Us in Two, Forty Years, Steppin' Out, Survival, Soul Kiss, Tango Atlantico, It's Different for Girls, Acropolis Now, The Jet Set, Sunday Papers, Don't Wanna Be Like That, Tonight and Forever, Jack, You're Dead (cover of Louis Jordan and His Tympany Five), What’s the Use of Getting Sober (When You’re Gonna Get Drunk Again)? (cover of Louis Jordan and His Tympany Five), Jumpin' Jive (cover of Cab Calloway and His Orchestra), I'm the Man, Man in the Street",30.0,https://www.setlist.fm/setlist/joe-jackson/1986/radio-city-music-hall-new-york-ny-33dc0095.html,,,https://www.setlist.fm/setlist/joe-jackson/1986/radio-city-music-hall-new-york-ny-33dc0095.html,tour-1986-big-world,1986 * Big World Tour,,,
TICKET_0219,SHOW_1986-11-10_BERLIN,1986-11-10,Berlin,Germany,Eissporthalle,tickets,kk-joe-jackson-1986-11-10.jpg,"Gert Schaumlöffel, Germany","Joe Jackson (vocals, piano, accordion) ; Graham Maby (bass, vocals) ; Gary Burke (drums) ; Vinnie Zummo (guitars, vocals)","One More Time, Wild West, Right and Wrong, You Can't Get What You Want (Till You Know What You Want), (It's a) Big World, Home Town, Chinatown, Another World, On Your Radio, Shanghai Sky, Fifty Dollar Love Affair, Cancer, Be My Number Two, Breaking Us in Two, Steppin' Out, Survival, Soul Kiss, It's Different for Girls, The Jet Set, Sunday Papers, Tonight and Forever, Tuxedo Junction (cover of Erskine Hawkins and His Orchestra), What’s the Use of Getting Sober (When You’re Gonna Get Drunk Again)? (cover of Louis Jordan and His Tympany Five), Jumpin' Jive (cover of Cab Calloway and His Orchestra), [Encore 1], I'm the Man, Man in the Street",26.0,https://www.setlist.fm/setlist/joe-jackson/1986/eissporthalle-an-der-jaffestrasse-berlin-germany-23e07097.html,,,https://www.setlist.fm/setlist/joe-jackson/1986/eissporthalle-an-der-jaffestrasse-berlin-germany-23e07097.html,tour-1986-big-world,1986 * Big World Tour,,,
TICKET_0220,SHOW_1986-11-12_MNSTER,1986-11-12,Münster,Germany,Münsterlandhalle,tickets,kk-aw-03.jpg,"Andreas Wiethoff, Germany","Joe Jackson (vocals, piano, accordion) ; Graham Maby (bass, vocals) ; Gary Burke (drums) ; Vinnie Zummo (guitars, vocals)","One More Time, Wild West, Right and Wrong, You Can't Get What You Want (Till You Know What You Want), (It's a) Big World, Home Town, Chinatown, Another World, On Your Radio, Shanghai Sky, Fifty Dollar Love Affair, Cancer, Be My Number Two, Breaking Us in Two, Steppin' Out, Survival, Soul Kiss, It's Different for Girls, The Jet Set, Sunday Papers (re-written with updated lyrics, now ""Monday Papers""), Tonight and Forever",22.0,https://www.setlist.fm/setlist/joe-jackson/1986/halle-munsterland-munster-germany-33edf4c1.html,,,https://www.setlist.fm/setlist/joe-jackson/1986/halle-munsterland-munster-germany-33edf4c1.html,tour-1986-big-world,1986 * Big World Tour,,,
TICKET_0221,SHOW_1986-11-17_QUIMPER,1986-11-17,Quimper,France,Salle Omnisports,tickets,kk-joe-jackson-1986-11-17.jpg,"Gert Schaumlöffel, Germany","Joe Jackson (vocals, piano, accordion) ; Graham Maby (bass, vocals) ; Gary Burke (drums) ; Vinnie Zummo (guitars, vocals)",,0.0,https://www.setlist.fm/setlist/joe-jackson/1986/salle-omnisports-quimper-france-4b8e837e.html,,,https://www.setlist.fm/setlist/joe-jackson/1986/salle-omnisports-quimper-france-4b8e837e.html,tour-1986-big-world,1986 * Big World Tour,,,
TICKET_0222,SHOW_1986-11-20_BARCELONA,1986-11-20,Barcelona,Spain,Studio 54,tickets,kk-joe-jackson-1986-11-20.jpg,"Gert Schaumlöffel, Germany","Joe Jackson (vocals, piano, accordion) ; Graham Maby (bass, vocals) ; Gary Burke (drums) ; Vinnie Zummo (guitars, vocals)","One More Time, Wild West, Right and Wrong, You Can't Get What You Want (Till You Know What You Want), (It's a) Big World, Home Town, Another World, On Your Radio, Shanghai Sky, Fifty Dollar Love Affair, Cancer, Be My Number Two, Breaking Us in Two, Steppin' Out, Survival, Soul Kiss, It's Different for Girls, The Jet Set, Sunday Papers, Tonight and Forever, Jack, You're Dead (cover of Louis Jordan and His Tympany Five), What’s the Use of Getting Sober (When You’re Gonna Get Drunk Again)? (cover of Louis Jordan and His Tympany Five), Jumpin' Jive (cover of Cab Calloway and His Orchestra), [Encore 1], I'm the Man, Man in the Street",26.0,https://www.setlist.fm/setlist/joe-jackson/1986/studio-54-barcelona-spain-538e837d.html,,,https://www.setlist.fm/setlist/joe-jackson/1986/studio-54-barcelona-spain-538e837d.html,tour-1986-big-world,1986 * Big World Tour,,,
TICKET_0223,SHOW_1986-11-25_LYON,1986-11-25,Lyon,France,Bourse du Travail,tickets,kk-joe-jackson-1986-11-25.jpg,"Gert Schaumlöffel, Germany","Joe Jackson (vocals, piano, accordion) ; Graham Maby (bass, vocals) ; Gary Burke (drums) ; Vinnie Zummo (guitars, vocals)",,0.0,https://www.setlist.fm/setlist/joe-jackson/1986/la-bourse-du-travail-lyon-france-438e8373.html,,,https://www.setlist.fm/setlist/joe-jackson/1986/la-bourse-du-travail-lyon-france-438e8373.html,tour-1986-big-world,1986 * Big World Tour,,,
TICKET_0224,SHOW_1986-11-27_NICE,1986-11-27,Nice,France,Théatre de Verdure,tickets,kk-joe-jackson-1986-11-27.jpg,"Gert Schaumlöffel, Germany","Joe Jackson (vocals, piano, accordion) ; Graham Maby (bass, vocals) ; Gary Burke (drums) ; Vinnie Zummo (guitars, vocals)","One More Time, Wild West, Right and Wrong, You Can't Get What You Want (Till You Know What You Want), (It's a) Big World, Home Town, Chinatown, Another World, On Your Radio, Shanghai Sky, Fifty Dollar Love Affair, Cancer, Be My Number Two, Breaking Us in Two, Steppin' Out, Survival, Soul Kiss, It's Different for Girls, The Jet Set, Sunday Papers, Tonight and Forever, Jack, You're Dead (cover of Louis Jordan and His Tympany Five), What’s the Use of Getting Sober (When You’re Gonna Get Drunk Again)? (cover of Louis Jordan and His Tympany Five), Jumpin' Jive (cover of Cab Calloway and His Orchestra), [Encore 1], I'm the Man, Man in the Street",27.0,https://www.setlist.fm/setlist/joe-jackson/1986/theatre-de-verdure-nice-france-4b8e8372.html,,,https://www.setlist.fm/setlist/joe-jackson/1986/theatre-de-verdure-nice-france-4b8e8372.html,tour-1986-big-world,1986 * Big World Tour,,,
TICKET_0225,SHOW_1986-12-02_ROME,1986-12-02,Rome,Italy,Teatro Tenda Planeta,tickets,kk-joe-jackson-1986-12-02.jpg,"Gert Schaumlöffel, Germany","Joe Jackson (vocals, piano, accordion) ; Graham Maby (bass, vocals) ; Gary Burke (drums) ; Vinnie Zummo (guitars, vocals)","One More Time, Wild West, Right and Wrong, You Can't Get What You Want (Till You Know What You Want), (It's a) Big World, Home Town, Fifty Dollar Love Affair, Survival, Soul Kiss, It's Different for Girls, Shanghai Sky, Another World, Cancer, Chinatown, Be My Number Two, Breaking Us in Two, Steppin' Out, The Jet Set, Sunday Papers (Monday Papers), Tonight and Forever, Jumpin' Jive (cover of Cab Calloway and His Orchestra), I'm the Man, [Encore 1], Man in the Street",23.0,https://www.setlist.fm/setlist/joe-jackson/1986/teatro-tenda-pianeta-rome-italy-33979485.html,,,https://www.setlist.fm/setlist/joe-jackson/1986/teatro-tenda-pianeta-rome-italy-33979485.html,tour-1986-big-world,1986 * Big World Tour,,,
TICKET_0226,SHOW_1986-12-09_STUTTGART,1986-12-09,Stuttgart,Germany,Liederhalle,tickets,kk-joe-jackson-1986-12-09.jpg,"Gabs, Tübingen, Germany","Joe Jackson (vocals, piano, accordion) ; Graham Maby (bass, vocals) ; Gary Burke (drums) ; Vinnie Zummo (guitars, vocals)","Home Town (Solo), Steppin' Out (piano solo), It's Different for Girls (duo with Graham Maby), Another World, Goin' Downtown, On Your Radio, Cancer, Take It Like a Man (cover of Joe Jackson Band), You Can't Get What You Want (Till You Know What You Want), One More Time, Don't Get Around Much Anymore (cover of Duke Ellington and His Orchestra), Is She Really Going Out With Him?, Slow Song",13,https://www.setlist.fm/setlist/joe-jackson/1986/beethoven-saal-stuttgart-germany-3bedf4b8.html,https://youtu.be/zgJ_i1yJ_VM,,https://www.setlist.fm/setlist/joe-jackson/1986/beethoven-saal-stuttgart-germany-3bedf4b8.html,tour-1986-big-world-tour,1986 * Big World Tour,,,
TICKET_0227,SHOW_1986-12-10_LUDWIGSHAFEN,1986-12-10,Ludwigshafen,Germany,Friedrich-Ebert-Halle,tickets,kk-joe-jackson-1986-12-10.jpg,"Gert Schaumlöffel, Germany","Joe Jackson (vocals, piano, accordion) ; Graham Maby (bass, vocals) ; Gary Burke (drums) ; Vinnie Zummo (guitars, vocals)",,0.0,https://www.setlist.fm/setlist/joe-jackson/1986/friedrich-ebert-halle-ludwigshafen-am-rhein-germany-2bedf4be.html,,,https://www.setlist.fm/setlist/joe-jackson/1986/friedrich-ebert-halle-ludwigshafen-am-rhein-germany-2bedf4be.html,tour-1986-big-world,1986 * Big World Tour,,,
TICKET_0228,SHOW_1986-12-13_ARNHEM,1986-12-13,Arnhem,Netherlands,Rijnhal,tickets,kk-joe-jackson-1986-12-13.jpg,"Dominique Maassen, Netherlands","Joe Jackson (vocals, piano, accordion) ; Graham Maby (bass, vocals) ; Gary Burke (drums) ; Vinnie Zummo (guitars, vocals)",,0.0,https://www.setlist.fm/setlist/joe-jackson/1986/rijnhal-arnhem-netherlands-33e568c1.html,,,https://www.setlist.fm/setlist/joe-jackson/1986/rijnhal-arnhem-netherlands-33e568c1.html,tour-1986-big-world,1986 * Big World Tour,,,
TICKET_0229,SHOW_1986-12-14_ARNHEM,1986-12-14,Arnhem,Netherlands,Rijnhal,tickets,"kk-joe-jackson-1986-12-14.jpg, kk-hkk-02.jpg","Lammert Veen, Netherlands","Joe Jackson (vocals, piano, accordion) ; Graham Maby (bass, vocals) ; Gary Burke (drums) ; Vinnie Zummo (guitars, vocals)",,0.0,https://www.setlist.fm/setlist/joe-jackson/1986/rijnhal-arnhem-netherlands-23e568c7.html,,,https://www.setlist.fm/setlist/joe-jackson/1986/rijnhal-arnhem-netherlands-23e568c7.html,tour-1986-big-world,1986 * Big World Tour,,,
TICKET_0230,SHOW_1986-01-01_1986,,,,,passes,kk-joe-jackson-1986-pass.jpg,"Gert Schaumlöffel, Germany","Joe Jackson (vocals, piano, accordion) ; Graham Maby (bass, vocals) ; Gary Burke (drums) ; Vinnie Zummo (guitars, vocals)",,0.0,,,,,tour-1986-big-world-tour,1986 * Big World Tour,,,
TICKET_0231,,,,,,passes,kk-joe-jackson-1986-07-05-pass.jpg,"Gert Schaumlöffel, Germany","Joe Jackson (vocals, piano, accordion) ; Graham Maby (bass, vocals) ; Gary Burke (drums) ; Vinnie Zummo (guitars, vocals)",,0.0,,,,,tour-1986-big-world-tour,1986 * Big World Tour,,,
TICKET_0232,SHOW_1990-09-15_BOSTON,1990-09-15,Boston,MA,Citi Club,tickets,kk-joe-jackson-1990-09-15.jpg,"Gert Schaumlöffel, Germany","Joe Jackson (vocals, keyboards) ; Graham Maby (bass) ; Dan Hickey (drums) ; Tom Teeley (guitar) ; Sue Hadjopoulos (percussion)",It's Different for Girls,1.0,https://www.setlist.fm/setlist/joe-jackson/1990/citi-club-boston-ma-73cd8e45.html,,,https://www.setlist.fm/setlist/joe-jackson/1990/citi-club-boston-ma-73cd8e45.html,tour-1991-laughter-lust,1990 / 1991 * Laughter & Lust Tour,,,
TICKET_0233,SHOW_1990-09-18_POUGHKEEPSIE,1990-09-18,Poughkeepsie,NY,The Chance,tickets,kk-jn-15.jpg,"John Nyman, U.S.A.","Joe Jackson (vocals, keyboards) ; Graham Maby (bass) ; Dan Hickey (drums) ; Tom Teeley (guitar) ; Sue Hadjopoulos (percussion)",,0.0,https://www.setlist.fm/setlist/joe-jackson/1990/the-chance-poughkeepsie-ny-4b8e830a.html,,,https://www.setlist.fm/setlist/joe-jackson/1990/the-chance-poughkeepsie-ny-4b8e830a.html,tour-1991-laughter-lust,1990 / 1991 * Laughter & Lust Tour,,,
TICKET_0234,SHOW_1990-09-25_TORONTO,1990-09-25,Toronto,Canada,Diamond,tickets,kk-joe-jackson-1990-09-25.jpg,"Gert Schaumlöffel, Germany","Joe Jackson (vocals, keyboards) ; Graham Maby (bass) ; Dan Hickey (drums) ; Tom Teeley (guitar) ; Sue Hadjopoulos (percussion)","Steppin' Out, Drowning, It's Different for Girls, Right and Wrong, Got the Time, Obvious Song, Goin' Downtown, Stranger Than Fiction, The Old Songs, Fools in Love, My House, When You're Not Around, Rant and Rave, Nineteen Forever, Oh Well (cover of Fleetwood Mac), Jamie G., Blaze of Glory, You Can't Do That (cover of The Beatles), I'm the Man",19.0,https://www.setlist.fm/setlist/joe-jackson/1990/the-diamond-club-toronto-on-canada-538e8309.html,,,https://www.setlist.fm/setlist/joe-jackson/1990/the-diamond-club-toronto-on-canada-538e8309.html,tour-1991-laughter-lust,1990 / 1991 * Laughter & Lust Tour,,,
TICKET_0235,SHOW_1990-09-29_DETROIT,1990-09-29,Detroit,MI,St. Andrew's Hall,tickets,kk-joe-jackson-1990-09-29.jpg,"Art Fernandez, U.S.A.","Joe Jackson (vocals, keyboards) ; Graham Maby (bass) ; Dan Hickey (drums) ; Tom Teeley (guitar) ; Sue Hadjopoulos (percussion)",,0.0,https://www.setlist.fm/setlist/joe-jackson/1990/saint-andrews-hall-detroit-mi-4b8e830e.html,,,https://www.setlist.fm/setlist/joe-jackson/1990/saint-andrews-hall-detroit-mi-4b8e830e.html,tour-1991-laughter-lust,1990 / 1991 * Laughter & Lust Tour,,,
TICKET_0236,SHOW_1990-10-09_COLUMBUS,1990-10-09,Columbus,OH,Newport Music Hall,tickets,kk-joe-jackson-1990-10-09.jpg,thepassenger,"Joe Jackson (vocals, keyboards) ; Graham Maby (bass) ; Dan Hickey (drums) ; Tom Teeley (guitar) ; Sue Hadjopoulos (percussion)","Steppin' Out, Right and Wrong, Drowning, Got the Time, Home Town, Obvious Song, Goin' Downtown, Stranger Than Fiction, Another World, The Other Me, Fools in Love, Hit Single, Rant and Rave, Nineteen Forever, Oh Well (cover of Fleetwood Mac), Jamie G., Blaze of Glory, [Encore 1], When You Walk in the Room (cover of Jackie DeShannon), I'm the Man, A Slow Song",20.0,https://www.setlist.fm/setlist/joe-jackson/1990/newport-music-hall-columbus-oh-43d90b8f.html,,,https://www.setlist.fm/setlist/joe-jackson/1990/newport-music-hall-columbus-oh-43d90b8f.html,tour-1991-laughter-lust,1990 / 1991 * Laughter & Lust Tour,,,
TICKET_0237,SHOW_1990-10-11_PITTSBURGH,1990-10-11,Pittsburgh,PA,Metropol,tickets,kk-bk-012.jpg,"Björn Krüger, Germany","Joe Jackson (vocals, keyboards) ; Graham Maby (bass) ; Dan Hickey (drums) ; Tom Teeley (guitar) ; Sue Hadjopoulos (percussion)","Steppin' Out, It's Different for Girls, Right and Wrong, Got the Time, Obvious Song, Goin' Downtown, Fools in Love, Stranger Than Fiction, Another World, Look Sharp!, The Other Me, Real Men, Rant and Rave, Nineteen Forever, Oh Well (cover of Fleetwood Mac), Jamie G., One More Time, [Encore 1], I'm the Man, A Slow Song",19.0,https://www.setlist.fm/setlist/joe-jackson/1990/metropol-pittsburgh-pa-13e80dad.html,,,https://www.setlist.fm/setlist/joe-jackson/1990/metropol-pittsburgh-pa-13e80dad.html,tour-1991-laughter-lust,1990 / 1991 * Laughter & Lust Tour,,,
TICKET_0238,SHOW_1990-10-18_NEWYORK,1990-10-18,New York,NY,The Marquee,tickets,kk-joe-jackson-1990-10-18.jpg,"Gary Gelb, U.S.A.","Joe Jackson (vocals, keyboards) ; Graham Maby (bass) ; Dan Hickey (drums) ; Tom Teeley (guitar) ; Sue Hadjopoulos (percussion)","Steppin' Out (Solo), Right and Wrong (with bass only), Drowning, Goin' Downtown, Got the Time, Obvious Song, It's Different for Girls (duet), Stranger Than Fiction, Another World, Fools in Love, When You're Not Around, Hit Single, Blaze of Glory, [Encore 1], Don't Get Around Much Anymore (cover of Duke Ellington and His Orchestra), I'm the Man, [Encore 2], A Slow Song",16.0,https://www.setlist.fm/setlist/joe-jackson/1990/the-marquee-new-york-ny-438e83f3.html,,,https://www.setlist.fm/setlist/joe-jackson/1990/the-marquee-new-york-ny-438e83f3.html,tour-1991-laughter-lust,1990 / 1991 * Laughter & Lust Tour,,,
TICKET_0239,SHOW_1990-10-20_NEWYORK,1990-10-20,New York,NY,Bottom Line,tickets,kk-joe-jackson-1990-10-20.jpg,"Gert Schaumlöffel, Germany","Joe Jackson (vocals, keyboards) ; Graham Maby (bass) ; Dan Hickey (drums) ; Tom Teeley (guitar) ; Sue Hadjopoulos (percussion)","Steppin' Out, It's Different for Girls, Right and Wrong, Got the Time, Obvious Song, Goin' Downtown, Stranger Than Fiction, Another World, Trying to Cry, Fools in Love, When You're Not Around, Rant and Rave, Nineteen Forever, Oh Well (cover of Fleetwood Mac), Jamie G., Blaze of Glory, Don't Get Around Much Anymore (cover of Duke Ellington and His Orchestra), I'm the Man, A Slow Song",19.0,https://www.setlist.fm/setlist/joe-jackson/1990/the-bottom-line-new-york-ny-4b8e83f2.html,,,https://www.setlist.fm/setlist/joe-jackson/1990/the-bottom-line-new-york-ny-4b8e83f2.html,tour-1991-laughter-lust,1990 / 1991 * Laughter & Lust Tour,,,
TICKET_0240,SHOW_2001-01-06_LEIPZIG,2001-01-06,Leipzig,Germany,Gewandhaus,tickets,kk-bk-013.jpg,"Björn Krüger, Germany","Joe Jackson (vocals, keyboards) ; Graham Maby (bass, vocals) ; Sue Hadjopoulos (percussion) ; Allison Cornell (violin, keyboards, vocals) ; Andy Ezrin (keyboards) ; Catherine Bent (cello) ; Robert Rodriguez (drums)","Prelude / Hell of a Town, You Can't Get What You Want (Till You Know What You Want), Happyland, Stranger Than You, Another World, Reelin' In the Years (cover of Steely Dan), Is She Really Going Out With Him?, Breaking Us in Two, Home Town, Be My Number Two, Drowning, Eleanor Rigby (cover of The Beatles), It's Different for Girls, Love Got Lost, Real Men, Glamour and Pain, Stranger Than Fiction, Target, Just Because..., Got the Time, Stay / Steppin' Out, [Encore 1], One More Time, A Slow Song",23.0,https://www.setlist.fm/setlist/joe-jackson/2001/gewandhaus-leipzig-germany-4bedf7a2.html,,,https://www.setlist.fm/setlist/joe-jackson/2001/gewandhaus-leipzig-germany-4bedf7a2.html,tour-night-day-ii-tour-2001,2001 * Night & Day II Tour,,,
TICKET_0241,SHOW_2001-01-08_DSSELDORF,2001-01-08,Düsseldorf,Germany,Philipshalle,tickets,kk-joe-jackson-2001-01-08.jpg,"Gert Schaumlöffel, Germany","Joe Jackson (vocals, keyboards) ; Graham Maby (bass, vocals) ; Sue Hadjopoulos (percussion) ; Allison Cornell (violin, keyboards, vocals) ; Andy Ezrin (keyboards) ; Catherine Bent (cello) ; Robert Rodriguez (drums)","Prelude / Hell of a Town, You Can't Get What You Want (Till You Know What You Want), Happyland, Stranger Than You, Another World, Reelin' In the Years (cover of Steely Dan), Is She Really Going Out With Him?, Breaking Us in Two, [Set 2], Be My Number Two, Home Town, For No One (cover of The Beatles), You Can't Be Too Strong (cover of Graham Parker & The Rumour), [Set 3], Love Got Lost, Real Men, Blaze of Glory, Glamour and Pain, Target, Just Because..., Got the Time, Stay, Steppin' Out, [Encore 1], Stranger Than Fiction, One More Time, A Slow Song",24.0,https://www.setlist.fm/setlist/joe-jackson/2001/philipshalle-dusseldorf-germany-6bde6ee6.html,,,https://www.setlist.fm/setlist/joe-jackson/2001/philipshalle-dusseldorf-germany-6bde6ee6.html,tour-night-day-ii-tour-2001,2001 * Night & Day II Tour,,,
TICKET_0242,SHOW_2001-01-10_FRANKFURT,2001-01-10,Frankfurt,Germany,Alte Oper,tickets,kk-aw-04.jpg,"Andreas Wiethoff, Germany","Joe Jackson (vocals, keyboards) ; Graham Maby (bass, vocals) ; Sue Hadjopoulos (percussion) ; Allison Cornell (violin, keyboards, vocals) ; Andy Ezrin (keyboards) ; Catherine Bent (cello) ; Robert Rodriguez (drums)","Prelude / Hell of a Town, You Can't Get What You Want (Till You Know What You Want), Happyland, Stranger Than You, Another World, Reelin' In the Years (cover of Steely Dan), Is She Really Going Out With Him?, Breaking Us in Two, Be My Number Two, Home Town, Eleanor Rigby (cover of The Beatles), It's Different for Girls, Love Got Lost, Real Men, Blaze of Glory, Stranger Than Fiction, Glamour and Pain, Target, Just Because..., Got the Time, Stay / Steppin' Out, [Encore 1], One More Time",22.0,https://www.setlist.fm/setlist/joe-jackson/2001/alte-oper-frankfurt-germany-7be2b6f0.html,,,https://www.setlist.fm/setlist/joe-jackson/2001/alte-oper-frankfurt-germany-7be2b6f0.html,tour-night-day-ii-tour-2001,2001 * Night & Day II Tour,,,
TICKET_0243,SHOW_2001-01-13_BIELEFELD,2001-01-13,Bielefeld,Germany,Stadthalle,tickets,"kk-joe-jackson-2001-01-13-2.jpg, kk-joe-jackson-2001-01-13.jpg","Thomas Collin, Germany","Joe Jackson (vocals, keyboards) ; Graham Maby (bass, vocals) ; Sue Hadjopoulos (percussion) ; Allison Cornell (violin, keyboards, vocals) ; Andy Ezrin (keyboards) ; Catherine Bent (cello) ; Robert Rodriguez (drums)","Prelude / Hell of a Town, You Can't Get What You Want (Till You Know What You Want), Happyland, Stranger Than You, Another World, Reelin' In the Years (cover of Steely Dan), Is She Really Going Out With Him?, Breaking Us in Two, Home Town, Be My Number Two, Eleanor Rigby (cover of The Beatles), It's Different for Girls, Love Got Lost, Real Men, Blaze of Glory, Nineteen Forever, Glamour and Pain, Target, Just Because..., Got the Time, Stay / Steppin' Out, [Encore 1], ""Heroes"" (cover of David Bowie), One More Time, A Slow Song",24.0,https://www.setlist.fm/setlist/joe-jackson/2001/stadthalle-bielefeld-bielefeld-germany-43f09f4f.html,,,https://www.setlist.fm/setlist/joe-jackson/2001/stadthalle-bielefeld-bielefeld-germany-43f09f4f.html,tour-night-day-ii-tour-2001,2001 * Night & Day II Tour,,,
TICKET_0244,SHOW_2001-01-14_HAMBURG,2001-01-14,Hamburg,Germany,CCH Saal 2,tickets,kk-joe-jackson-2001-01-14.jpg,"Rolf Thalmann, Germany","Joe Jackson (vocals, keyboards) ; Graham Maby (bass, vocals) ; Sue Hadjopoulos (percussion) ; Allison Cornell (violin, keyboards, vocals) ; Andy Ezrin (keyboards) ; Catherine Bent (cello) ; Robert Rodriguez (drums)","Prelude / Hell of a Town, You Can't Get What You Want (Till You Know What You Want), Dear Mom, Stranger Than You, Another World, Chinatown, Is She Really Going Out With Him?, Breaking Us in Two, Be My Number Two (Solo), Home Town (Solo), For No One (cover of The Beatles), Drowning, It's Different for Girls (Solo), Love Got Lost, Real Men, Stranger Than Fiction, Glamour and Pain, Target, Just Because..., Got the Time, Stay / Steppin' Out, Blaze of Glory, A Slow Song",23.0,https://www.setlist.fm/setlist/joe-jackson/2001/saal-2-hamburg-germany-6bd2fa9e.html,,,https://www.setlist.fm/setlist/joe-jackson/2001/saal-2-hamburg-germany-6bd2fa9e.html,tour-night-day-ii-tour-2001,2001 * Night & Day II Tour,,,
TICKET_0245,SHOW_2001-01-16_BERLIN,2001-01-16,Berlin,Germany,ICC Saal 2,tickets,kk-joe-jackson-2001-01-16.jpg,"Steve Whitbread, U.K.","Joe Jackson (vocals, keyboards) ; Graham Maby (bass, vocals) ; Sue Hadjopoulos (percussion) ; Allison Cornell (violin, keyboards, vocals) ; Andy Ezrin (keyboards) ; Catherine Bent (cello) ; Robert Rodriguez (drums)","Prelude / Hell of a Town, You Can't Get What You Want (Till You Know What You Want), Happyland, Stranger Than You, Another World, Reelin' In the Years (cover of Steely Dan), Is She Really Going Out With Him?, Breaking Us in Two, Not Here, Not Now, Be My Number Two, Home Town, For No One (cover of The Beatles), It's Different for Girls, Love Got Lost, Real Men, Stranger Than Fiction, Glamour and Pain, Target, Just Because..., Got the Time, Stay / Steppin' Out, [Encore 1], ""Heroes"" (cover of David Bowie), One More Time, A Slow Song",25.0,https://www.setlist.fm/setlist/joe-jackson/2001/icc-2-berlin-germany-5be0cf34.html,,,https://www.setlist.fm/setlist/joe-jackson/2001/icc-2-berlin-germany-5be0cf34.html,tour-night-day-ii-tour-2001,2001 * Night & Day II Tour,,,
TICKET_0246,SHOW_2001-01-18_PARIS,2001-01-18,Paris,France,Olympia,tickets,"kk-sm-2.jpg, kk-joe-jackson-2001-01-18.jpg, kk-joe-jackson-2001-01-18-op.jpg","Olivier Popincourt, France","Joe Jackson (vocals, keyboards) ; Graham Maby (bass, vocals) ; Sue Hadjopoulos (percussion) ; Allison Cornell (violin, keyboards, vocals) ; Andy Ezrin (keyboards) ; Catherine Bent (cello) ; Robert Rodriguez (drums)","Hell of a Town, You Can't Get What You Want (Till You Know What You Want), Happyland, Stranger Than You, Another World, Reelin' In the Years (cover of Steely Dan), Is She Really Going Out With Him?, Breaking Us in Two, Be My Number Two, Home Town, For No One (cover of The Beatles), You Can't Be Too Strong (cover of Graham Parker & The Rumour), It's Different for Girls, Love Got Lost, Real Men, Stranger Than Fiction, Glamour and Pain, Target, Just Because..., Got the Time, Stay, Steppin' Out, [Encore 1], Blaze of Glory, One More Time, A Slow Song",25.0,https://www.setlist.fm/setlist/joe-jackson/2001/lolympia-bruno-coquatrix-paris-france-394750f.html,https://youtu.be/VBY1008UDoA,,https://www.setlist.fm/setlist/joe-jackson/2001/lolympia-bruno-coquatrix-paris-france-394750f.html,tour-night-day-ii-tour-2001,2001 * Night & Day II Tour,,,
TICKET_0247,SHOW_2001-01-20_LYON,2001-01-20,Lyon,France,La Bourse du Travail,tickets,kk-gs-joe-jackson-2001-01-20.jpg,"Gert Schaumlöffel, Germany","Joe Jackson (vocals, keyboards) ; Graham Maby (bass, vocals) ; Sue Hadjopoulos (percussion) ; Allison Cornell (violin, keyboards, vocals) ; Andy Ezrin (keyboards) ; Catherine Bent (cello) ; Robert Rodriguez (drums)",,0.0,https://www.setlist.fm/setlist/joe-jackson/2001/la-bourse-du-travail-lyon-france-438eff87.html,,,https://www.setlist.fm/setlist/joe-jackson/2001/la-bourse-du-travail-lyon-france-438eff87.html,tour-night-day-ii-tour-2001,2001 * Night & Day II Tour,,,
TICKET_0248,SHOW_2001-01-31_MNCHENMUNICH,2001-01-31,München (Munich),Germany,Philharmonie,tickets,kk-joe-jackson-2001-01-31.jpg,"Robert Keller, Germany","Joe Jackson (vocals, keyboards) ; Graham Maby (bass, vocals) ; Sue Hadjopoulos (percussion) ; Allison Cornell (violin, keyboards, vocals) ; Andy Ezrin (keyboards) ; Catherine Bent (cello) ; Robert Rodriguez (drums)",,0.0,https://www.setlist.fm/setlist/joe-jackson/2001/philharmonie-im-gasteig-munich-germany-738efe7d.html,,,https://www.setlist.fm/setlist/joe-jackson/2001/philharmonie-im-gasteig-munich-germany-738efe7d.html,tour-night-day-ii-tour-2001,2001 * Night & Day II Tour,,,
TICKET_0249,SHOW_2001-02-12_AMSTERDAM,2001-02-12,Amsterdam,Netherlands,Carre,tickets,kk-joe-jackson-2001-02-12.jpg,"Lammert Veen, Netherlands","Joe Jackson (vocals, keyboards) ; Graham Maby (bass, vocals) ; Sue Hadjopoulos (percussion) ; Allison Cornell (violin, keyboards, vocals) ; Andy Ezrin (keyboards) ; Catherine Bent (cello) ; Robert Rodriguez (drums)","Prelude / Hell of a Town, Stranger Than You, Breaking Us in Two, Is She Really Going Out With Him?, Reelin' In the Years (cover of Steely Dan), Happyland, Another World, Be My Number Two, For No One (cover of The Beatles), It's Different for Girls, Drowning, Love Got Lost, Glamour and Pain, Got the Time, Target, Just Because..., Stay / Steppin' Out, Blaze of Glory, A Slow Song",19.0,https://www.setlist.fm/setlist/joe-jackson/2001/koninklijk-theater-carre-amsterdam-netherlands-2bf5fc4a.html,,,https://www.setlist.fm/setlist/joe-jackson/2001/koninklijk-theater-carre-amsterdam-netherlands-2bf5fc4a.html,tour-night-day-ii-tour-2001,2001 * Night & Day II Tour,,,
TICKET_0250,SHOW_2001-02-13_ROTTERDAM,2001-02-13,Rotterdam,Netherlands,de Doelen,tickets,kk-joe-jackson-2001-02-13.jpg,"Hans Gordijn, Netherlands","Joe Jackson (vocals, keyboards) ; Graham Maby (bass, vocals) ; Sue Hadjopoulos (percussion) ; Allison Cornell (violin, keyboards, vocals) ; Andy Ezrin (keyboards) ; Catherine Bent (cello) ; Robert Rodriguez (drums)","Prelude / Hell of a Town, Stranger Than You, Breaking Us in Two, Is She Really Going Out With Him?, Reelin' In the Years (cover of Steely Dan), Happyland, Another World, Be My Number Two, For No One (cover of The Beatles), It's Different for Girls, Drowning, Love Got Lost, Glamour and Pain, Got the Time, Target, Just Because..., Stay / Steppin' Out, Blaze of Glory, A Slow Song",19.0,https://www.setlist.fm/setlist/joe-jackson/2001/de-doelen-rotterdam-netherlands-63968297.html,,,https://www.setlist.fm/setlist/joe-jackson/2001/de-doelen-rotterdam-netherlands-63968297.html,tour-night-day-ii-tour-2001,2001 * Night & Day II Tour,,,
TICKET_0251,SHOW_2001-02-17_LONDON,2001-02-17,London,U.K.,Royal Festival Hall,tickets,kk-joe-jackson-2001-02-17.jpg,"Steve Whitbread, U.K.","Joe Jackson (vocals, keyboards) ; Graham Maby (bass, vocals) ; Sue Hadjopoulos (percussion) ; Allison Cornell (violin, keyboards, vocals) ; Andy Ezrin (keyboards) ; Catherine Bent (cello) ; Robert Rodriguez (drums)","Prelude / Hell of a Town, Stranger Than You, Breaking Us in Two, Is She Really Going Out With Him?, Reelin' In the Years (cover of Steely Dan), Happyland, Another World, Be My Number Two, For No One (cover of The Beatles), It's Different for Girls, Drowning, Love Got Lost, Glamour and Pain, Got the Time, Target, Just Because..., Stay / Steppin' Out, Blaze of Glory, A Slow Song",19.0,https://www.setlist.fm/setlist/joe-jackson/2001/royal-festival-hall-london-england-7bccba24.html,,,https://www.setlist.fm/setlist/joe-jackson/2001/royal-festival-hall-london-england-7bccba24.html,tour-night-day-ii-tour-2001,2001 * Night & Day II Tour,,,
TICKET_0252,SHOW_2001-02-19_BIRMINGHAM,2001-02-19,Birmingham,U.K.,Symphony Hall,tickets,kk-joe-jackson-2001-02-19.jpg,"Mike Baggaley, U.K.","Joe Jackson (vocals, keyboards) ; Graham Maby (bass, vocals) ; Sue Hadjopoulos (percussion) ; Allison Cornell (violin, keyboards, vocals) ; Andy Ezrin (keyboards) ; Catherine Bent (cello) ; Robert Rodriguez (drums)","A Slow Song, Is She Really Going Out With Him?",2.0,https://www.setlist.fm/setlist/joe-jackson/2001/symphony-hall-birmingham-england-73ccba25.html,,,https://www.setlist.fm/setlist/joe-jackson/2001/symphony-hall-birmingham-england-73ccba25.html,tour-night-day-ii-tour-2001,2001 * Night & Day II Tour,,,
TICKET_0253,SHOW_2001-02-20_MANCHESTER,2001-02-20,Manchester,U.K.,Apollo,tickets,kk-joe-jackson-2001-02-20.jpg,"Gert Schaumlöffel, Germany","Joe Jackson (vocals, keyboards) ; Graham Maby (bass, vocals) ; Sue Hadjopoulos (percussion) ; Allison Cornell (violin, keyboards, vocals) ; Andy Ezrin (keyboards) ; Catherine Bent (cello) ; Robert Rodriguez (drums)","Prelude / Hell of a Town, You Can't Get What You Want (Till You Know What You Want), Stranger Than You, Fools in Love, Another World, Chinatown, Is She Really Going Out With Him?, Breaking Us in Two, Be My Number Two, Home Town, Any Major Dude Will Tell You (cover of Steely Dan), For No One (cover of The Beatles), It's Different for Girls, Love Got Lost, Real Men, Stranger Than Fiction, Glamour and Pain, Target, Just Because..., Got the Time, Stay / Steppin' Out, [Encore 1], One More Time, A Slow Song",23.0,https://www.setlist.fm/setlist/joe-jackson/2001/manchester-apollo-manchester-england-73d922ad.html,,,https://www.setlist.fm/setlist/joe-jackson/2001/manchester-apollo-manchester-england-73d922ad.html,tour-night-day-ii-tour-2001,2001 * Night & Day II Tour,,,
TICKET_0254,SHOW_2001-03-12_WASHINGTON,2001-03-12,Washington,DC,Warner Theatre,tickets,kk-joe-jackson-2001-03-12.jpg,"Norm Friedlander, U.S.A.","Joe Jackson (vocals, keyboards) ; Graham Maby (bass, vocals) ; Sue Hadjopoulos (percussion) ; Allison Cornell (violin, keyboards, vocals) ; Andy Ezrin (keyboards) ; Catherine Bent (cello) ; Robert Rodriguez (drums)","Prelude / Hell of a Town, You Can't Get What You Want (Till You Know What You Want), Happyland, Fools in Love, Another World, Is She Really Going Out With Him?, Stranger Than You, Love Got Lost, Breaking Us in Two, Home Town, For No One (cover of The Beatles), Be My Number Two (solo), It's Different for Girls, Drowning, Real Men, Glamour and Pain, Target, Just Because..., Got the Time, Stay / Steppin' Out, [Encore 1], Blaze of Glory, A Slow Song",22.0,https://www.setlist.fm/setlist/joe-jackson/2001/warner-theatre-washington-dc-3bdc68ac.html,,,https://www.setlist.fm/setlist/joe-jackson/2001/warner-theatre-washington-dc-3bdc68ac.html,tour-night-day-ii-tour-2001,2001 * Night & Day II Tour,,,
TICKET_0255,SHOW_2001-03-13_UPPERDARBY,2001-03-13,Upper Darby,PA,Tower Theater,tickets,kk-joe-jackson-2001-03-13.jpg,"Sheva Golkow, U.S.A.","Joe Jackson (vocals, keyboards) ; Graham Maby (bass, vocals) ; Sue Hadjopoulos (percussion) ; Allison Cornell (violin, keyboards, vocals) ; Andy Ezrin (keyboards) ; Catherine Bent (cello) ; Robert Rodriguez (drums)",,0.0,https://www.setlist.fm/setlist/joe-jackson/2001/tower-theatre-upper-darby-pa-7b8efe6c.html,,,https://www.setlist.fm/setlist/joe-jackson/2001/tower-theatre-upper-darby-pa-7b8efe6c.html,tour-night-day-ii-tour-2001,2001 * Night & Day II Tour,,,
TICKET_0256,SHOW_2001-03-15_NEWYORK,2001-03-15,New York,NY,,tickets,"kk-jn-17.jpg, kk-joe-jackson-2001-03-15.jpg","John Nyman, U.S.A.","Joe Jackson (vocals, keyboards) ; Graham Maby (bass, vocals) ; Sue Hadjopoulos (percussion) ; Allison Cornell (violin, keyboards, vocals) ; Andy Ezrin (keyboards) ; Catherine Bent (cello) ; Robert Rodriguez (drums)",,0.0,https://www.setlist.fm/setlist/joe-jackson/2001/tribeca-performing-arts-center-new-york-ny-53848f25.html,,,https://www.setlist.fm/setlist/joe-jackson/2001/tribeca-performing-arts-center-new-york-ny-53848f25.html,tour-night-day-ii-tour-2001,2001 * Night & Day II Tour,,,
TICKET_0257,SHOW_2001-03-17_REDBANK,2001-03-17,Red Bank,NJ,Count Basie Theatre,tickets,"kk-joe-jackson-2001-03-17-2.jpg, kk-jn-04.jpg","Benjamin Davis, U.S.A.","Joe Jackson (vocals, keyboards) ; Graham Maby (bass, vocals) ; Sue Hadjopoulos (percussion) ; Allison Cornell (violin, keyboards, vocals) ; Andy Ezrin (keyboards) ; Catherine Bent (cello) ; Robert Rodriguez (drums)","Prelude / Hell of a Town, You Can't Get What You Want (Till You Know What You Want), Fools in Love, Stranger Than You, Another World, Reelin' In the Years (cover of Steely Dan), Is She Really Going Out With Him?, Breaking Us in Two, Home Town, It's Different for Girls, The Man Who Wrote Danny Boy, Cancer, Love Got Lost, Real Men, Glamour and Pain, Target, Just Because..., Got the Time, Stay / Steppin' Out, [Encore 1], One More Time, A Slow Song",21.0,https://www.setlist.fm/setlist/joe-jackson/2001/count-basie-theatre-red-bank-nj-6b86160e.html,,,https://www.setlist.fm/setlist/joe-jackson/2001/count-basie-theatre-red-bank-nj-6b86160e.html,tour-night-day-ii-tour-2001,2001 * Night & Day II Tour,,,
TICKET_0258,SHOW_2001-03-29_CHICAGO,2001-03-29,Chicago,IL,The Riviera,tickets,kk-joe-jackson-2001-03-29.jpg,"Gert Schaumlöffel, Germany","Joe Jackson (vocals, keyboards) ; Graham Maby (bass, vocals) ; Sue Hadjopoulos (percussion) ; Allison Cornell (violin, keyboards, vocals) ; Andy Ezrin (keyboards) ; Catherine Bent (cello) ; Robert Rodriguez (drums)","Prelude / Hell of a Town, You Can't Get What You Want (Till You Know What You Want), Dear Mom, Fools in Love, Stranger Than You, Cancer, Is She Really Going Out With Him?, Not Here, Not Now, Be My Number Two, Any Major Dude Will Tell You (cover of Steely Dan), It's Different for Girls, Down to London / The ""In"" Crowd, Love Got Lost, Another World, Glamour and Pain, Target, Just Because..., Got the Time, Stay / Steppin' Out, [Encore 1], A Slow Song",21.0,https://www.setlist.fm/setlist/joe-jackson/2001/riviera-theatre-chicago-il-63d7ba93.html,,,https://www.setlist.fm/setlist/joe-jackson/2001/riviera-theatre-chicago-il-63d7ba93.html,tour-night-day-ii-tour-2001,2001 * Night & Day II Tour,,,
TICKET_0259,SHOW_2001-03-31_MINNEAPOLIS,2001-03-31,Minneapolis,MN,Historic State Theatre,tickets,kk-joe-jackson-2001-03-31.jpg,"Shan Lines, U.S.A.","Joe Jackson (vocals, keyboards) ; Graham Maby (bass, vocals) ; Sue Hadjopoulos (percussion) ; Allison Cornell (violin, keyboards, vocals) ; Andy Ezrin (keyboards) ; Catherine Bent (cello) ; Robert Rodriguez (drums)","Prelude / Hell of a Town, You Can't Get What You Want (Till You Know What You Want), Fools in Love, Stranger Than You, Cancer, Is She Really Going Out With Him?, Not Here, Not Now, Be My Number Two (solo), It's Different for Girls (solo), Down to London / The ""In"" Crowd, Love Got Lost, Another World, Glamour and Pain, Target, Just Because..., Got the Time, Stay / Steppin' Out, [Encore 1], A Slow Song",19.0,https://www.setlist.fm/setlist/joe-jackson/2001/state-theatre-minneapolis-mn-1bed01f4.html,,,https://www.setlist.fm/setlist/joe-jackson/2001/state-theatre-minneapolis-mn-1bed01f4.html,tour-night-day-ii-tour-2001,2001 * Night & Day II Tour,,,
TICKET_0260,SHOW_2001-04-01_MILWAUKEE,2001-04-01,Milwaukee,WI,Riverside Theatre,tickets,kk-joe-jackson-2001-04-01.jpg,"Ian Bowes, South Africa","Joe Jackson (vocals, keyboards) ; Graham Maby (bass, vocals) ; Sue Hadjopoulos (percussion) ; Allison Cornell (violin, keyboards, vocals) ; Andy Ezrin (keyboards) ; Catherine Bent (cello) ; Robert Rodriguez (drums)","Prelude / Hell of a Town, You Can't Get What You Want (Till You Know What You Want), Fools in Love, Stranger Than You, Another World, Chinatown, Is She Really Going Out With Him?, Breaking Us in Two, Be My Number Two, For No One (cover of The Beatles), Home Town, Love Got Lost, Real Men, It's Different for Girls, Glamour and Pain, Target, Just Because..., Got the Time, Stay / Steppin' Out, [Encore 1], Blaze of Glory, A Slow Song",21.0,https://www.setlist.fm/setlist/joe-jackson/2001/riverside-theater-milwaukee-wi-2bd9843a.html,,,https://www.setlist.fm/setlist/joe-jackson/2001/riverside-theater-milwaukee-wi-2bd9843a.html,tour-night-day-ii-tour-2001,2001 * Night & Day II Tour,,,
TICKET_0261,SHOW_2001-04-03_BOULDER,2001-04-03,Boulder,CO,Boulder Theatre,tickets,kk-joe-jackson-2001-04-03.jpg,"Ian Bowes, South Africa","Joe Jackson (vocals, keyboards) ; Graham Maby (bass, vocals) ; Sue Hadjopoulos (percussion) ; Allison Cornell (violin, keyboards, vocals) ; Andy Ezrin (keyboards) ; Catherine Bent (cello) ; Robert Rodriguez (drums)","Prelude / Hell of a Town, You Can't Get What You Want (Till You Know What You Want), Fools in Love, Stranger Than You, Another World, Chinatown, Is She Really Going Out With Him?, Not Here, Not Now, [Set 2], Be My Number Two, Any Major Dude Will Tell You (cover of Steely Dan), The In Crowd / Down to London, Love Got Lost, Cancer, Nineteen Forever, Glamour and Pain, Target, Just Because..., Got the Time, Stay / Steppin' Out, [Encore 1], ""Heroes"" (cover of David Bowie), One More Time, A Slow Song",23.0,https://www.setlist.fm/setlist/joe-jackson/2001/boulder-theater-boulder-co-3be64850.html,,,https://www.setlist.fm/setlist/joe-jackson/2001/boulder-theater-boulder-co-3be64850.html,tour-night-day-ii-tour-2001,2001 * Night & Day II Tour,,,
TICKET_0262,SHOW_2001-04-15_SANDIEGO,2001-04-15,San Diego,CA,4th & B,tickets,kk-jw-07.jpg,"Jenniffer Woodson, U.S.A.","Joe Jackson (vocals, keyboards) ; Graham Maby (bass, vocals) ; Sue Hadjopoulos (percussion) ; Allison Cornell (violin, keyboards, vocals) ; Andy Ezrin (keyboards) ; Catherine Bent (cello) ; Robert Rodriguez (drums)","Prelude / Hell of a Town, You Can't Get What You Want (Till You Know What You Want), Fools in Love, Stranger Than You, Another World, Is She Really Going Out With Him?, Breaking Us in Two, Be My Number Two, Home Town, It's Different for Girls, Love Got Lost, Stranger Than Fiction, Glamour and Pain, Target, Just Because..., Got the Time, Stay / Steppin' Out, [Encore 1], Blaze of Glory, One More Time, A Slow Song",20.0,https://www.setlist.fm/setlist/joe-jackson/2001/4th-and-b-san-diego-ca-bf421d6.html,,,https://www.setlist.fm/setlist/joe-jackson/2001/4th-and-b-san-diego-ca-bf421d6.html,tour-night-day-ii-tour-2001,2001 * Night & Day II Tour,,,
TICKET_0263,SHOW_2001-04-16_LOSANGELES,2001-04-16,Los Angeles,CA,John Anson Ford Theatre (open air),tickets,kk-jw-05.jpg,"Jenniffer Woodson, U.S.A.","Joe Jackson (vocals, keyboards) ; Graham Maby (bass, vocals) ; Sue Hadjopoulos (percussion) ; Allison Cornell (violin, keyboards, vocals) ; Andy Ezrin (keyboards) ; Catherine Bent (cello) ; Robert Rodriguez (drums)","Prelude / Hell of a Town, You Can't Get What You Want (Till You Know What You Want), Fools in Love, Stranger Than You, Another World, Is She Really Going Out With Him?, Be My Number Two, Blue Flame (cover of Joe Jackson Band), Home Town, Cancer, Love Got Lost, Nineteen Forever, Glamour and Pain, Target, Just Because..., Got the Time, Stay / Steppin' Out, [Encore 1], It's Different for Girls, One More Time, A Slow Song",20.0,https://www.setlist.fm/setlist/joe-jackson/2001/john-anson-ford-amphitheatre-los-angeles-ca-13ea81e5.html,,,https://www.setlist.fm/setlist/joe-jackson/2001/john-anson-ford-amphitheatre-los-angeles-ca-13ea81e5.html,tour-night-day-ii-tour-2001,2001 * Night & Day II Tour,,,
TICKET_0264,SHOW_2001-04-20_NEWYORK,2001-04-20,New York,NY,Beacon Theatre,tickets,kk-jn-05.jpg,"John Nyman, U.S.A.","Joe Jackson (vocals, keyboards) ; Graham Maby (bass, vocals) ; Sue Hadjopoulos (percussion) ; Allison Cornell (violin, keyboards, vocals) ; Andy Ezrin (keyboards) ; Catherine Bent (cello) ; Robert Rodriguez (drums)","Prelude / Hell of a Town, You Can't Get What You Want (Till You Know What You Want), Happyland, Fools in Love, Stranger Than You, Another World, Cancer, Is She Really Going Out With Him?, It's Different for Girls, Be My Number Two, Any Major Dude Will Tell You (cover of Steely Dan), Home Town, Drowning, Down to London / The ""In"" Crowd, Love Got Lost, Stranger Than Fiction, Glamour and Pain, Target, Just Because..., Got the Time, Stay / Steppin' Out, [Encore 1], ""Heroes"" (cover of David Bowie), One More Time, A Slow Song",24.0,https://www.setlist.fm/setlist/joe-jackson/2001/beacon-theatre-new-york-ny-23c3bc9b.html,,,https://www.setlist.fm/setlist/joe-jackson/2001/beacon-theatre-new-york-ny-23c3bc9b.html,tour-night-day-ii-tour-2001,2001 * Night & Day II Tour,,,
TICKET_0265,SHOW_2001-01-01_20002001,,,,,passes,kk-joe-jackson-2000-pass.jpg,"Gert Schaumlöffel, Germany","Joe Jackson (vocals, keyboards) ; Graham Maby (bass, vocals) ; Sue Hadjopoulos (percussion) ; Allison Cornell (violin, keyboards, vocals) ; Andy Ezrin (keyboards) ; Catherine Bent (cello) ; Robert Rodriguez (drums)",,0.0,,,,,tour-2001-night-day-ii-tour,2001 * Night & Day II Tour,,,
TICKET_0266,SHOW_1989-06-29_MNSTER,1989-06-29,Münster,Germany,Jovel,tickets,kk-jj-gs-1989-06-29.jpg,"Gert Schaumlöffel, Germany","Joe Jackson (vocals, piano) ; Graham Maby (bass) ; Gary Burke (drums) ; Vinnie Zummo (guitar) ; Sue Hadjopoulos (percussion) ; Joy Askew (keyboards) ; Tom Teeley (guitar, vocals)","You Can't Get What You Want (Till You Know What You Want), Right and Wrong, Is She Really Going Out With Him?, Tomorrow's World, Me and You (Against the World), Down to London, Home Town, Not Here, Not Now, The Jet Set, Rant and Rave, Nineteen Forever, The Best I Can Do, Steppin' Out, I'm the Man, Blaze of Glory, A Slow Song",17.0,https://www.setlist.fm/setlist/joe-jackson/1989/jovel-music-hall-munster-germany-23e1ec4b.html,,,https://www.setlist.fm/setlist/joe-jackson/1989/jovel-music-hall-munster-germany-23e1ec4b.html,tour-1989-blaze-glory,1989 * Blaze of Glory Tour,,,
TICKET_0267,SHOW_1989-08-02_BOSTON,1989-08-02,Boston,MA,Orpheum Theatre,tickets,kk-joe-jackson-1989-08-02.jpg,"Gert Schaumlöffel, Germany","Joe Jackson (vocals, piano) ; Graham Maby (bass) ; Gary Burke (drums) ; Vinnie Zummo (guitar) ; Sue Hadjopoulos (percussion) ; Joy Askew (keyboards) ; Tom Teeley (guitar, vocals)",,0.0,https://www.setlist.fm/setlist/joe-jackson/1989/orpheum-theatre-boston-ma-4b8e8352.html,,,https://www.setlist.fm/setlist/joe-jackson/1989/orpheum-theatre-boston-ma-4b8e8352.html,tour-1989-blaze-glory,1989 * Blaze of Glory Tour,,,
TICKET_0268,SHOW_1989-08-06_COLUMBIA,1989-08-06,Columbia,MD,Merriweather Post Pavilion,tickets,kk-joe-jackson-1989-08-06.jpg,"Gert Schaumlöffel, Germany","Joe Jackson (vocals, piano) ; Graham Maby (bass) ; Gary Burke (drums) ; Vinnie Zummo (guitar) ; Sue Hadjopoulos (percussion) ; Joy Askew (keyboards) ; Tom Teeley (guitar, vocals)","You Can't Get What You Want (Till You Know What You Want), Right and Wrong, Is She Really Going Out With Him?, Home Town, It's Different for Girls, The Jet Set, Tomorrow's World, Me and You (Against the World), Down to London, Sentimental Thing, Acropolis Now, Blaze of Glory, Breaking Us in Two, Rant and Rave, Nineteen Forever, The Best I Can Do, Evil Empire, Discipline, The Human Touch, Steppin' Out, I'm the Man, [Encore 1], What’s the Use of Getting Sober (When You’re Gonna Get Drunk Again)? (cover of Louis Jordan and His Tympany Five), Jumpin' Jive (cover of Cab Calloway and His Orchestra), Take the ""A"" Train (cover of Duke Ellington and His Orchestra), A Slow Song",25.0,https://www.setlist.fm/setlist/joe-jackson/1989/merriweather-post-pavilion-columbia-md-7bfd26fc.html,,,https://www.setlist.fm/setlist/joe-jackson/1989/merriweather-post-pavilion-columbia-md-7bfd26fc.html,tour-1989-blaze-glory,1989 * Blaze of Glory Tour,,,
TICKET_0269,SHOW_1989-08-09_NEWYORK,1989-08-09,New York,NY,Beacon Theatre,tickets,kk-jn-16.jpg,"John Nyman, U.S.A.","Joe Jackson (vocals, piano) ; Graham Maby (bass) ; Gary Burke (drums) ; Vinnie Zummo (guitar) ; Sue Hadjopoulos (percussion) ; Joy Askew (keyboards) ; Tom Teeley (guitar, vocals)","You Can't Get What You Want (Till You Know What You Want), Right and Wrong, Is She Really Going Out With Him?, Cha Cha Loco, Not Here, Not Now, Fifty Dollar Love Affair, The Jet Set, Tomorrow's World, Me and You (Against the World), Down to London, Sentimental Thing, Acropolis Now, Blaze of Glory, Breaking Us in Two (instrumental), Rant and Rave, Nineteen Forever, The Best I Can Do, Evil Empire, Discipline, The Human Touch, Steppin' Out, I'm the Man, [Encore 1], What’s the Use of Getting Sober (When You’re Gonna Get Drunk Again)? (cover of Louis Jordan and His Tympany Five), Jumpin' Jive (cover of Cab Calloway and His Orchestra), Take the ""A"" Train (cover of Duke Ellington and His Orchestra), A Slow Song",27.0,https://www.setlist.fm/setlist/joe-jackson/1989/beacon-theatre-new-york-ny-4bc2ffce.html,,,https://www.setlist.fm/setlist/joe-jackson/1989/beacon-theatre-new-york-ny-4bc2ffce.html,tour-1989-blaze-glory,1989 * Blaze of Glory Tour,,,
TICKET_0270,SHOW_1989-08-12_ROYALOAK,1989-08-12,Royal Oak,MI,Royal Oak Music Theatre,tickets,kk-joe-jackson-1989-08-12.jpg,"Gert Schaumlöffel, Germany","Joe Jackson (vocals, piano) ; Graham Maby (bass) ; Gary Burke (drums) ; Vinnie Zummo (guitar) ; Sue Hadjopoulos (percussion) ; Joy Askew (keyboards) ; Tom Teeley (guitar, vocals)",,0.0,https://www.setlist.fm/setlist/joe-jackson/1989/royal-oak-music-theatre-royal-oak-mi-1b9c9570.html,,,https://www.setlist.fm/setlist/joe-jackson/1989/royal-oak-music-theatre-royal-oak-mi-1b9c9570.html,tour-1989-blaze-glory,1989 * Blaze of Glory Tour,,,
TICKET_0271,SHOW_1989-08-13_CHICAGO,1989-08-13,Chicago,IL,Chicago Theatre,tickets,kk-joe-jackson-1989-08-13.jpg,"Gert Schaumlöffel, Germany","Joe Jackson (vocals, piano) ; Graham Maby (bass) ; Gary Burke (drums) ; Vinnie Zummo (guitar) ; Sue Hadjopoulos (percussion) ; Joy Askew (keyboards) ; Tom Teeley (guitar, vocals)","You Can't Get What You Want (Till You Know What You Want), Right and Wrong, Is She Really Going Out With Him?, Cha Cha Loco, It's Different for Girls, Fifty Dollar Love Affair, The Jet Set, Tomorrow's World, Me and You (Against the World), Down to London, Sentimental Thing, Acropolis Now, Blaze of Glory, Breaking Us in Two, Rant and Rave, Nineteen Forever, The Best I Can Do, Evil Empire, Discipline, The Human Touch, Steppin' Out, I'm the Man, What’s the Use of Getting Sober (When You’re Gonna Get Drunk Again)? (cover of Louis Jordan and His Tympany Five), Jumpin' Jive (cover of Cab Calloway and His Orchestra), Take the ""A"" Train (cover of Duke Ellington and His Orchestra), A Slow Song",26.0,https://www.setlist.fm/setlist/joe-jackson/1989/the-chicago-theatre-chicago-il-3bd984b0.html,,,https://www.setlist.fm/setlist/joe-jackson/1989/the-chicago-theatre-chicago-il-3bd984b0.html,tour-1989-blaze-glory,1989 * Blaze of Glory Tour,,,
TICKET_0272,SHOW_1989-08-19_BERKELEY,1989-08-19,Berkeley,CA,The Majestic Theatre,tickets,kk-joe-jackson-1989-08-19.jpg,"Gert Schaumlöffel, Germany","Joe Jackson (vocals, piano) ; Graham Maby (bass) ; Gary Burke (drums) ; Vinnie Zummo (guitar) ; Sue Hadjopoulos (percussion) ; Joy Askew (keyboards) ; Tom Teeley (guitar, vocals)","Tomorrow's World, Me and You (Against the World), Down to London, Sentimental Thing, Acropolis Now, Blaze of Glory, Rant and Rave, Nineteen Forever, The Best I Can Do, Evil Empire, Discipline, The Human Touch",12.0,https://www.setlist.fm/setlist/joe-jackson/1989/majestic-theatre-dallas-tx-5bff5334.html,,,https://www.setlist.fm/setlist/joe-jackson/1989/majestic-theatre-dallas-tx-5bff5334.html,tour-1989-blaze-glory,1989 * Blaze of Glory Tour,,,
TICKET_0273,SHOW_1989-08-25_BERKELEY,1989-08-25,Berkeley,CA,Greek Theatre (open air),tickets,kk-joe-jackson-1989-08-25.jpg,"Gert Schaumlöffel, Germany","Joe Jackson (vocals, piano) ; Graham Maby (bass) ; Gary Burke (drums) ; Vinnie Zummo (guitar) ; Sue Hadjopoulos (percussion) ; Joy Askew (keyboards) ; Tom Teeley (guitar, vocals)","You Can't Get What You Want (Till You Know What You Want), Right and Wrong, Is She Really Going Out With Him?, Cha Cha Loco, Home Town, It's Different for Girls, The Jet Set, Tomorrow's World, Me and You (Against the World), Down to London, Sentimental Thing, Acropolis Now, Blaze of Glory, Breaking Us in Two (Instrumental), Rant and Rave, Nineteen Forever, The Best I Can Do, Evil Empire, Discipline, The Human Touch, Steppin' Out, I'm the Man, What’s the Use of Getting Sober (When You’re Gonna Get Drunk Again)? (cover of Louis Jordan and His Tympany Five), Jumpin' Jive (cover of Cab Calloway and His Orchestra), Jumping With Symphony Sid (cover of Lester Young and His Sextet), A Slow Song",26.0,https://www.setlist.fm/setlist/joe-jackson/1989/william-randolph-hearst-greek-theatre-berkeley-ca-2bdbc8fe.html,,,https://www.setlist.fm/setlist/joe-jackson/1989/william-randolph-hearst-greek-theatre-berkeley-ca-2bdbc8fe.html,tour-1989-blaze-glory,1989 * Blaze of Glory Tour,,,
TICKET_0274,SHOW_1989-08-26_SANDIEGO,1989-08-26,San Diego,CA,San Diego State Open Air Theatre,tickets,kk-joe-jackson-1989-08-26.jpg,"Gert Schaumlöffel, Germany","Joe Jackson (vocals, piano) ; Graham Maby (bass) ; Gary Burke (drums) ; Vinnie Zummo (guitar) ; Sue Hadjopoulos (percussion) ; Joy Askew (keyboards) ; Tom Teeley (guitar, vocals)",,0.0,https://www.setlist.fm/setlist/joe-jackson/1989/sdsu-open-air-theatre-san-diego-state-university-san-diego-ca-7bce0af8.html,,,https://www.setlist.fm/setlist/joe-jackson/1989/sdsu-open-air-theatre-san-diego-state-university-san-diego-ca-7bce0af8.html,tour-1989-blaze-glory,1989 * Blaze of Glory Tour,,,
TICKET_0275,SHOW_1989-08-28_LOSANGELES,1989-08-28,Los Angeles,CA,The Wiltern Theatre,tickets,"kk-joe-jackson-1989-08-28.jpg, kk-joe-jackson-1989-08-30.jpg","Gert Schaumlöffel, Germany","Joe Jackson (vocals, piano) ; Graham Maby (bass) ; Gary Burke (drums) ; Vinnie Zummo (guitar) ; Sue Hadjopoulos (percussion) ; Joy Askew (keyboards) ; Tom Teeley (guitar, vocals)",,0.0,https://www.setlist.fm/setlist/joe-jackson/1989/wiltern-theatre-los-angeles-ca-438e833f.html,,,https://www.setlist.fm/setlist/joe-jackson/1989/wiltern-theatre-los-angeles-ca-438e833f.html,tour-1989-blaze-glory,1989 * Blaze of Glory Tour,,,
TICKET_0276,SHOW_1989-09-13_MINNEAPOLIS,1989-09-13,Minneapolis,MN,Orpheum Theatre,tickets,kk-joe-jackson-1989-09-13.jpg,"Shan Lines, U.S.A.","Joe Jackson (vocals, piano) ; Graham Maby (bass) ; Gary Burke (drums) ; Vinnie Zummo (guitar) ; Sue Hadjopoulos (percussion) ; Joy Askew (keyboards) ; Tom Teeley (guitar, vocals)",,0.0,https://www.setlist.fm/setlist/joe-jackson/1989/orpheum-theatre-minneapolis-mn-4b8e832a.html,,,https://www.setlist.fm/setlist/joe-jackson/1989/orpheum-theatre-minneapolis-mn-4b8e832a.html,tour-1989-blaze-glory,1989 * Blaze of Glory Tour,,,
TICKET_0277,SHOW_1989-09-14_MILWAUKEE,1989-09-14,Milwaukee,WI,Riverside Theatre,tickets,kk-joe-jackson-1989-09-14.jpg,"Gert Schaumlöffel, Germany","Joe Jackson (vocals, piano) ; Graham Maby (bass) ; Gary Burke (drums) ; Vinnie Zummo (guitar) ; Sue Hadjopoulos (percussion) ; Joy Askew (keyboards) ; Tom Teeley (guitar, vocals)",,0.0,https://www.setlist.fm/setlist/joe-jackson/1989/riverside-theater-milwaukee-wi-438e832f.html,,,https://www.setlist.fm/setlist/joe-jackson/1989/riverside-theater-milwaukee-wi-438e832f.html,tour-1989-blaze-glory,1989 * Blaze of Glory Tour,,,
TICKET_0278,SHOW_1989-09-20_POUGHKEEPSIE,1989-09-20,Poughkeepsie,NY,Hudson Civic Center,tickets,kk-joe-jackson-1989-09-20.jpg,"Gert Schaumlöffel, Germany","Joe Jackson (vocals, piano) ; Graham Maby (bass) ; Gary Burke (drums) ; Vinnie Zummo (guitar) ; Sue Hadjopoulos (percussion) ; Joy Askew (keyboards) ; Tom Teeley (guitar, vocals)","Piano Overture, You Can't Get What You Want (Till You Know What You Want), Right and Wrong, Is She Really Going Out With Him?, Cha Cha Loco, We Can't Live Together, The Jet Set, Friday, Tomorrow's World, Me and You (Against the World), Down to London, Sentimental Thing, Acropolis Now, Blaze of Glory, Breaking Us in Two (instrumental), Rant and Rave, Nineteen Forever, The Best I Can Do, Evil Empire, Discipline, The Human Touch, Steppin' Out, I'm the Man, What's the Use of Getting Sober / Jumpin' Jive, [Encore 1], A Slow Song",25.0,https://www.setlist.fm/setlist/joe-jackson/1989/mid-hudson-civic-center-poughkeepsie-ny-63cdae03.html,,,https://www.setlist.fm/setlist/joe-jackson/1989/mid-hudson-civic-center-poughkeepsie-ny-63cdae03.html,tour-1989-blaze-glory,1989 * Blaze of Glory Tour,,,
TICKET_0279,SHOW_1989-09-25_NEWBRUNSWICK,1989-09-25,New Brunswick,NJ,Rutgers University,tickets,kk-jn-01.jpg,"John Nyman, U.S.A.","Joe Jackson (vocals, piano) ; Graham Maby (bass) ; Gary Burke (drums) ; Vinnie Zummo (guitar) ; Sue Hadjopoulos (percussion) ; Joy Askew (keyboards) ; Tom Teeley (guitar, vocals)",,0.0,https://www.setlist.fm/setlist/joe-jackson/1989/rutgers-university-new-brunswick-new-brunswick-nj-5b8e8320.html,,,https://www.setlist.fm/setlist/joe-jackson/1989/rutgers-university-new-brunswick-new-brunswick-nj-5b8e8320.html,tour-1989-blaze-glory,1989 * Blaze of Glory Tour,,,
TICKET_0280,SHOW_1989-10-13_LONDON,1989-10-13,London,U.K.,Hammersmith Odeon,tickets,"kk-joe-jackson-1989-10-13.jpg, kk-joe-jackson-1989-10-14.jpg","Gert Schaumlöffel, Germany","Joe Jackson (vocals, piano) ; Graham Maby (bass) ; Gary Burke (drums) ; Vinnie Zummo (guitar) ; Sue Hadjopoulos (percussion) ; Joy Askew (keyboards) ; Tom Teeley (guitar, vocals)","Tomorrow's World, Me and You (Against the World), Down to London, Sentimental Thing, Acropolis Now, Blaze of Glory, Rant and Rave, Nineteen Forever, The Best I Can Do, Evil Empire, Discipline, The Human Touch",12.0,https://www.setlist.fm/setlist/joe-jackson/1989/hammersmith-odeon-london-england-43d1df57.html,,,https://www.setlist.fm/setlist/joe-jackson/1989/hammersmith-odeon-london-england-43d1df57.html,tour-1989-blaze-glory,1989 * Blaze of Glory Tour,,,
TICKET_0281,SHOW_1989-10-17_ZRICH,1989-10-17,Zürich,Suisse,Kongresshaus Zürich,tickets,kk-joe-jackson-1989-10-17.jpg,"Gert Schaumlöffel, Germany","Joe Jackson (vocals, piano) ; Graham Maby (bass) ; Gary Burke (drums) ; Vinnie Zummo (guitar) ; Sue Hadjopoulos (percussion) ; Joy Askew (keyboards) ; Tom Teeley (guitar, vocals)",The Human Touch,1.0,https://www.setlist.fm/setlist/joe-jackson/1989/kongresshaus-zurich-switzerland-7b803ec4.html,,,https://www.setlist.fm/setlist/joe-jackson/1989/kongresshaus-zurich-switzerland-7b803ec4.html,tour-1989-blaze-glory,1989 * Blaze of Glory Tour,,,
TICKET_0282,SHOW_1989-10-18_MNCHENMUNICH,1989-10-18,München (Munich),Germany,Deutsches Museum,tickets,kk-joe-jackson-1989-10-18.jpg,"Robert Keller, Germany","Joe Jackson (vocals, piano) ; Graham Maby (bass) ; Gary Burke (drums) ; Vinnie Zummo (guitar) ; Sue Hadjopoulos (percussion) ; Joy Askew (keyboards) ; Tom Teeley (guitar, vocals)","You Can't Get What You Want (Till You Know What You Want), Right and Wrong, Is She Really Going Out With Him?, Home Town, It's Different for Girls, The Jet Set, Friday, Tomorrow's World, Me and You (Against the World), Down to London, Sentimental Thing, Acropolis Now, Blaze of Glory, Breaking Us in Two, Rant and Rave, Nineteen Forever, The Best I Can Do, Evil Empire, Discipline, The Human Touch, Steppin' Out, I'm the Man, What’s the Use of Getting Sober (When You’re Gonna Get Drunk Again)? (cover of Louis Jordan and His Tympany Five), Jumpin' Jive (cover of Cab Calloway and His Orchestra), Take the ""A"" Train (cover of Duke Ellington and His Orchestra), A Slow Song",26.0,https://www.setlist.fm/setlist/joe-jackson/1989/deutsches-museum-munich-germany-33edf4a1.html,,,https://www.setlist.fm/setlist/joe-jackson/1989/deutsches-museum-munich-germany-33edf4a1.html,tour-1989-blaze-glory,1989 * Blaze of Glory Tour,,,
TICKET_0283,SHOW_1989-10-19_MILAN,1989-10-19,Milan,Italy,Teatro Smeraldo,tickets,kk-joe-jackson-1989-10-19.jpg,"Gert Schaumlöffel, Germany","Joe Jackson (vocals, piano) ; Graham Maby (bass) ; Gary Burke (drums) ; Vinnie Zummo (guitar) ; Sue Hadjopoulos (percussion) ; Joy Askew (keyboards) ; Tom Teeley (guitar, vocals)","You Can't Get What You Want (Till You Know What You Want), Right and Wrong, Is She Really Going Out With Him?, Cha Cha Loco, Home Town, It's Different for Girls, The Jet Set, Friday, Tomorrow's World, Me and You (Against the World), Down to London, Sentimental Thing, Blaze of Glory, Breaking Us in Two, Rant and Rave, Nineteen Forever, The Best I Can Do, Steppin' Out, I'm the Man, [Encore 1], What’s the Use of Getting Sober (When You’re Gonna Get Drunk Again)? (cover of Louis Jordan and His Tympany Five), Jumpin' Jive (cover of Cab Calloway and His Orchestra), A Slow Song",22.0,https://www.setlist.fm/setlist/joe-jackson/1989/teatro-smeraldo-milan-italy-73cdaa91.html,,,https://www.setlist.fm/setlist/joe-jackson/1989/teatro-smeraldo-milan-italy-73cdaa91.html,tour-1989-blaze-glory,1989 * Blaze of Glory Tour,,,
TICKET_0284,SHOW_1989-01-01_27THOCTOBER1989,1989-10-27,Hamburg,Germany,CCH 1,tickets,kk-joe-jackson-1989-10-27.jpg,"Gert Schaumlöffel, Germany","Joe Jackson (vocals, piano) ; Graham Maby (bass) ; Gary Burke (drums) ; Vinnie Zummo (guitar) ; Sue Hadjopoulos (percussion) ; Joy Askew (keyboards) ; Tom Teeley (guitar, vocals)",,0.0,https://www.setlist.fm/setlist/joe-jackson/1989/saal-1-hamburg-germany-4bc11fc6.html,,,https://www.setlist.fm/setlist/joe-jackson/1989/saal-1-hamburg-germany-4bc11fc6.html,tour-1989-blaze-glory,1989 * Blaze of Glory Tour,,,
TICKET_0285,SHOW_1989-11-03_DSSELDORF,1989-11-03,Düsseldorf,Germany,Philipshalle,tickets,kk-joe-jackson-1989-11-03.jpg,"Gert Schaumlöffel, Germany","Joe Jackson (vocals, piano) ; Graham Maby (bass) ; Gary Burke (drums) ; Vinnie Zummo (guitar) ; Sue Hadjopoulos (percussion) ; Joy Askew (keyboards) ; Tom Teeley (guitar, vocals)","You Can't Get What You Want (Till You Know What You Want), Right and Wrong, Is She Really Going Out With Him?, Cha Cha Loco, Home Town, The Jet Set, Friday, Tomorrow's World, Me and You (Against the World), Down to London, Sentimental Thing, Acropolis Now, Blaze of Glory, Breaking Us in Two, Rant and Rave, Nineteen Forever, The Best I Can Do, Evil Empire, Discipline, The Human Touch, Steppin' Out, I'm the Man, Jumpin' Jive (cover of Cab Calloway and His Orchestra), Take the ""A"" Train (cover of Duke Ellington and His Orchestra), A Slow Song",25.0,https://www.setlist.fm/setlist/joe-jackson/1989/philipshalle-dusseldorf-germany-43f2cb0f.html,,,https://www.setlist.fm/setlist/joe-jackson/1989/philipshalle-dusseldorf-germany-43f2cb0f.html,tour-1989-blaze-glory,1989 * Blaze of Glory Tour,,,
TICKET_0286,SHOW_1989-11-04_ROTTERDAM,1989-11-04,Rotterdam,Netherlands,Ahoy Sportpalais,tickets,"kk-joe-jackson-1989-11-04-1.jpg, kk-joe-jackson-1989-11-04-2.jpg","Gert Schaumlöffel, Germany","Joe Jackson (vocals, piano) ; Graham Maby (bass) ; Gary Burke (drums) ; Vinnie Zummo (guitar) ; Sue Hadjopoulos (percussion) ; Joy Askew (keyboards) ; Tom Teeley (guitar, vocals)","You Can't Get What You Want (Till You Know What You Want), Right and Wrong, Is She Really Going Out With Him?, We Can't Live Together, It's Different for Girls, The Jet Set, Friday, Tomorrow's World, Me and You (Against the World), Down to London, Sentimental Thing, Acropolis Now, Blaze of Glory, Breaking Us in Two, Rant and Rave, Nineteen Forever, The Best I Can Do, Evil Empire, Discipline, The Human Touch, Steppin' Out, I'm the Man, [Encore 1], Jumpin' Jive (cover of Cab Calloway and His Orchestra), Take the ""A"" Train (cover of Duke Ellington and His Orchestra), [Encore 2], A Slow Song",25.0,https://www.setlist.fm/setlist/joe-jackson/1989/ahoy-rotterdam-netherlands-2bf1783a.html,,,https://www.setlist.fm/setlist/joe-jackson/1989/ahoy-rotterdam-netherlands-2bf1783a.html,tour-1989-blaze-glory,1989 * Blaze of Glory Tour,,,
TICKET_0287,SHOW_1989-11-06_PARIS,1989-11-06,Paris,France,Olympia,tickets,"kk-joe-jackson-1989-11-06.jpg, kk-joe-jackson-1989-paris-back.jpg, kk-joe-jackson-1989-11-07.jpg","Gert Schaumlöffel, Germany","Joe Jackson (vocals, piano) ; Graham Maby (bass) ; Gary Burke (drums) ; Vinnie Zummo (guitar) ; Sue Hadjopoulos (percussion) ; Joy Askew (keyboards) ; Tom Teeley (guitar, vocals)",,0.0,https://www.setlist.fm/setlist/joe-jackson/1989/lolympia-bruno-coquatrix-paris-france-4b8e8312.html,,,https://www.setlist.fm/setlist/joe-jackson/1989/lolympia-bruno-coquatrix-paris-france-4b8e8312.html,tour-1989-blaze-glory,1989 * Blaze of Glory Tour,,,
TICKET_0288,SHOW_1989-11-10_1989,1989-11-10,,,,passes,kk-jn-09.jpg,"John Nyman, U.S.A.","Joe Jackson (vocals, piano) ; Graham Maby (bass) ; Gary Burke (drums) ; Vinnie Zummo (guitar) ; Sue Hadjopoulos (percussion) ; Joy Askew (keyboards) ; Tom Teeley (guitar, vocals)",,0.0,,,,,tour-1989-blaze-of-glory-tour,1989 * Blaze of Glory Tour,,,
TICKET_0289,SHOW_1989-01-01_1989,,,,,passes,"kk-joe-jackson-1989-pass-5.jpg, kk-joe-jackson-1989-pass-1.jpg, kk-joe-jackson-1989-pass-3.jpg, kk-joe-jackson-1989-pass-4.jpg, kk-joe-jackson-1989-pass-2.jpg","Gert Schaumlöffel, Germany","Joe Jackson (vocals, piano) ; Graham Maby (bass) ; Gary Burke (drums) ; Vinnie Zummo (guitar) ; Sue Hadjopoulos (percussion) ; Joy Askew (keyboards) ; Tom Teeley (guitar, vocals)",,0.0,,,,,tour-1989-blaze-of-glory-tour,1989 * Blaze of Glory Tour,,,
TICKET_0290,SHOW_2022-07-24_FRANKFURT,2022-07-24,Frankfurt,Germany,Jahrhundred Halle,tickets,"kk-joe-jackson-2022-04-04.jpg, kk-joe-jackson-2022-07-24.jpg","Andreas Wostrack, Germany","Joe Jackson (vocals, keyboards) ; Graham Maby (bass, vocals) ; Teddy Kumpel (guitar, vocals) ; Doug Yowell (drums, vocals)","Sing You Sinners (cover of The Charleston Chasers), One More Time, Big Black Cloud, Sunday Papers, Dave, Look Sharp!, Fabulously Absolute, Solo (So Low), Real Men, Big Yellow Taxi (cover of Joni Mitchell), Kings of the City, Tomorrow's World, Blaze of Glory, Fool, Sing You Sinners (cover of The Charleston Chasers), Is She Really Going Out With Him?, It's Different for Girls, I'm the Man, [Encore 1], You Can't Get What You Want (Till You Know What You Want), Steppin' Out, Alchemy",21.0,https://www.setlist.fm/setlist/joe-jackson/2022/jahrhunderthalle-frankfurt-germany-6bb2ca32.html,,,https://www.setlist.fm/setlist/joe-jackson/2022/jahrhunderthalle-frankfurt-germany-6bb2ca32.html,tour-sing-you-sinners-2022,"2022 * ""Sing, You Sinners!"" Tour",,,
TICKET_0291,SHOW_2022-07-19_BERLIN,2022-07-19,Berlin,Germany,Theater am Potsdamer Platz,tickets,kk-joe-jackson-2022-04-08.jpg,"Rolf Thalmann, Germany","Joe Jackson (vocals, keyboards) ; Graham Maby (bass, vocals) ; Teddy Kumpel (guitar, vocals) ; Doug Yowell (drums, vocals)","Sing You Sinners (cover of The Charleston Chasers), One More Time, Big Black Cloud, Sunday Papers, Dave, Look Sharp!, Fabulously Absolute, Solo (So Low) (Joe Jackson solo), Real Men (Joe Jackson solo), Girl (Joe Jackson solo, cover of The Beatles), Love at First Light (Joe Jackson solo, cover of Joe Jackson Band), The Blue Time, Blaze of Glory, Fool, Sing You Sinners (cover of The Charleston Chasers), Is She Really Going Out With Him?, It's Different for Girls, I'm the Man, [Encore 1], You Can't Get What You Want (Till You Know What You Want), Steppin' Out (slow version), Alchemy",23.0,https://www.setlist.fm/setlist/joe-jackson/2022/theater-am-potsdamer-platz-berlin-germany-5bb283e4.html,,,https://www.setlist.fm/setlist/joe-jackson/2022/theater-am-potsdamer-platz-berlin-germany-5bb283e4.html,tour-sing-you-sinners-2022,"2022 * ""Sing, You Sinners!"" Tour",,2022-05-08,Original date postponed
TICKET_0292,SHOW_2022-05-13_ALLENTOWN,2022-05-13,Allentown,PA,Miller Symphony Hall,tickets,kk-joe-jackson-2022-05-13.jpg,"John Nyman, U.S.A.","Joe Jackson (vocals, keyboards) ; Graham Maby (bass, vocals) ; Teddy Kumpel (guitar, vocals) ; Doug Yowell (drums, vocals)","One More Time, Fabulously Absolute, Sunday Papers, Dave, Look Sharp!, Fool, [Set 2], Solo (So Low), Real Men, Girl (cover of The Beatles), A Place in the Rain, [Set 3], Kings of the City, Nineteen Forever (first time since 2001), You Can't Get What You Want (Till You Know What You Want), Sing You Sinners (cover of The Charleston Chasers), Is She Really Going Out With Him? (a cappella), It's Different for Girls, I'm the Man, [Encore 1], Blaze of Glory, Steppin' Out (slow version)",19.0,https://www.setlist.fm/setlist/joe-jackson/2022/miller-symphony-hall-allentown-pa-43b73fcb.html,,,https://www.setlist.fm/setlist/joe-jackson/2022/miller-symphony-hall-allentown-pa-43b73fcb.html,tour-sing-you-sinners-2022,"2022 * ""Sing, You Sinners!"" Tour",,,
TICKET_0293,SHOW_2022-06-11_PHOENIX,2022-06-11,Phoenix,AZ,Celebrity Theatre,tickets,kk-joe-jackson-2022-06-11.jpg,"Kevin Walsh, U.S.A.","Joe Jackson (vocals, keyboards) ; Graham Maby (bass, vocals) ; Teddy Kumpel (guitar, vocals) ; Doug Yowell (drums, vocals)","One More Time, Big Black Cloud, Sunday Papers, Dave, Look Sharp!, Fabulously Absolute, Solo (So Low), Real Men, Any Major Dude Will Tell You (cover of Steely Dan), Love at First Light (cover of Joe Jackson Band), Kings of the City, Blaze of Glory, Fool, Sing You Sinners (cover of The Charleston Chasers), Is She Really Going Out With Him?, It's Different for Girls, I'm the Man, [Encore 1], You Can't Get What You Want (Till You Know What You Want), Steppin' Out",19.0,https://www.setlist.fm/setlist/joe-jackson/2022/celebrity-theatre-phoenix-az-4bb4134e.html,,,https://www.setlist.fm/setlist/joe-jackson/2022/celebrity-theatre-phoenix-az-4bb4134e.html,tour-sing-you-sinners-2022,"2022 * ""Sing, You Sinners!"" Tour",,,
TICKET_0294,SHOW_2022-07-05_BORDEAUX,2022-07-05,Bordeaux,France,Theatre Femina,tickets,kk-joe-jackson-2022-07-05.jpg,"Kike Morey, Spain","Joe Jackson (vocals, keyboards) ; Graham Maby (bass, vocals) ; Teddy Kumpel (guitar, vocals) ; Doug Yowell (drums, vocals)","One More Time, Big Black Cloud, Sunday Papers, Dave, Look Sharp!, Fabulously Absolute, Solo (So Low), Real Men, Big Yellow Taxi (cover of Joni Mitchell), A Place in the Rain, Kings of the City, Blaze of Glory, Fool, Sing You Sinners (cover of The Charleston Chasers), Is She Really Going Out With Him?, It's Different for Girls, I'm the Man, [Encore 1], You Can't Get What You Want (Till You Know What You Want), Steppin' Out",19.0,https://www.setlist.fm/setlist/joe-jackson/2022/theatre-femina-bordeaux-france-23b514fb.html,,,https://www.setlist.fm/setlist/joe-jackson/2022/theatre-femina-bordeaux-france-23b514fb.html,tour-sing-you-sinners-2022,"2022 * ""Sing, You Sinners!"" Tour",,,
TICKET_0295,SHOW_2022-07-08_STUTTGART,2022-07-08,Stuttgart,Germany,Altes Schloss,tickets,kk-joe-jackson-2022-07-08.jpg,"Andreas Wostrack, Germany","Joe Jackson (vocals, keyboards) ; Graham Maby (bass, vocals) ; Teddy Kumpel (guitar, vocals) ; Doug Yowell (drums, vocals)","One More Time, Big Black Cloud, Sunday Papers, Dave, Look Sharp!, Fabulously Absolute, Solo (So Low) (Joe Jackson solo), Real Men (Joe Jackson solo), Big Yellow Taxi (Joe Jackson solo, cover of Joni Mitchell), Blaze of Glory, Fool, Sing You Sinners (cover of The Charleston Chasers), Is She Really Going Out With Him?, It's Different for Girls, I'm the Man, [Encore 1], You Can't Get What You Want (Till You Know What You Want), Steppin' Out, Alchemy",20.0,https://www.setlist.fm/setlist/joe-jackson/2022/altes-schloss-stuttgart-germany-3bb564e8.html,,,https://www.setlist.fm/setlist/joe-jackson/2022/altes-schloss-stuttgart-germany-3bb564e8.html,tour-2022-sing-you-sinners-tour,"2022 * ""Sing, You Sinners!"" Tour",,,
TICKET_0296,SHOW_2022-07-10_BRUSSELS,2022-07-10,Brussels,Belgium,"Ancienne Belgique, Grote Zaal",tickets,kk-joe-jackson-2022-07-10.jpg,"Marc Alsemgeest, Netherlands","Joe Jackson (vocals, keyboards) ; Graham Maby (bass, vocals) ; Teddy Kumpel (guitar, vocals) ; Doug Yowell (drums, vocals)","One More Time, Big Black Cloud, Sunday Papers, Dave, Look Sharp!, Fabulously Absolute, Solo (So Low), Real Men, The Mayor of Simpleton (cover of XTC), The Blue Time, Nineteen Forever, Blaze of Glory, Fool, Sing You Sinners (cover of The Charleston Chasers), Is She Really Going Out With Him?, It's Different for Girls, I'm the Man, [Encore 1], You Can't Get What You Want (Till You Know What You Want), Steppin' Out",19.0,https://www.setlist.fm/setlist/joe-jackson/2022/ancienne-belgique-brussels-belgium-4bb573ee.html,,,https://www.setlist.fm/setlist/joe-jackson/2022/ancienne-belgique-brussels-belgium-4bb573ee.html,tour-sing-you-sinners-2022,"2022 * ""Sing, You Sinners!"" Tour",,,
TICKET_0297,SHOW_2022-07-21_HAMBURG,2022-07-21,Hamburg,Germany,Stadtpark Open Air,tickets,kk-joe-jackson-2022-07-21.jpg,"Rolf Thalmann, Germany","Joe Jackson (vocals, keyboards) ; Graham Maby (bass, vocals) ; Teddy Kumpel (guitar, vocals) ; Doug Yowell (drums, vocals)","One More Time, Big Black Cloud, Sunday Papers, Dave, Look Sharp!, Fabulously Absolute, Solo (So Low) (Joe Jackson solo), Knowing Me, Knowing You (Joe Jackson solo, cover of ABBA), Real Men, Kings of the City, Blaze of Glory, Fool, Sing You Sinners (cover of The Charleston Chasers), Is She Really Going Out With Him?, It's Different for Girls, I'm the Man, [Encore 1], You Can't Get What You Want (Till You Know What You Want), Steppin' Out",20.0,https://www.setlist.fm/setlist/joe-jackson/2022/stadtpark-freilichtbuhne-hamburg-germany-bb2c9c2.html,,,https://www.setlist.fm/setlist/joe-jackson/2022/stadtpark-freilichtbuhne-hamburg-germany-bb2c9c2.html,tour-sing-you-sinners-2022,"2022 * ""Sing, You Sinners!"" Tour",,,
TICKET_0298,SHOW_1973-12-14_PORTSMOUTH,1973-12-14,Portsmouth,U.K.,Technical High School,tickets,kk-edward-bear-1973.jpg,"Tom-Robarts Arnold, U.K.","Dave Cairns (drums), Clive Bates (guitar), Mark Andrews (vocals, guitar), Graham Maby (bass ),Joe Jackson (keyboard)",,0.0,,,,,,,,,as Edward Bear
TICKET_0299,SHOW_2002-09-19_BRIGHTON,2002-09-19,Brighton,U.K.,Concorde 2,tickets,kk-joe-jackson-2002-09-19.jpg,"Martin Ayling, U.K.","Joe Jackson (vocals, piano, keyboards) ; Gary Sanford (guitar, backing vocals) ; Graham Maby (bass, backing vocals) ; Dave Houghton (drums, backing vocals)","On Your Radio, Still Alive (cover of Joe Jackson Band), Take It Like a Man (cover of Joe Jackson Band), Look Sharp!, Stranger Than You, Thugz 'R' Us (cover of Joe Jackson Band), Is She Really Going Out With Him?, One More Time, Blue Flame (cover of Joe Jackson Band), Home Town, Any Major Dude Will Tell You (cover of Steely Dan), Be My Number Two, Fairy Dust (cover of Joe Jackson Band), Sunday Papers, Little Bit Stupid (cover of Joe Jackson Band), Bright Grey (cover of Joe Jackson Band), I'm the Man, [Encore 1], It's Different for Girls, Got the Time",19.0,https://www.setlist.fm/setlist/joe-jackson/2002/concorde-2-brighton-england-1387a175.html,,,https://www.setlist.fm/setlist/joe-jackson/2002/concorde-2-brighton-england-1387a175.html,tour-tour-2002,2002 * Tour 2002,,,
TICKET_0300,SHOW_2002-09-21_OXFORD,2002-09-21,Oxford,U.K.,The Zodiac,tickets,kk-joe-jackson-2002-09-21.jpg,"Bert Bos, Netherlands","Joe Jackson (vocals, piano, keyboards) ; Gary Sanford (guitar, backing vocals) ; Graham Maby (bass, backing vocals) ; Dave Houghton (drums, backing vocals)","One More Time, Awkward Age (cover of Joe Jackson Band), Take It Like a Man (cover of Joe Jackson Band), Look Sharp!, Chrome (cover of Joe Jackson Band), Thugz 'R' Us (cover of Joe Jackson Band), Is She Really Going Out With Him?, On Your Radio, Love at First Light (cover of Joe Jackson Band), [Set 2], Real Men, For No One (cover of The Beatles), Be My Number Two, [Set 3], Stranger Than Fiction, Fairy Dust (cover of Joe Jackson Band), Little Bit Stupid (cover of Joe Jackson Band), Sunday Papers, Got the Time, [Encore 1], It's Different for Girls, I'm the Man",19.0,https://www.setlist.fm/setlist/joe-jackson/2002/the-zodiac-oxford-england-23eff0b7.html,,,https://www.setlist.fm/setlist/joe-jackson/2002/the-zodiac-oxford-england-23eff0b7.html,tour-tour-2002,2002 * Tour 2002,,,
TICKET_0301,SHOW_2002-09-23_PORTSMOUTH,2002-09-23,Portsmouth,U.K.,Wedgewood Rooms,tickets,kk-joe-jackson-2002-09-23.jpg,"Gert Schaumlöffel, Germany","Joe Jackson (vocals, piano, keyboards) ; Gary Sanford (guitar, backing vocals) ; Graham Maby (bass, backing vocals) ; Dave Houghton (drums, backing vocals)","On Your Radio, Awkward Age (cover of Joe Jackson Band), Take It Like a Man (cover of Joe Jackson Band), Stranger Than You, Sunday Papers, Still Alive (cover of Joe Jackson Band), Bright Grey (cover of Joe Jackson Band), Is She Really Going Out With Him?, Blue Flame (cover of Joe Jackson Band), Be My Number Two, Real Men, Eleanor Rigby (cover of The Beatles), Home Town, Dirty Martini (cover of Joe Jackson Band), Fairy Dust (cover of Joe Jackson Band), Look Sharp!, Little Bit Stupid (cover of Joe Jackson Band), One More Time, [Encore 1], It's Different for Girls, I'm the Man",20.0,https://www.setlist.fm/setlist/joe-jackson/2002/wedgewood-rooms-portsmouth-england-2beff0b2.html,,,https://www.setlist.fm/setlist/joe-jackson/2002/wedgewood-rooms-portsmouth-england-2beff0b2.html,tour-tour-2002,2002 * Tour 2002,,,
TICKET_0302,SHOW_2002-09-26_LONDON,2002-09-26,London,U.K.,The Marquee,tickets,kk-joe-jackson-2002-09-26.jpg,"Gert Schaumlöffel, Germany","Joe Jackson (vocals, piano, keyboards) ; Gary Sanford (guitar, backing vocals) ; Graham Maby (bass, backing vocals) ; Dave Houghton (drums, backing vocals)","One More Time, Awkward Age (cover of Joe Jackson Band), Take It Like a Man (cover of Joe Jackson Band), Look Sharp!, Chrome (cover of Joe Jackson Band), Thugz 'R' Us (cover of Joe Jackson Band), Is She Really Going Out With Him?, On Your Radio, Love at First Light (cover of Joe Jackson Band), Be My Number Two, Real Men, You Can't Be Too Strong (cover of Graham Parker & The Rumour), Home Town, Stranger Than Fiction, Fairy Dust (cover of Joe Jackson Band), Little Bit Stupid (cover of Joe Jackson Band), Sunday Papers, Got the Time, [Encore 1], It's Different for Girls, I'm the Man",20.0,https://www.setlist.fm/setlist/joe-jackson/2002/marquee-club-london-england-6bf37a72.html,,,https://www.setlist.fm/setlist/joe-jackson/2002/marquee-club-london-england-6bf37a72.html,tour-tour-2002,2002 * Tour 2002,,,
TICKET_0303,SHOW_2002-09-27_NORTHAMPTON,2002-09-27,Northampton,U.K.,The Soundhaus,tickets,kk-joe-jackson-2002-09-27.jpg,"Mike Baggaley, U.K.","Joe Jackson (vocals, piano, keyboards) ; Gary Sanford (guitar, backing vocals) ; Graham Maby (bass, backing vocals) ; Dave Houghton (drums, backing vocals)","One More Time, Still Alive (cover of Joe Jackson Band), Take It Like a Man (cover of Joe Jackson Band), Look Sharp!, Bright Grey (cover of Joe Jackson Band), Dirty Martini (cover of Joe Jackson Band), Is She Really Going Out With Him?, On Your Radio, Blue Flame (cover of Joe Jackson Band), Home Town, Satin Doll (cover of Duke Ellington and His Orchestra), Be My Number Two, Stranger Than Fiction, Fairy Dust (cover of Joe Jackson Band), Little Bit Stupid (cover of Joe Jackson Band), Sunday Papers, Got the Time, [Encore 1], It's Different for Girls, I'm the Man",19.0,https://www.setlist.fm/setlist/joe-jackson/2002/the-soundhaus-northampton-england-7bd922d4.html,,,https://www.setlist.fm/setlist/joe-jackson/2002/the-soundhaus-northampton-england-7bd922d4.html,tour-tour-2002,2002 * Tour 2002,,,
TICKET_0304,SHOW_2002-01-01_2002,,,,,passes,"kk-joe-jackson-2002-pass-front.jpg, kk-joe-jackson-2002-pass-back.jpg","Gert Schaumlöffel, Germany","Joe Jackson (vocals, piano, keyboards) ; Gary Sanford (guitar, backing vocals) ; Graham Maby (bass, backing vocals) ; Dave Houghton (drums, backing vocals)",,0.0,,,,,tour-2002-tour-2002,2002 * Tour 2002,,,
TICKET_0305,SHOW_1985-03-17_TSUBUKA,1985-03-17,Tsubuka,Japan,Opening EXPO 85 - Tokyo Symphony Orchestra performing: SHIJIN NO IE (HOUSE OF THE POET),tickets,kk-joe-jackson-1985-03-17.jpg,anonymous,"Joe Jackson (vocals, piano, alto sax) ; Graham Maby (bass, vocals) ; Gary Burke (drums) ; Vinnie Zummo (guitar) ; Tony Aiello (sax, flute) ; Michael Morreale (trumpet) ; Joy Askew (keyboards)",,0.0,,,,,,,,,
TICKET_0306,SHOW_1984-04-03_DUBLIN,1984-04-03,Dublin,Ireland,R.D.S. - Main Hall,tickets,"kk-joe-jackson-1984-04-03.jpg, kk-joe-jackson-1984-04-03-2.jpg","John Foyle, Ireland","Joe Jackson (vocals, piano, alto sax) ; Graham Maby (bass, vocals) ; Gary Burke (drums) ; Vinnie Zummo (guitar) ; Tony Aiello (sax, flute) ; Michael Morreale (trumpet) ; Joy Askew (keyboards)",,0.0,https://www.setlist.fm/setlist/joe-jackson/1984/rds-simmonscourt-dublin-ireland-638e924b.html,,,https://www.setlist.fm/setlist/joe-jackson/1984/rds-simmonscourt-dublin-ireland-638e924b.html,tour-1984-body-soul,1984 * Body and Soul Tour,,,
TICKET_0307,SHOW_1984-04-07_MANCHESTER,1984-04-07,Manchester,U.K.,Apollo Theatre,tickets,kk-joe-jackson-1984-04-07.jpg,"Gert Schaumlöffel, Germany","Joe Jackson (vocals, piano, alto sax) ; Graham Maby (bass, vocals) ; Gary Burke (drums) ; Vinnie Zummo (guitar) ; Tony Aiello (sax, flute) ; Michael Morreale (trumpet) ; Joy Askew (keyboards)",,0.0,https://www.setlist.fm/setlist/joe-jackson/1984/manchester-apollo-manchester-U.K.-239064a3.html,,,https://www.setlist.fm/setlist/joe-jackson/1984/manchester-apollo-manchester-england-239064a3.html,tour-1984-body-soul,1984 * Body and Soul Tour,,,
TICKET_0308,SHOW_1984-04-08_BIRMINGHAM,1984-04-08,Birmingham,U.K.,Odeon Theatre,tickets,kk-joe-jackson-1984-04-08.jpg,"Mike Baggaley, U.K.","Joe Jackson (vocals, piano, alto sax) ; Graham Maby (bass, vocals) ; Gary Burke (drums) ; Vinnie Zummo (guitar) ; Tony Aiello (sax, flute) ; Michael Morreale (trumpet) ; Joy Askew (keyboards)",,0.0,https://www.setlist.fm/setlist/joe-jackson/1984/birmingham-odeon-birmingham-U.K.-23ea147f.html,,,https://www.setlist.fm/setlist/joe-jackson/1984/birmingham-odeon-birmingham-england-23ea147f.html,tour-1984-body-soul,1984 * Body and Soul Tour,,,
TICKET_0309,SHOW_1984-04-11_LONDON,1984-04-11,London,U.K.,Hammersmith Odeon,tickets,kk-joe-jackson-1984-04-11.jpg,"Gert Schaumlöffel, Germany","Joe Jackson (vocals, piano, alto sax) ; Graham Maby (bass, vocals) ; Gary Burke (drums) ; Vinnie Zummo (guitar) ; Tony Aiello (sax, flute) ; Michael Morreale (trumpet) ; Joy Askew (keyboards)",,0.0,https://www.setlist.fm/setlist/joe-jackson/1984/hammersmith-odeon-london-U.K.-1bd91d68.html,,,https://www.setlist.fm/setlist/joe-jackson/1984/hammersmith-odeon-london-england-1bd91d68.html,tour-1984-body-soul,1984 * Body and Soul Tour,,,
TICKET_0310,SHOW_1984-04-12_LONDON,1984-04-12,London,U.K.,Hammersmith Odeon,tickets,"kk-gs-joe-jackson-1984-04-12.jpg, kk-joe-jackson-1984-04-12-b.jpg, kk-joe-jackson-1984-04-12-c.jpg","Alex Wilde, U.K.","Joe Jackson (vocals, piano, alto sax) ; Graham Maby (bass, vocals) ; Gary Burke (drums) ; Vinnie Zummo (guitar) ; Tony Aiello (sax, flute) ; Michael Morreale (trumpet) ; Joy Askew (keyboards)","Body and Soul (cover of Ambrose and His Orchestra), Another World, Cha Cha Loco, You Can't Get What You Want (Till You Know What You Want), Not Here, Not Now, It's Different for Girls, The Verdict, Real Men, Is She Really Going Out With Him?, Happy Ending, Soul Makossa (cover of Manu Dibango), T.V. Age, Memphis, Steppin' Out, Heart of Ice, Is You Is or Is You Ain't (Ma' Baby) (cover of Louis Jordan and His Tympany Five), Go for It",18.0,https://www.setlist.fm/setlist/joe-jackson/1984/hammersmith-odeon-london-england-6b8e924e.html,,,https://www.setlist.fm/setlist/joe-jackson/1984/hammersmith-odeon-london-england-6b8e924e.html,tour-1984-body-soul,1984 * Body and Soul Tour,,,
TICKET_0311,SHOW_1984-04-14_ROTTERDAM,1984-04-14,Rotterdam,Netherlands,Ahoy,tickets,kk-jj-1984-04-14.jpg,"Lammert Veen, Netherlands","Joe Jackson (vocals, piano, alto sax) ; Graham Maby (bass, vocals) ; Gary Burke (drums) ; Vinnie Zummo (guitar) ; Tony Aiello (sax, flute) ; Michael Morreale (trumpet) ; Joy Askew (keyboards)","Body and Soul (cover of Ambrose and His Orchestra), Another World, Cha Cha Loco, The Verdict, It's Different for Girls, You Can't Get What You Want (Till You Know What You Want), Breaking Us in Two, Be My Number Two, Is She Really Going Out With Him?, Happy Ending, Soul Makossa / T.V. Age (cover of Manu Dibango), Memphis, Steppin' Out, [Encore 1], Heart of Ice, Is You Is or Is You Ain't (Ma' Baby) (cover of Louis Jordan and His Tympany Five), Go for It, [Encore 2], A Slow Song",17.0,https://www.setlist.fm/setlist/joe-jackson/1984/ahoy-rotterdam-netherlands-73d93e79.html,,,https://www.setlist.fm/setlist/joe-jackson/1984/ahoy-rotterdam-netherlands-73d93e79.html,tour-1984-body-soul,1984 * Body and Soul Tour,,,
TICKET_0312,SHOW_1984-04-15_ROTTERDAM,1984-04-15,Rotterdam,Netherlands,Ahoy,tickets,kk-hkk-01.jpg,"Harry Koekkoek, Netherlands","Joe Jackson (vocals, piano, alto sax) ; Graham Maby (bass, vocals) ; Gary Burke (drums) ; Vinnie Zummo (guitar) ; Tony Aiello (sax, flute) ; Michael Morreale (trumpet) ; Joy Askew (keyboards)","Body and Soul (cover of Ambrose and His Orchestra), Another World, Cha Cha Loco, The Verdict, It's Different for Girls, You Can't Get What You Want (Till You Know What You Want), Breaking Us in Two, Be My Number Two, Is She Really Going Out With Him?, Happy Ending, Soul Makossa / T.V. Age (cover of Manu Dibango), Memphis, Steppin' Out, Heart of Ice, Is You Is or Is You Ain't (Ma' Baby) (cover of Louis Jordan and His Tympany Five), Go for It, A Slow Song",17.0,https://www.setlist.fm/setlist/joe-jackson/1984/ahoy-rotterdam-netherlands-2be5205e.html,,,https://www.setlist.fm/setlist/joe-jackson/1984/ahoy-rotterdam-netherlands-2be5205e.html,tour-1984-body-soul,1984 * Body and Soul Tour,,,
TICKET_0313,SHOW_1984-04-21_LYON,1984-04-21,Lyon,France,Palais des Sports,tickets,"kk-joe-jackson-1984-04-21-front.jpg, kk-joe-jackson-1984-04-21-back.jpg","Tommy Mariano, France","Joe Jackson (vocals, piano, alto sax) ; Graham Maby (bass, vocals) ; Gary Burke (drums) ; Vinnie Zummo (guitar) ; Tony Aiello (sax, flute) ; Michael Morreale (trumpet) ; Joy Askew (keyboards)",,0.0,https://www.setlist.fm/setlist/joe-jackson/1984/palais-des-sports-lyon-france-7b8e924c.html,,,https://www.setlist.fm/setlist/joe-jackson/1984/palais-des-sports-lyon-france-7b8e924c.html,tour-1984-body-soul,1984 * Body and Soul Tour,,,
TICKET_0314,SHOW_1984-04-25_STUTTGART,1984-04-25,Stuttgart,Germany,Liederhalle,tickets,kk-joe-jackson-1984-04-25.jpg,"Barnie Rupprecht, Germany","Joe Jackson (vocals, piano, alto sax) ; Graham Maby (bass, vocals) ; Gary Burke (drums) ; Vinnie Zummo (guitar) ; Tony Aiello (sax, flute) ; Michael Morreale (trumpet) ; Joy Askew (keyboards)","Body and Soul (cover of Ambrose and His Orchestra), Another World, The Verdict, Cha Cha Loco, It's Different for Girls, You Can't Get What You Want (Till You Know What You Want), Not Here, Not Now, Real Men, Soul Makossa / T.V. Age (cover of Manu Dibango), Beat Crazy (cover of Joe Jackson Band), Steppin' Out, Heart of Ice, Jumpin' Jive (cover of Cab Calloway and His Orchestra), Go for It, A Slow Song, Happy Ending, Breaking Us in Two, Be My Number Two, Chinatown, Is She Really Going Out With Him?, Fools in Love",22.0,https://www.setlist.fm/setlist/joe-jackson/1984/liederhalle-stuttgart-germany-13c41175.html,,,https://www.setlist.fm/setlist/joe-jackson/1984/liederhalle-stuttgart-germany-13c41175.html,tour-1984-body-soul,1984 * Body and Soul Tour,,,
TICKET_0315,SHOW_1984-04-26_OFFENBACH,1984-04-26,Offenbach,Germany,Stadthalle,tickets,kk-jj-gs-1984-04-26.jpg,"Gert Schaumlöffel, Germany","Joe Jackson (vocals, piano, alto sax) ; Graham Maby (bass, vocals) ; Gary Burke (drums) ; Vinnie Zummo (guitar) ; Tony Aiello (sax, flute) ; Michael Morreale (trumpet) ; Joy Askew (keyboards)",,0.0,https://www.setlist.fm/setlist/joe-jackson/1984/stadthalle-offenbach-am-main-germany-4bc7efda.html,,,https://www.setlist.fm/setlist/joe-jackson/1984/stadthalle-offenbach-am-main-germany-4bc7efda.html,tour-1984-body-soul,1984 * Body and Soul Tour,,,
TICKET_0316,SHOW_1984-04-30_DSSELDORF,1984-04-30,Düsseldorf,Germany,Philipshalle,tickets,kk-joe-jackson-1984-04-30.jpg,"Tommy Mariano, France","Joe Jackson (vocals, piano, alto sax) ; Graham Maby (bass, vocals) ; Gary Burke (drums) ; Vinnie Zummo (guitar) ; Tony Aiello (sax, flute) ; Michael Morreale (trumpet) ; Joy Askew (keyboards)"," (Loisaida), Body and Soul (cover of Ambrose and His Orchestra), Another World, The Verdict, Cha Cha Loco, It's Different for Girls, Breaking Us in Two, Be My Number Two, Is She Really Going Out With Him?, You Can't Get What You Want (Till You Know What You Want), Soul Makossa / T.V. Age (cover of Manu Dibango), Memphis, Steppin' Out, Heart of Ice, Jumpin' Jive (cover of Cab Calloway and His Orchestra), Go for It, A Slow Song",17.0,https://www.setlist.fm/setlist/joe-jackson/1984/philipshalle-dusseldorf-germany-23ec507b.html,,,https://www.setlist.fm/setlist/joe-jackson/1984/philipshalle-dusseldorf-germany-23ec507b.html,tour-1984-body-soul,1984 * Body and Soul Tour,,,
TICKET_0317,SHOW_1984-04-29_LUDWIGSHAFEN,1984-04-29,Ludwigshafen,Germany,Friedrich-Ebert-Halle,tickets,kk-joe-jackson-1984-04-29.jpg,"Gert Schaumlöffel, Germany","Joe Jackson (vocals, piano, alto sax) ; Graham Maby (bass, vocals) ; Gary Burke (drums) ; Vinnie Zummo (guitar) ; Tony Aiello (sax, flute) ; Michael Morreale (trumpet) ; Joy Askew (keyboards)","Body and Soul (cover of Ambrose and His Orchestra), Another World, The Verdict, Cha Cha Loco, It's Different for Girls, Breaking Us in Two, Be My Number Two, Is She Really Going Out With Him?, You Can't Get What You Want (Till You Know What You Want), Soul Makossa (cover of Manu Dibango), T.V. Age, Memphis, Steppin' Out, Heart of Ice, Jumpin' Jive (cover of Cab Calloway and His Orchestra), Go for It, A Slow Song",17.0,https://www.setlist.fm/setlist/joe-jackson/1984/friedrich-ebert-halle-ludwigshafen-am-rhein-germany-1bdd3590.html,,,https://www.setlist.fm/setlist/joe-jackson/1984/friedrich-ebert-halle-ludwigshafen-am-rhein-germany-1bdd3590.html,tour-1984-body-soul,1984 * Body and Soul Tour,,,
TICKET_0318,SHOW_1984-05-02_BERLIN,1984-05-02,Berlin,Germany,ICC,tickets,kk-joe-jackson-1984-05-02.jpg,"Gert Schaumlöffel, Germany","Joe Jackson (vocals, piano, alto sax) ; Graham Maby (bass, vocals) ; Gary Burke (drums) ; Vinnie Zummo (guitar) ; Tony Aiello (sax, flute) ; Michael Morreale (trumpet) ; Joy Askew (keyboards)","Loisaida, Body and Soul (cover of Ambrose and His Orchestra), Another World, The Verdict, Cha Cha Loco, It's Different for Girls, Happy Ending, Breaking Us in Two, Be My Number Two, Is She Really Going Out With Him?, You Can't Get What You Want (Till You Know What You Want), Soul Makossa / T.V. Age (cover of Manu Dibango), Memphis, Steppin' Out, Heart of Ice, Jumpin' Jive (cover of Cab Calloway and His Orchestra), Go for It, A Slow Song",18.0,https://www.setlist.fm/setlist/joe-jackson/1984/icc-2-berlin-germany-13ec51c5.html,,,https://www.setlist.fm/setlist/joe-jackson/1984/icc-2-berlin-germany-13ec51c5.html,tour-1984-body-soul,1984 * Body and Soul Tour,,,
TICKET_0319,SHOW_1984-05-03_HAMBURG,1984-05-03,Hamburg,Germany,Congress Centrum Saal 1,tickets,kk-joe-jackson-1984-05-03.jpg,anonymous,"Joe Jackson (vocals, piano, alto sax) ; Graham Maby (bass, vocals) ; Gary Burke (drums) ; Vinnie Zummo (guitar) ; Tony Aiello (sax, flute) ; Michael Morreale (trumpet) ; Joy Askew (keyboards)",,0.0,https://www.setlist.fm/setlist/joe-jackson/1984/cch-saal-1-hamburg-germany-33ec5069.html,,,https://www.setlist.fm/setlist/joe-jackson/1984/saal-1-hamburg-germany-33ec5069.html,tour-1984-body-soul,1984 * Body and Soul Tour,,,
TICKET_0320,SHOW_1984-05-05_LILLE,1984-05-05,Lille,France,Foire Commerciale,tickets,kk-joe-jackson-1984-05-05.jpg,"Gert Schaumlöffel, Germany","Joe Jackson (vocals, piano, alto sax) ; Graham Maby (bass, vocals) ; Gary Burke (drums) ; Vinnie Zummo (guitar) ; Tony Aiello (sax, flute) ; Michael Morreale (trumpet) ; Joy Askew (keyboards)",,0.0,https://www.setlist.fm/setlist/joe-jackson/1984/palais-des-sports-saint-sauveur-lille-france-638e9243.html,,,https://www.setlist.fm/setlist/joe-jackson/1984/palais-des-sports-saint-sauveur-lille-france-638e9243.html,tour-1984-body-soul,1984 * Body and Soul Tour,,,
TICKET_0321,SHOW_1984-05-07_PARIS,1984-05-07,Paris,France,Le Zenith,tickets,kk-joe-jackson-1984-05-07.jpg,"Björn Krüger, Germany","Joe Jackson (vocals, piano, alto sax) ; Graham Maby (bass, vocals) ; Gary Burke (drums) ; Vinnie Zummo (guitar) ; Tony Aiello (sax, flute) ; Michael Morreale (trumpet) ; Joy Askew (keyboards)","Be My Number Two, Breaking Us in Two, Real Men",3.0,https://www.setlist.fm/setlist/joe-jackson/1984/le-zenith-paris-france-7bfea2e0.html,,,https://www.setlist.fm/setlist/joe-jackson/1984/le-zenith-paris-france-7bfea2e0.html,tour-1984-body-soul,1984 * Body and Soul Tour,,,
TICKET_0322,SHOW_1984-05-14_VANCOUVER,1984-05-14,Vancouver,Canada,Queen Elisabeth Theatre,tickets,kk-joe-jackson-1984-05-14.jpg,"Gert Schaumlöffel, Germany","Joe Jackson (vocals, piano, alto sax) ; Graham Maby (bass, vocals) ; Gary Burke (drums) ; Vinnie Zummo (guitar) ; Tony Aiello (sax, flute) ; Michael Morreale (trumpet) ; Joy Askew (keyboards)",,0.0,https://www.setlist.fm/setlist/joe-jackson/1984/queen-elizabeth-theatre-vancouver-bc-canada-5bfc7f60.html,,,https://www.setlist.fm/setlist/joe-jackson/1984/queen-elizabeth-theatre-vancouver-bc-canada-5bfc7f60.html,tour-1984-body-soul,1984 * Body and Soul Tour,,,
TICKET_0323,SHOW_1984-05-15_SEATTLE,1984-05-15,Seattle,WA,Paramount Theatre,tickets,kk-joe-jackson-1984-05-15.jpg,"Gert Schaumlöffel, Germany","Joe Jackson (vocals, piano, alto sax) ; Graham Maby (bass, vocals) ; Gary Burke (drums) ; Vinnie Zummo (guitar) ; Tony Aiello (sax, flute) ; Michael Morreale (trumpet) ; Joy Askew (keyboards)",,0.0,https://www.setlist.fm/setlist/joe-jackson/1984/paramount-theatre-seattle-wa-638e9247.html,,,https://www.setlist.fm/setlist/joe-jackson/1984/paramount-theatre-seattle-wa-638e9247.html,tour-1984-body-soul,1984 * Body and Soul Tour,,,
TICKET_0324,SHOW_1984-05-25_SANTABARBARA,1984-05-25,Santa Barbara,CA,Santa Barbara County Bowl,tickets,kk-joe-jackson-1984-05-25.jpg,"Gert Schaumlöffel, Germany","Joe Jackson (vocals, piano, alto sax) ; Graham Maby (bass, vocals) ; Gary Burke (drums) ; Vinnie Zummo (guitar) ; Tony Aiello (sax, flute) ; Michael Morreale (trumpet) ; Joy Askew (keyboards)",,0.0,https://www.setlist.fm/setlist/joe-jackson/1984/santa-barbara-bowl-santa-barbara-ca-738e9239.html,,,https://www.setlist.fm/setlist/joe-jackson/1984/santa-barbara-bowl-santa-barbara-ca-738e9239.html,tour-1984-body-soul,1984 * Body and Soul Tour,,,
TICKET_0325,SHOW_1984-06-02_DALLAS,1984-06-02,Dallas,TX,State Fair Band Shell,tickets,kk-joe-jackson-1984-06-02.jpg,"Gert Schaumlöffel, Germany","Joe Jackson (vocals, piano, alto sax) ; Graham Maby (bass, vocals) ; Gary Burke (drums) ; Vinnie Zummo (guitar) ; Tony Aiello (sax, flute) ; Michael Morreale (trumpet) ; Joy Askew (keyboards)",,0.0,https://www.setlist.fm/setlist/joe-jackson/1984/fair-park-band-shell-dallas-tx-43ff533f.html,,,https://www.setlist.fm/setlist/joe-jackson/1984/fair-park-band-shell-dallas-tx-43ff533f.html,tour-1984-body-soul,1984 * Body and Soul Tour,,,
TICKET_0326,SHOW_1984-06-10_POPLARCREEK,1984-06-10,Poplar Creek,IL,Poplar Creek Music Theater (open air),tickets,kk-joe-jackson-1984-06-10.jpg,"Gert Schaumlöffel, Germany","Joe Jackson (vocals, piano, alto sax) ; Graham Maby (bass, vocals) ; Gary Burke (drums) ; Vinnie Zummo (guitar) ; Tony Aiello (sax, flute) ; Michael Morreale (trumpet) ; Joy Askew (keyboards)","Loisaida, Body and Soul (cover of Ambrose and His Orchestra), Heart of Ice, Another World, Sunday Papers, The Verdict, Cha Cha Loco, Breaking Us in Two, Is She Really Going Out With Him? (acoustic version), Memphis, Soul Makossa / T.V. Age (cover of Manu Dibango), Steppin' Out, You Can't Get What You Want (Till You Know What You Want), [Encore 1], Jumpin' Jive (cover of Cab Calloway and His Orchestra), Go for It, A Slow Song",16.0,https://www.setlist.fm/setlist/joe-jackson/1984/poplar-creek-music-theater-hoffman-estates-il-2bd984c2.html,,,https://www.setlist.fm/setlist/joe-jackson/1984/poplar-creek-music-theater-hoffman-estates-il-2bd984c2.html,tour-1984-body-soul,1984 * Body and Soul Tour,,,
TICKET_0327,SHOW_1984-06-18_TORONTO,1984-06-18,Toronto,Canada,CNE Bandshell,tickets,kk-joe-jackson-1984-06-18.jpg,"Gert Schaumlöffel, Germany","Joe Jackson (vocals, piano, alto sax) ; Graham Maby (bass, vocals) ; Gary Burke (drums) ; Vinnie Zummo (guitar) ; Tony Aiello (sax, flute) ; Michael Morreale (trumpet) ; Joy Askew (keyboards)",,0.0,https://www.setlist.fm/setlist/joe-jackson/1984/cne-bandshell-toronto-on-canada-63f0c6df.html,,,https://www.setlist.fm/setlist/joe-jackson/1984/cne-bandshell-toronto-on-canada-63f0c6df.html,tour-1984-body-soul,1984 * Body and Soul Tour,,,
TICKET_0328,SHOW_1984-06-21_NEWYORK,1984-06-21,New York,NY,Madison Square Garden,tickets,"kk-joe-jackson-1984-06-21.jpg, kk-joe-jackson-1984-06-21-II.jpg","Gregory D'Anna, U.S.A.","Joe Jackson (vocals, piano, alto sax) ; Graham Maby (bass, vocals) ; Gary Burke (drums) ; Vinnie Zummo (guitar) ; Tony Aiello (sax, flute) ; Michael Morreale (trumpet) ; Joy Askew (keyboards)","Body and Soul (cover of Ambrose and His Orchestra), Heart of Ice, Another World, Sunday Papers, The Verdict, It's Different for Girls, Cha Cha Loco, Breaking Us in Two, Be My Number Two, Is She Really Going Out With Him?, Memphis, Soul Makossa (cover of Manu Dibango), T.V. Age, Steppin' Out, You Can't Get What You Want (Till You Know What You Want), [Encore 1], Happy Ending, Jumpin' Jive (cover of Cab Calloway and His Orchestra), Go for It, [Encore 2], A Slow Song",19.0,https://www.setlist.fm/setlist/joe-jackson/1984/madison-square-garden-new-york-ny-43d20b97.html,,,https://www.setlist.fm/setlist/joe-jackson/1984/madison-square-garden-new-york-ny-43d20b97.html,tour-1984-body-soul,1984 * Body and Soul Tour,,,
TICKET_0329,SHOW_1984-06-23_COLUMBIA,1984-06-23,Columbia,MD,Merriweather Post Pavilion,tickets,kk-joe-jackson-1984-06-23.jpg,"Gert Schaumlöffel, Germany","Joe Jackson (vocals, piano, alto sax) ; Graham Maby (bass, vocals) ; Gary Burke (drums) ; Vinnie Zummo (guitar) ; Tony Aiello (sax, flute) ; Michael Morreale (trumpet) ; Joy Askew (keyboards)",,0.0,https://www.setlist.fm/setlist/joe-jackson/1984/merriweather-post-pavilion-columbia-md-3bdc1c68.html,,,https://www.setlist.fm/setlist/joe-jackson/1984/merriweather-post-pavilion-columbia-md-3bdc1c68.html,tour-1984-body-soul,1984 * Body and Soul Tour,,,
TICKET_0330,SHOW_1984-06-26_BOSTON,1984-06-26,Boston,MA,Boston Common,tickets,"kk-gs-joe-jackson-1984-06-26.jpg, kk-joe-jackson-1984-06-26-backstage.jpg, kk-joe-jackson-1984-06-26-right-side.jpg","Gil Bliss, USA","Joe Jackson (vocals, piano, alto sax) ; Graham Maby (bass, vocals) ; Gary Burke (drums) ; Vinnie Zummo (guitar) ; Tony Aiello (sax, flute) ; Michael Morreale (trumpet) ; Joy Askew (keyboards)","Body and Soul (cover of Ambrose and His Orchestra), Heart of Ice, Another World, Sunday Papers, The Verdict, It's Different for Girls, Cha Cha Loco, Breaking Us in Two, Be My Number Two, Is She Really Going Out With Him?, Memphis, Soul Makossa (cover of Manu Dibango), T.V. Age, Steppin' Out, You Can't Get What You Want (Till You Know What You Want), [Encore 1], Happy Ending, Jumpin' Jive (cover of Cab Calloway and His Orchestra), Go for It, [Encore 2], A Slow Song",19.0,https://www.setlist.fm/setlist/joe-jackson/1984/boston-common-boston-ma-13df4151.html,,,https://www.setlist.fm/setlist/joe-jackson/1984/boston-common-boston-ma-13df4151.html,tour-1984-body-soul,1984 * Body and Soul Tour,,,
TICKET_0331,SHOW_1984-07-07_TORHOUT,1984-07-07,Torhout,Belgium,Humo Festival,tickets,"kk-joe-jackson-1984-07-07.jpg, kk-joe-jackson-1984-07-07-2.jpg","Gert Schaumlöffel, Germany","Joe Jackson (vocals, piano, alto sax) ; Graham Maby (bass, vocals) ; Gary Burke (drums) ; Vinnie Zummo (guitar) ; Tony Aiello (sax, flute) ; Michael Morreale (trumpet) ; Joy Askew (keyboards)",,0.0,https://www.setlist.fm/setlist/joe-jackson/1984/achiel-eeckloo-rockweide-torhout-belgium-43c287cb.html,,,https://www.setlist.fm/setlist/joe-jackson/1984/achiel-eeckloo-rockweide-torhout-belgium-43c287cb.html,tour-1984-body-soul,1984 * Body and Soul Tour,,,
TICKET_0332,SHOW_1984-07-08_WERCHTER,1984-07-08,Werchter,Belgium,Rock Werchter,tickets,"kk-joe-jackson-1984-07-08.jpg, kk-joe-jackson-1984-07-08-2.jpg","Gert Schaumlöffel, Germany","Joe Jackson (vocals, piano, alto sax) ; Graham Maby (bass, vocals) ; Gary Burke (drums) ; Vinnie Zummo (guitar) ; Tony Aiello (sax, flute) ; Michael Morreale (trumpet) ; Joy Askew (keyboards)","Another World, Cha Cha Loco, Be My Number Two, Is She Really Going Out With Him?, Steppin' Out, A Slow Song",6.0,https://www.setlist.fm/setlist/joe-jackson/1984/festivalpark-werchter-belgium-1bc43d04.html,,,https://www.setlist.fm/setlist/joe-jackson/1984/festivalpark-werchter-belgium-1bc43d04.html,tour-1984-body-soul,1984 * Body and Soul Tour,,,
TICKET_0333,SHOW_1984-07-10_MILAN,1984-07-10,Milan,Italy,Palazzo Dello Sport,tickets,kk-joe-jackson-1984-07-10.jpg,"Gert Schaumlöffel, Germany","Joe Jackson (vocals, piano, alto sax) ; Graham Maby (bass, vocals) ; Gary Burke (drums) ; Vinnie Zummo (guitar) ; Tony Aiello (sax, flute) ; Michael Morreale (trumpet) ; Joy Askew (keyboards)","Body and Soul (cover of Ambrose and His Orchestra), Heart of Ice, Another World, Sunday Papers, It's Different for Girls, The Verdict, Cha Cha Loco, Breaking Us in Two, Be My Number Two, Is She Really Going Out With Him?, Soul Makossa (cover of Manu Dibango), Beat Crazy (cover of Joe Jackson Band), Steppin' Out, You Can't Get What You Want (Till You Know What You Want), Jumpin' Jive (cover of Cab Calloway and His Orchestra), Go for It, A Slow Song",17.0,https://www.setlist.fm/setlist/joe-jackson/1984/palasport-di-san-siro-milan-italy-38759eb.html,,,https://www.setlist.fm/setlist/joe-jackson/1984/palasport-di-san-siro-milan-italy-38759eb.html,tour-1984-body-soul,1984 * Body and Soul Tour,,,
TICKET_0334,SHOW_1984-08-06_OSAKA,1984-08-06,Osaka,Japan,Mainichi Hall,tickets,kk-joe-jackson-1984-08-06.jpg,"Shiro Miyata , Japan","Joe Jackson (vocals, piano, alto sax) ; Graham Maby (bass, vocals) ; Gary Burke (drums) ; Vinnie Zummo (guitar) ; Tony Aiello (sax, flute) ; Michael Morreale (trumpet) ; Joy Askew (keyboards)",,0.0,https://www.setlist.fm/setlist/joe-jackson/1984/mainichi-hall-osaka-japan-73bc0e89.html,,,https://www.setlist.fm/setlist/joe-jackson/1984/mainichi-hall-osaka-japan-73bc0e89.html,tour-1984-body-soul,1984 * Body and Soul Tour,,,
TICKET_0335,SHOW_1984-01-01_HAMBURG,,Hamburg,Germany,,passes,kk-joe-jackson-pass-1984-hamburg.jpg,"Gert Schaumlöffel, Germany","Joe Jackson (vocals, piano, alto sax) ; Graham Maby (bass, vocals) ; Gary Burke (drums) ; Vinnie Zummo (guitar) ; Tony Aiello (sax, flute) ; Michael Morreale (trumpet) ; Joy Askew (keyboards)",,0.0,,,,,tour-1984-body-and-soul-tour,1984 * Body and Soul Tour,,,
TICKET_0336,SHOW_1984-05-26_1984,1984-05-26,,,,passes,kk-joe-jackson-1984-05-26-pass.jpg,"Gert Schaumlöffel, Germany","Joe Jackson (vocals, piano, alto sax) ; Graham Maby (bass, vocals) ; Gary Burke (drums) ; Vinnie Zummo (guitar) ; Tony Aiello (sax, flute) ; Michael Morreale (trumpet) ; Joy Askew (keyboards)",,0.0,,,,https://www.setlist.fm/setlist/joe-jackson/1984/irvine-meadows-amphitheatre-irvine-ca-3be580e8.html,tour-1984-body-and-soul-tour,1984 * Body and Soul Tour,,,
TICKET_0337,SHOW_1984-05-29_1984,1984-05-29,,,,passes,kk-joe-jackson-1984-05-29-pass.jpg,"Gert Schaumlöffel, Germany","Joe Jackson (vocals, piano, alto sax) ; Graham Maby (bass, vocals) ; Gary Burke (drums) ; Vinnie Zummo (guitar) ; Tony Aiello (sax, flute) ; Michael Morreale (trumpet) ; Joy Askew (keyboards)",,0.0,,,,https://www.setlist.fm/setlist/joe-jackson/1984/mesa-amphitheatre-mesa-az-6b8e9232.html,tour-1984-body-and-soul-tour,1984 * Body and Soul Tour,,,
TICKET_0338,SHOW_2003-03-21_LOSANGELES,2003-03-21,Los Angeles,CA,El Rey Theatre,tickets,"kk-sm-5.jpg, kk-joe-jackson-2003-03-22.jpg","Craig Codding, U.S.A.","Joe Jackson (vocals, piano, keyboards) ; Gary Sanford (guitar, backing vocals) ; Graham Maby (bass, backing vocals) ; Dave Houghton (drums, backing vocals)","One More Time, Take It Like a Man (cover of Joe Jackson Band), Awkward Age (cover of Joe Jackson Band), Look Sharp!, Stranger Than You, Still Alive (cover of Joe Jackson Band), Fools in Love / For Your Love, On Your Radio, Love at First Light (cover of Joe Jackson Band), Home Town, Girl (cover of The Beatles), Real Men, Dirty Martini (cover of Joe Jackson Band), Beat Crazy (cover of Joe Jackson Band), Little Bit Stupid (cover of Joe Jackson Band), Sunday Papers, Got the Time, [Encore 1], It's Different for Girls, I'm the Man",19.0,https://www.setlist.fm/setlist/joe-jackson/2003/el-rey-theatre-los-angeles-ca-6b969a76.html,,,https://www.setlist.fm/setlist/joe-jackson/2003/el-rey-theatre-los-angeles-ca-6b969a76.html,tour-volume-4-2003,2003 * Volume 4 Tour,,,
TICKET_0339,SHOW_2003-03-24_SANFRANCISCO,2003-03-24,San Francisco,CA,The Fillmore,tickets,kk-joe-jackson-2003-03-24.jpg,"Gert Schaumlöffel, Germany","Joe Jackson (vocals, piano, keyboards) ; Gary Sanford (guitar, backing vocals) ; Graham Maby (bass, backing vocals) ; Dave Houghton (drums, backing vocals)","One More Time, Take It Like a Man (cover of Joe Jackson Band), Awkward Age (cover of Joe Jackson Band), Look Sharp!, Fools in Love / For Your Love, Obvious Song, Bright Grey (cover of Joe Jackson Band), Is She Really Going Out With Him?, Love at First Light (cover of Joe Jackson Band), Girl (solo, cover of The Beatles), Real Men (demo), It's Different for Girls, Fairy Dust (cover of Joe Jackson Band), Beat Crazy (cover of Joe Jackson Band), Little Bit Stupid (cover of Joe Jackson Band), Sunday Papers, Got the Time, [Encore 1], Blaze of Glory, I'm the Man",20.0,https://www.setlist.fm/setlist/joe-jackson/2003/the-fillmore-san-francisco-ca-33de5485.html,,,https://www.setlist.fm/setlist/joe-jackson/2003/the-fillmore-san-francisco-ca-33de5485.html,tour-volume-4-2003,2003 * Volume 4 Tour,,,
TICKET_0340,SHOW_2003-03-27_BOULDER,2003-03-27,Boulder,CO,Fox Theatre,tickets,kk-joe-jackson-2003-03-27.jpg,"Ian Bowes, South Africa","Joe Jackson (vocals, piano, keyboards) ; Gary Sanford (guitar, backing vocals) ; Graham Maby (bass, backing vocals) ; Dave Houghton (drums, backing vocals)","One More Time, Take It Like a Man (cover of Joe Jackson Band), Awkward Age (cover of Joe Jackson Band), Look Sharp!, Chrome (cover of Joe Jackson Band), Down to London, On Your Radio, Is She Really Going Out With Him?, Love at First Light (cover of Joe Jackson Band), Real Men, The Mayor of Simpleton (cover of XTC), Steppin' Out, It's Different for Girls, Fairy Dust (cover of Joe Jackson Band), Beat Crazy (cover of Joe Jackson Band), Sunday Papers, Thugz 'R' Us (cover of Joe Jackson Band), Got the Time, Blaze of Glory, I'm the Man",20.0,https://www.setlist.fm/setlist/joe-jackson/2003/fox-theatre-boulder-co-7bf6b2c8.html,,,https://www.setlist.fm/setlist/joe-jackson/2003/fox-theatre-boulder-co-7bf6b2c8.html,tour-volume-4-2003,2003 * Volume 4 Tour,,,
TICKET_0341,SHOW_2003-03-29_MINNEAPOLIS,2003-03-29,Minneapolis,MN,First Avenue,tickets,kk-joe-jackson-2003-03-29.jpg,"Gert Schaumlöffel, Germany","Joe Jackson (vocals, piano, keyboards) ; Gary Sanford (guitar, backing vocals) ; Graham Maby (bass, backing vocals) ; Dave Houghton (drums, backing vocals)","One More Time, Take It Like a Man (cover of Joe Jackson Band), Awkward Age (cover of Joe Jackson Band), Fools in Love / For Your Love, Fairy Dust (cover of Joe Jackson Band), Look Sharp!, Obvious Song, Is She Really Going Out With Him?, Love at First Light (cover of Joe Jackson Band), Be My Number Two (Solo), Girl (Solo, cover of The Beatles), Real Men, Dirty Martini (cover of Joe Jackson Band), Sunday Papers, Thugz 'R' Us (cover of Joe Jackson Band), Don't Wanna Be Like That, Got the Time, [Encore 1], It's Different for Girls, I'm the Man",20.0,https://www.setlist.fm/setlist/joe-jackson/2003/first-avenue-minneapolis-mn-43d9874b.html,,,https://www.setlist.fm/setlist/joe-jackson/2003/first-avenue-minneapolis-mn-43d9874b.html,tour-volume-4-2003,2003 * Volume 4 Tour,,,
TICKET_0342,SHOW_2003-03-30_CHICAGO,2003-03-30,Chicago,IL,Vic Theatre,tickets,kk-joe-jackson-2003-03-30.jpg,"Ian Bowes, South Africa","Joe Jackson (vocals, piano, keyboards) ; Gary Sanford (guitar, backing vocals) ; Graham Maby (bass, backing vocals) ; Dave Houghton (drums, backing vocals)","One More Time, Take It Like a Man (cover of Joe Jackson Band), On Your Radio, Is She Really Going Out With Him?, Sunday Papers, Awkward Age (cover of Joe Jackson Band), Home Town, Steppin' Out, Love at First Light (cover of Joe Jackson Band), It's Different for Girls, Fairy Dust (cover of Joe Jackson Band), Thugz 'R' Us (cover of Joe Jackson Band), Beat Crazy (cover of Joe Jackson Band)",13.0,https://www.setlist.fm/setlist/joe-jackson/2003/vic-theatre-chicago-il-7bd7ba9c.html,,,https://www.setlist.fm/setlist/joe-jackson/2003/vic-theatre-chicago-il-7bd7ba9c.html,tour-volume-4-2003,2003 * Volume 4 Tour,,,
TICKET_0343,SHOW_2003-04-08_PHILADELPHIA,2003-04-08,Philadelphia,PA,Theatre of Living Arts,tickets,kk-jn-02.jpg,"John Nyman, U.S.A.","Joe Jackson (vocals, piano, keyboards) ; Gary Sanford (guitar, backing vocals) ; Graham Maby (bass, backing vocals) ; Dave Houghton (drums, backing vocals)","One More Time, Take It Like a Man (cover of Joe Jackson Band), Awkward Age (cover of Joe Jackson Band), Chrome (cover of Joe Jackson Band), Sunday Papers, Obvious Song, Bright Grey (cover of Joe Jackson Band), Is She Really Going Out With Him?, Love at First Light (cover of Joe Jackson Band), Real Men, Any Major Dude Will Tell You (cover of Steely Dan), Steppin' Out, It's Different for Girls, Dirty Martini (cover of Joe Jackson Band), Beat Crazy (cover of Joe Jackson Band), Little Bit Stupid (cover of Joe Jackson Band), On Your Radio, Got the Time, [Encore 1], Look Sharp!, I'm the Man",20.0,https://www.setlist.fm/setlist/joe-jackson/2003/the-theatre-of-living-arts-philadelphia-pa-bce993e.html,,,https://www.setlist.fm/setlist/joe-jackson/2003/the-theatre-of-living-arts-philadelphia-pa-bce993e.html,tour-volume-4-2003,2003 * Volume 4 Tour,,,
TICKET_0344,SHOW_2003-04-11_NEWYORK,2003-04-11,New York,NY,Irving Plaza,tickets,kk-joe-jackson-2003-04-11-2.jpg,"Gert Schaumlöffel, Germany","Joe Jackson (vocals, piano, keyboards) ; Gary Sanford (guitar, backing vocals) ; Graham Maby (bass, backing vocals) ; Dave Houghton (drums, backing vocals)",,0.0,,,,,tour-volume-4-2003,2003 * Volume 4 Tour,,,
TICKET_0345,SHOW_2003-04-12_BROOKLYN,2003-04-12,Brooklyn,NY,Warsaw,tickets,kk-joe-jackson-2003-04-12.jpg,"Gert Schaumlöffel, Germany","Joe Jackson (vocals, piano, keyboards) ; Gary Sanford (guitar, backing vocals) ; Graham Maby (bass, backing vocals) ; Dave Houghton (drums, backing vocals)","One More Time, Take It Like a Man (cover of Joe Jackson Band), Awkward Age (cover of Joe Jackson Band), Look Sharp!, Home Town, Jamie G., Bright Grey (cover of Joe Jackson Band), Is She Really Going Out With Him?, Love at First Light (cover of Joe Jackson Band), Be My Number Two (solo), You Can't Be Too Strong (solo, cover of Graham Parker & The Rumour), Steppin' Out (solo), Dirty Martini (cover of Joe Jackson Band), Sunday Papers, Thugz 'R' Us (cover of Joe Jackson Band), Don't Wanna Be Like That, Got the Time, [Encore 1], It's Different for Girls, I'm the Man",20.0,https://www.setlist.fm/setlist/joe-jackson/2003/warsaw-brooklyn-ny-bce9946.html,,,https://www.setlist.fm/setlist/joe-jackson/2003/warsaw-brooklyn-ny-bce9946.html,tour-volume-4-2003,2003 * Volume 4 Tour,,,
TICKET_0346,SHOW_2003-04-13_NEWYORK,2003-04-13,New York,NY,Bowery Ballroom,tickets,kk-jn-06.jpg,"John Nyman, U.S.A.","Joe Jackson (vocals, piano, keyboards) ; Gary Sanford (guitar, backing vocals) ; Graham Maby (bass, backing vocals) ; Dave Houghton (drums, backing vocals)","One More Time, Take It Like a Man (cover of Joe Jackson Band), Awkward Age (cover of Joe Jackson Band), Look Sharp!, Chrome (cover of Joe Jackson Band), Obvious Song, Bright Grey (cover of Joe Jackson Band), Is She Really Going Out With Him?, Love at First Light (cover of Joe Jackson Band), Be My Number Two, I Feel Possessed (cover of Crowded House), Steppin' Out, Fairy Dust (cover of Joe Jackson Band), Beat Crazy (cover of Joe Jackson Band), Sunday Papers, Little Bit Stupid (cover of Joe Jackson Band), Don't Wanna Be Like That, Got the Time, [Encore 1], It's Different for Girls, I'm the Man",20.0,https://www.setlist.fm/setlist/joe-jackson/2003/bowery-ballroom-new-york-ny-3ce9943.html,,,https://www.setlist.fm/setlist/joe-jackson/2003/bowery-ballroom-new-york-ny-3ce9943.html,tour-volume-4-2003,2003 * Volume 4 Tour,,,
TICKET_0347,SHOW_2003-04-22_HELLENDOORN,2003-04-22,Hellendoorn,Netherlands,Lantaarn,tickets,kk-jj-gs-2003-04-22.jpg,"Lammert Veen, Netherlands","Joe Jackson (vocals, piano, keyboards) ; Gary Sanford (guitar, backing vocals) ; Graham Maby (bass, backing vocals) ; Dave Houghton (drums, backing vocals)","One More Time, Take It Like a Man (cover of Joe Jackson Band), Awkward Age (cover of Joe Jackson Band), Down to London, Fools in Love / For Your Love, Fairy Dust (cover of Joe Jackson Band), Look Sharp!, Is She Really Going Out With Him?, Love at First Light (cover of Joe Jackson Band), Home Town, You Can't Be Too Strong (cover of Graham Parker & The Rumour), Steppin' Out, Dirty Martini (cover of Joe Jackson Band), Beat Crazy (cover of Joe Jackson Band), Little Bit Stupid (cover of Joe Jackson Band), Sunday Papers, Got the Time, [Encore 1], It's Different for Girls, I'm the Man",19.0,https://www.setlist.fm/setlist/joe-jackson/2003/de-lantaarn-hellendoorn-netherlands-3beff0ac.html,,,https://www.setlist.fm/setlist/joe-jackson/2003/de-lantaarn-hellendoorn-netherlands-3beff0ac.html,tour-volume-4-2003,2003 * Volume 4 Tour,,,
TICKET_0348,SHOW_2003-04-24_KLNCOLOGNE,2003-04-24,Köln (=Cologne),Germany,Live Music Hall,tickets,"kk-joe-jackson-2003-04-24.jpg, kk-eric.jpg","Eric Thelen, Germany","Joe Jackson (vocals, piano, keyboards) ; Gary Sanford (guitar, backing vocals) ; Graham Maby (bass, backing vocals) ; Dave Houghton (drums, backing vocals)","One More Time, Take It Like a Man (cover of Joe Jackson Band), Awkward Age (cover of Joe Jackson Band), Down to London, Fools in Love / For Your Love, Still Alive (cover of Joe Jackson Band), On Your Radio, Is She Really Going Out With Him?, Love at First Light (cover of Joe Jackson Band), Home Town, Any Major Dude Will Tell You (cover of Steely Dan), Real Men, Fairy Dust (cover of Joe Jackson Band), Beat Crazy (cover of Joe Jackson Band), Little Bit Stupid (cover of Joe Jackson Band), Sunday Papers, Got the Time, [Encore 1], It's Different for Girls, I'm the Man",19.0,https://www.setlist.fm/setlist/joe-jackson/2003/live-music-hall-cologne-germany-63cbee33.html,,,https://www.setlist.fm/setlist/joe-jackson/2003/live-music-hall-cologne-germany-63cbee33.html,tour-volume-4-2003,2003 * Volume 4 Tour,,,
TICKET_0349,SHOW_2003-04-25_HAMBURG,2003-04-25,Hamburg,Germany,Markthalle,tickets,kk-joe-jackson-2003-04-25.jpg,"Rolf Thalmann, Germany","Joe Jackson (vocals, piano, keyboards) ; Gary Sanford (guitar, backing vocals) ; Graham Maby (bass, backing vocals) ; Dave Houghton (drums, backing vocals)","Look Sharp!, Take It Like a Man (cover of Joe Jackson Band), Awkward Age (cover of Joe Jackson Band), Biology (cover of Joe Jackson Band), Chrome (cover of Joe Jackson Band), Obvious Song, Bright Grey (cover of Joe Jackson Band), Is She Really Going Out With Him?, Love at First Light (cover of Joe Jackson Band), Be My Number Two (Solo), Girl (cover of The Beatles), Steppin' Out (Solo), Fairy Dust (cover of Joe Jackson Band), Sunday Papers, Thugz 'R' Us (cover of Joe Jackson Band), Don't Wanna Be Like That, Got the Time, It's Different for Girls, I'm the Man",19.0,https://www.setlist.fm/setlist/joe-jackson/2003/markthalle-hamburg-germany-33cebc35.html,,,https://www.setlist.fm/setlist/joe-jackson/2003/markthalle-hamburg-germany-33cebc35.html,tour-volume-4-2003,2003 * Volume 4 Tour,,,
TICKET_0350,SHOW_2003-04-27_BERLIN,2003-04-27,Berlin,Germany,Universal Hall,tickets,kk-bk-019.jpg,"Björn Krüger, Germany","Joe Jackson (vocals, piano, keyboards) ; Gary Sanford (guitar, backing vocals) ; Graham Maby (bass, backing vocals) ; Dave Houghton (drums, backing vocals)","One More Time, Take It Like a Man (cover of Joe Jackson Band), Awkward Age (cover of Joe Jackson Band), Fools in Love / For Your Love, Chrome (cover of Joe Jackson Band), Fairy Dust (cover of Joe Jackson Band), On Your Radio, Is She Really Going Out With Him?, Love at First Light (cover of Joe Jackson Band), Home Town, Don't Ask Why (cover of Ron Sexsmith), Real Men, Dirty Martini (cover of Joe Jackson Band), Beat Crazy (cover of Joe Jackson Band), Little Bit Stupid (cover of Joe Jackson Band), Sunday Papers, Got the Time, [Encore 1], Blaze of Glory, I'm the Man",19.0,https://www.setlist.fm/setlist/joe-jackson/2003/universal-hall-berlin-germany-43ed97ff.html,,,https://www.setlist.fm/setlist/joe-jackson/2003/universal-hall-berlin-germany-43ed97ff.html,tour-volume-4-2003,2003 * Volume 4 Tour,,,
TICKET_0351,SHOW_2003-04-28_FRANKFURT,2003-04-28,Frankfurt,Germany,Batschkapp,tickets,kk-aw-01.jpg,"Andreas Wiethoff, Germany","Joe Jackson (vocals, piano, keyboards) ; Gary Sanford (guitar, backing vocals) ; Graham Maby (bass, backing vocals) ; Dave Houghton (drums, backing vocals)","One More Time, Take It Like a Man (cover of Joe Jackson Band), Awkward Age (cover of Joe Jackson Band), Look Sharp!, Home Town, Fairy Dust (cover of Joe Jackson Band), Bright Grey (cover of Joe Jackson Band), Is She Really Going Out With Him?, Love at First Light (cover of Joe Jackson Band), Be My Number Two, The Mayor of Simpleton (cover of XTC), Steppin' Out, Dirty Martini (cover of Joe Jackson Band), Beat Crazy (cover of Joe Jackson Band), Thugz 'R' Us (cover of Joe Jackson Band), Sunday Papers, Got the Time, [Encore 1], It's Different for Girls, I'm the Man",19.0,https://www.setlist.fm/setlist/joe-jackson/2003/batschkapp-frankfurt-germany-63e2b6ff.html,,,https://www.setlist.fm/setlist/joe-jackson/2003/batschkapp-frankfurt-germany-63e2b6ff.html,tour-volume-4-2003,2003 * Volume 4 Tour,,,
TICKET_0352,SHOW_2003-05-02_STRASBOURG,2003-05-02,Strasbourg,France,La Laiterie - Grande Salle,tickets,kk-joe-jackson-2003-05-02.jpg,"François Herrb, France","Joe Jackson (vocals, piano, keyboards) ; Gary Sanford (guitar, backing vocals) ; Graham Maby (bass, backing vocals) ; Dave Houghton (drums, backing vocals)","One More Time, Take It Like a Man (cover of Joe Jackson Band), Awkward Age (cover of Joe Jackson Band), Look Sharp!, Chrome (cover of Joe Jackson Band), Obvious Song, Sunday Papers, Is She Really Going Out With Him?, Love at First Light (cover of Joe Jackson Band), Home Town, I Feel Possessed (cover of Crowded House), Steppin' Out, Blaze of Glory, Fairy Dust (cover of Joe Jackson Band), Beat Crazy (cover of Joe Jackson Band), Little Bit Stupid (cover of Joe Jackson Band), Got the Time, [Encore 1], It's Different for Girls, I'm the Man",19.0,https://www.setlist.fm/setlist/joe-jackson/2003/la-laiterie-strasbourg-france-38ef977.html,,,https://www.setlist.fm/setlist/joe-jackson/2003/la-laiterie-strasbourg-france-38ef977.html,tour-volume-4-2003,2003 * Volume 4 Tour,,,
TICKET_0353,SHOW_2003-05-06_MARSEILLE,2003-05-06,Marseille,France,Le Moulin,tickets,kk-joe-jackson-2003-05-06.jpg,"Gert Schaumlöffel, Germany","Joe Jackson (vocals, piano, keyboards) ; Gary Sanford (guitar, backing vocals) ; Graham Maby (bass, backing vocals) ; Dave Houghton (drums, backing vocals)",,0.0,https://www.setlist.fm/setlist/joe-jackson/2003/le-moulin-marseille-france-138ef969.html,,,https://www.setlist.fm/setlist/joe-jackson/2003/le-moulin-marseille-france-138ef969.html,tour-volume-4-2003,2003 * Volume 4 Tour,,,
TICKET_0354,SHOW_2003-05-21_UTRECHT,2003-05-21,Utrecht,Netherlands,Vredenburg,tickets,kk-joe-jackson-2003-05-21.jpg,"Mike Philippens, Netherlands","Joe Jackson (vocals, piano, keyboards) ; Gary Sanford (guitar, backing vocals) ; Graham Maby (bass, backing vocals) ; Dave Houghton (drums, backing vocals)","Look Sharp!, Take It Like a Man (cover of Joe Jackson Band), Biology (cover of Joe Jackson Band), Awkward Age (cover of Joe Jackson Band), Sunday Papers, It's Different for Girls, Friday, Chrome (cover of Joe Jackson Band), Is She Really Going Out With Him?, Real Men, Steppin' Out, The Mayor of Simpleton (cover of XTC), Blue Flame (cover of Joe Jackson Band), Obvious Song, Don't Wanna Be Like That, Blaze of Glory, Got the Time, Little Bit Stupid (cover of Joe Jackson Band), I'm the Man",19.0,https://www.setlist.fm/setlist/joe-jackson/2003/muziekcentrum-vredenburg-utrecht-netherlands-5bd13bb0.html,,,https://www.setlist.fm/setlist/joe-jackson/2003/muziekcentrum-vredenburg-utrecht-netherlands-5bd13bb0.html,tour-volume-4-2003,2003 * Volume 4 Tour,,,
TICKET_0355,SHOW_2003-05-23_GRONINGEN,2003-05-23,Groningen,Netherlands,Oosterpoort,tickets,kk-reint-1.jpg,"Lammert Veen, Netherlands","Joe Jackson (vocals, piano, keyboards) ; Gary Sanford (guitar, backing vocals) ; Graham Maby (bass, backing vocals) ; Dave Houghton (drums, backing vocals)","One More Time, Take It Like a Man (cover of Joe Jackson Band), Awkward Age (cover of Joe Jackson Band), Home Town, Fairy Dust (cover of Joe Jackson Band), Look Sharp!, On Your Radio, Is She Really Going Out With Him?, Love at First Light (cover of Joe Jackson Band), Be My Number Two, I Feel Possessed (cover of Crowded House), Steppin' Out, Still Alive (cover of Joe Jackson Band), Little Bit Stupid (cover of Joe Jackson Band), Sunday Papers, Beat Crazy (cover of Joe Jackson Band), Got the Time, [Encore 1], It's Different for Girls, I'm the Man",19.0,https://www.setlist.fm/setlist/joe-jackson/2003/de-oosterpoort-groningen-netherlands-23eff0cb.html,,,https://www.setlist.fm/setlist/joe-jackson/2003/de-oosterpoort-groningen-netherlands-23eff0cb.html,tour-volume-4-2003,2003 * Volume 4 Tour,,,
TICKET_0356,SHOW_2003-05-24_AMSTERDAM,2003-05-24,Amsterdam,Netherlands,Paradiso,tickets,kk-jj-gs-2003-05-24.jpg,"Lammert Veen, Netherlands","Joe Jackson (vocals, piano, keyboards) ; Gary Sanford (guitar, backing vocals) ; Graham Maby (bass, backing vocals) ; Dave Houghton (drums, backing vocals)","One More Time, Take It Like a Man (cover of Joe Jackson Band), Awkward Age (cover of Joe Jackson Band), Down to London, Jamie G., Chrome (cover of Joe Jackson Band), On Your Radio, Is She Really Going Out With Him?, Love at First Light (cover of Joe Jackson Band), Real Men, Any Major Dude Will Tell You (cover of Steely Dan), Steppin' Out, Fairy Dust (cover of Joe Jackson Band), Little Bit Stupid (cover of Joe Jackson Band), Beat Crazy (cover of Joe Jackson Band), Look Sharp!, Sunday Papers, Got the Time, [Encore 1], It's Different for Girls, I'm the Man",20.0,https://www.setlist.fm/setlist/joe-jackson/2003/grote-zaal-amsterdam-netherlands-73f56e7d.html,,,https://www.setlist.fm/setlist/joe-jackson/2003/grote-zaal-amsterdam-netherlands-73f56e7d.html,tour-volume-4-2003,2003 * Volume 4 Tour,,,
TICKET_0357,SHOW_2003-05-26_PARIS,2003-05-26,Paris,France,Le Bataclan,tickets,"kk-jj-hl-3.jpg, kk-hudu-01.jpg","Hervé Lenoach, France","Joe Jackson (vocals, piano, keyboards) ; Gary Sanford (guitar, backing vocals) ; Graham Maby (bass, backing vocals) ; Dave Houghton (drums, backing vocals)","One More Time, Take It Like a Man (cover of Joe Jackson Band), Awkward Age (cover of Joe Jackson Band), Fools in Love / For Your Love, Fairy Dust (cover of Joe Jackson Band), Look Sharp!, Bright Grey (cover of Joe Jackson Band), Is She Really Going Out With Him?, Love at First Light (cover of Joe Jackson Band), Be My Number Two, I Feel Possessed (cover of Crowded House), Steppin' Out, Still Alive (cover of Joe Jackson Band), Thugz 'R' Us (cover of Joe Jackson Band), Sunday Papers, Don't Wanna Be Like That, Got the Time, It's Different for Girls, I'm the Man",19.0,https://www.setlist.fm/setlist/joe-jackson/2003/le-bataclan-paris-france-73cc2a55.html,,,https://www.setlist.fm/setlist/joe-jackson/2003/le-bataclan-paris-france-73cc2a55.html,tour-volume-4-2003,2003 * Volume 4 Tour,,,
TICKET_0358,SHOW_2003-05-27_PARIS,2003-05-27,Paris,France,Le Bataclan,tickets,"kk-sm-3.jpg, kk-hudu-02.jpg","Mathieu Chartier, France","Joe Jackson (vocals, piano, keyboards) ; Gary Sanford (guitar, backing vocals) ; Graham Maby (bass, backing vocals) ; Dave Houghton (drums, backing vocals)","Look Sharp!, Take It Like a Man (cover of Joe Jackson Band), Awkward Age (cover of Joe Jackson Band), Friday, Chrome (cover of Joe Jackson Band), Down to London, Jamie G., On Your Radio, One More Time, Is She Really Going Out With Him?, Love at First Light (cover of Joe Jackson Band), Real Men, Girl (cover of The Beatles), Steppin' Out, Dirty Martini (cover of Joe Jackson Band), Little Bit Stupid (cover of Joe Jackson Band), Beat Crazy (cover of Joe Jackson Band), Sunday Papers, Got the Time, [Encore 1], It's Different for Girls, I'm the Man",21.0,https://www.setlist.fm/setlist/joe-jackson/2003/le-bataclan-paris-france-b8ef962.html,,,https://www.setlist.fm/setlist/joe-jackson/2003/le-bataclan-paris-france-b8ef962.html,tour-volume-4-2003,2003 * Volume 4 Tour,,,
TICKET_0359,SHOW_2003-05-28_EURALILLE,2003-05-28,Euralille,France,L'Aéronef,tickets,"kk-joe-jackson-2003-05-28.jpg, kk-hudu-02.jpg","Claude Chantemarque, France","Joe Jackson (vocals, piano, keyboards) ; Gary Sanford (guitar, backing vocals) ; Graham Maby (bass, backing vocals) ; Dave Houghton (drums, backing vocals)",,0.0,https://www.setlist.fm/setlist/joe-jackson/2003/laeronef-lille-france-53cd8369.html,,,https://www.setlist.fm/setlist/joe-jackson/2003/laeronef-lille-france-53cd8369.html,tour-volume-4-2003,2003 * Volume 4 Tour,,,
TICKET_0360,SHOW_2003-05-30_AMSTERDAM,2003-05-30,Amsterdam,Netherlands,Pepsi Stage,tickets,kk-joe-jackson-2003-05-30.jpg,"Gert Schaumlöffel, Germany","Joe Jackson (vocals, piano, keyboards) ; Gary Sanford (guitar, backing vocals) ; Graham Maby (bass, backing vocals) ; Dave Houghton (drums, backing vocals)","Look Sharp!, Take It Like a Man (cover of Joe Jackson Band), Awkward Age (cover of Joe Jackson Band), Fools in Love / For Your Love, Fairy Dust (cover of Joe Jackson Band), Obvious Song, Friday, Is She Really Going Out With Him?, Love at First Light (cover of Joe Jackson Band), Be My Number Two, Girl (cover of The Beatles), Steppin' Out, Dirty Martini (cover of Joe Jackson Band), Thugz 'R' Us (cover of Joe Jackson Band), Sunday Papers, Don't Wanna Be Like That, Got the Time, Beat Crazy (cover of Joe Jackson Band), It's Different for Girls, I'm the Man",20.0,https://www.setlist.fm/setlist/joe-jackson/2003/heineken-music-hall-amsterdam-netherlands-3d18143.html,,,https://www.setlist.fm/setlist/joe-jackson/2003/heineken-music-hall-amsterdam-netherlands-3d18143.html,tour-volume-4-2003,2003 * Volume 4 Tour,,,
TICKET_0361,SHOW_2003-06-01_TILBURG,2003-06-01,Tilburg,Netherlands,013 Popcentrum,tickets,kk-joe-jackson-2003-06-01.jpg,"Annelies Kanbier, Netherlands","Joe Jackson (vocals, piano, keyboards) ; Gary Sanford (guitar, backing vocals) ; Graham Maby (bass, backing vocals) ; Dave Houghton (drums, backing vocals)","One More Time, Take It Like a Man (cover of Joe Jackson Band), Awkward Age (cover of Joe Jackson Band), Fools in Love / For Your Love, Fairy Dust (cover of Joe Jackson Band), Obvious Song, Friday, Is She Really Going Out With Him?, Love at First Light (cover of Joe Jackson Band), Home Town, Too Tough, Steppin' Out, Still Alive (cover of Joe Jackson Band), Little Bit Stupid (cover of Joe Jackson Band), Sunday Papers, Beat Crazy (cover of Joe Jackson Band), Got the Time, [Encore 1], Look Sharp!, It's Different for Girls, I'm the Man",20.0,https://www.setlist.fm/setlist/joe-jackson/2003/poppodium-013-tilburg-netherlands-63fa0af7.html,,,https://www.setlist.fm/setlist/joe-jackson/2003/poppodium-013-tilburg-netherlands-63fa0af7.html,tour-volume-4-2003,2003 * Volume 4 Tour,,,
TICKET_0362,SHOW_2003-06-04_LONDON,2003-06-04,London,U.K.,Shepherds Bush Empire,tickets,kk-joe-jackson-2003-06-04.jpg,"Gert Schaumlöffel, Germany","Joe Jackson (vocals, piano, keyboards) ; Gary Sanford (guitar, backing vocals) ; Graham Maby (bass, backing vocals) ; Dave Houghton (drums, backing vocals)","One More Time, Take It Like a Man (cover of Joe Jackson Band), Awkward Age (cover of Joe Jackson Band), Fools in Love, Chrome (cover of Joe Jackson Band), Down to London, Beat Crazy (cover of Joe Jackson Band), Friday, Is She Really Going Out With Him?, Love at First Light (cover of Joe Jackson Band), Real Men, Girl (cover of The Beatles), Be My Number Two (Solo), Steppin' Out (Solo), Fairy Dust (cover of Joe Jackson Band), Little Bit Stupid (cover of Joe Jackson Band), Don't Wanna Be Like That, Sunday Papers, Got the Time, Look Sharp!, It's Different for Girls, I'm the Man",22.0,https://www.setlist.fm/setlist/joe-jackson/2003/shepherds-bush-empire-london-england-23cebc2f.html,,,https://www.setlist.fm/setlist/joe-jackson/2003/shepherds-bush-empire-london-england-23cebc2f.html,tour-volume-4-2003,2003 * Volume 4 Tour,,,
TICKET_0363,SHOW_2003-06-06_PORTSMOUTH,2003-06-06,Portsmouth,U.K.,Guildhall,tickets,kk-joe-jackson-2003-06-06.jpg,"Gert Schaumlöffel, Germany","Joe Jackson (vocals, piano, keyboards) ; Gary Sanford (guitar, backing vocals) ; Graham Maby (bass, backing vocals) ; Dave Houghton (drums, backing vocals)","Look Sharp!, Take It Like a Man (cover of Joe Jackson Band), Awkward Age (cover of Joe Jackson Band), Fools in Love, Chrome (cover of Joe Jackson Band), Down to London, Beat Crazy (cover of Joe Jackson Band), Friday, Is She Really Going Out With Him?, Love at First Light (cover of Joe Jackson Band), Real Men, Girl (cover of The Beatles), Steppin' Out, Fairy Dust (cover of Joe Jackson Band), Little Bit Stupid (cover of Joe Jackson Band), Sunday Papers, Don't Wanna Be Like That, Got the Time, [Encore 1], Home Town, It's Different for Girls, I'm the Man",21.0,https://www.setlist.fm/setlist/joe-jackson/2003/portsmouth-guildhall-portsmouth-england-38ef967.html,,,https://www.setlist.fm/setlist/joe-jackson/2003/portsmouth-guildhall-portsmouth-england-38ef967.html,tour-volume-4-2003,2003 * Volume 4 Tour,,,
TICKET_0364,SHOW_2003-06-08_MANCHESTER,2003-06-08,Manchester,U.K.,Academy,tickets,kk-joe-jackson-2003-06-08.jpg,"Björn Krüger, Germany","Joe Jackson (vocals, piano, keyboards) ; Gary Sanford (guitar, backing vocals) ; Graham Maby (bass, backing vocals) ; Dave Houghton (drums, backing vocals)","One More Time, Take It Like a Man (cover of Joe Jackson Band), Awkward Age (cover of Joe Jackson Band), Look Sharp!, Chrome (cover of Joe Jackson Band), Obvious Song, Friday, Is She Really Going Out With Him?, Love at First Light (cover of Joe Jackson Band), Be My Number Two, Real Men, Steppin' Out, Fairy Dust (cover of Joe Jackson Band), Little Bit Stupid (cover of Joe Jackson Band), Beat Crazy (cover of Joe Jackson Band), Sunday Papers, Got the Time, [Encore 1], It's Different for Girls, I'm the Man",19.0,https://www.setlist.fm/setlist/joe-jackson/2003/manchester-academy-1-manchester-england-73d922b1.html,,,https://www.setlist.fm/setlist/joe-jackson/2003/manchester-academy-1-manchester-england-73d922b1.html,tour-volume-4-2003,2003 * Volume 4 Tour,,,
TICKET_0365,SHOW_2003-06-12_DUBLIN,2003-06-12,Dublin,Ireland,Vicar Street,tickets,kk-joe-jackson-2003-06-12.jpg,"Gert Schaumlöffel, Germany","Joe Jackson (vocals, piano, keyboards) ; Gary Sanford (guitar, backing vocals) ; Graham Maby (bass, backing vocals) ; Dave Houghton (drums, backing vocals)",,0.0,https://www.setlist.fm/setlist/joe-jackson/2003/vicar-street-dublin-ireland-1b8ef964.html,,,https://www.setlist.fm/setlist/joe-jackson/2003/vicar-street-dublin-ireland-1b8ef964.html,tour-volume-4-2003,2003 * Volume 4 Tour,,,
TICKET_0366,SHOW_2003-06-24_BRISTOL,2003-06-24,Bristol,U.K.,Carling Academy,tickets,kk-joe-jackson-2003-06-24.jpg,"Alex Wilde, U.K.","Joe Jackson (vocals, piano, keyboards) ; Gary Sanford (guitar, backing vocals) ; Graham Maby (bass, backing vocals) ; Dave Houghton (drums, backing vocals)",,0.0,,,,,tour-volume-4-2003,2003 * Volume 4 Tour,,,
TICKET_0367,SHOW_2003-07-02_AMSTERDAM,2003-07-02,Amsterdam,Netherlands,Pepsi Stage,tickets,kk-joe-jackson-2003-07-02.jpg,"Gert Schaumlöffel, Germany","Joe Jackson (vocals, piano, keyboards) ; Gary Sanford (guitar, backing vocals) ; Graham Maby (bass, backing vocals) ; Dave Houghton (drums, backing vocals)","One More Time, Take It Like a Man (cover of Joe Jackson Band), Awkward Age (cover of Joe Jackson Band), Down to London, Jamie G., Chrome (cover of Joe Jackson Band), On Your Radio, Is She Really Going Out With Him?, Love at First Light (cover of Joe Jackson Band), Real Men, Any Major Dude Will Tell You (cover of Steely Dan), Steppin' Out, Fairy Dust (cover of Joe Jackson Band), Little Bit Stupid (cover of Joe Jackson Band), Beat Crazy (cover of Joe Jackson Band), Look Sharp!, Sunday Papers, Got the Time, [Encore 1], It's Different for Girls, I'm the Man",20.0,https://www.setlist.fm/setlist/joe-jackson/2003/pepsi-stage-amsterdam-netherlands-43f09f4b.html,,,https://www.setlist.fm/setlist/joe-jackson/2003/pepsi-stage-amsterdam-netherlands-43f09f4b.html,tour-volume-4-2003,2003 * Volume 4 Tour,,,
TICKET_0368,SHOW_2003-07-10_MNCHENMUNICH,2003-07-10,München (Munich),Germany,Olympiapark Musik-Arena,tickets,"kk-joe-jackson-2003-07-10.jpg, kk-joe-jackson-2003-07-10-2.jpg","Björn Krüger, Germany","Joe Jackson (vocals, piano, keyboards) ; Gary Sanford (guitar, backing vocals) ; Graham Maby (bass, backing vocals) ; Dave Houghton (drums, backing vocals)","One More Time, Take It Like a Man (cover of Joe Jackson Band), Awkward Age (cover of Joe Jackson Band), Right and Wrong, Fools in Love / For Your Love, Still Alive (cover of Joe Jackson Band), Beat Crazy (cover of Joe Jackson Band), Is She Really Going Out With Him?, Love at First Light (cover of Joe Jackson Band), [Set 2], Be My Number Two, Girl (cover of The Beatles), Steppin' Out, [Set 3], Fairy Dust (cover of Joe Jackson Band), Thugz 'R' Us (cover of Joe Jackson Band), Sunday Papers, Don't Wanna Be Like That, Got the Time, [Encore 1], Look Sharp!, I'm the Man",19.0,https://www.setlist.fm/setlist/joe-jackson/2003/olympiapark-munich-germany-6bf55636.html,,,https://www.setlist.fm/setlist/joe-jackson/2003/olympiapark-munich-germany-6bf55636.html,tour-volume-4-2003,2003 * Volume 4 Tour,,,
TICKET_0369,SHOW_2003-07-20_ROMROMA,2003-07-20,Rom (Roma),Italy,La Palma Club,tickets,kk-aw-joe-jackson-2003-07-20.jpg,"Andreas Wostrack, Germany","Joe Jackson (vocals, piano, keyboards) ; Gary Sanford (guitar, backing vocals) ; Graham Maby (bass, backing vocals) ; Dave Houghton (drums, backing vocals)","Steppin' Out, Take It Like a Man (cover of Joe Jackson Band), Look Sharp!, Awkward Age (cover of Joe Jackson Band), Down to London, Jamie G., On Your Radio, Is She Really Going Out With Him?, Blue Flame (cover of Joe Jackson Band), Home Town, Be My Number Two, It's Different for Girls, Fairy Dust (cover of Joe Jackson Band), Thugz 'R' Us (cover of Joe Jackson Band), Sunday Papers, One More Time, Got the Time, [Encore 1], Blaze of Glory, I'm the Man",19.0,https://www.setlist.fm/setlist/joe-jackson/2003/la-palma-club-rome-italy-138ef955.html,,,https://www.setlist.fm/setlist/joe-jackson/2003/la-palma-club-rome-italy-138ef955.html,tour-volume-4-2003,2003 * Volume 4 Tour,,,
TICKET_0370,SHOW_2003-07-26_HANNOVER,2003-07-26,Hannover,Germany,Gilde Parkbühne,tickets,kk-joe-jackson-2003-07-26.jpg,"Thomas Collin, Germany","Joe Jackson (vocals, piano, keyboards) ; Gary Sanford (guitar, backing vocals) ; Graham Maby (bass, backing vocals) ; Dave Houghton (drums, backing vocals)","Steppin' Out, Throw It Away, Take It Like a Man (cover of Joe Jackson Band), Look Sharp!, Awkward Age (cover of Joe Jackson Band), Home Town, Fairy Dust (cover of Joe Jackson Band), Friday, Is She Really Going Out With Him?, Blue Flame (cover of Joe Jackson Band), Real Men, Too Tough, Be My Number Two, Dirty Martini (cover of Joe Jackson Band), Little Bit Stupid (cover of Joe Jackson Band), Sunday Papers, On Your Radio, Got the Time, [Encore 1], Blaze of Glory, I'm the Man",20.0,https://www.setlist.fm/setlist/joe-jackson/2003/capitol-hanover-germany-43ed97bb.html,,,https://www.setlist.fm/setlist/joe-jackson/2003/capitol-hanover-germany-43ed97bb.html,tour-volume-4-2003,2003 * Volume 4 Tour,,,
TICKET_0371,SHOW_2003-07-27_HERFORD,2003-07-27,Herford,Germany,Rathausplatz (open air),tickets,"kk-joe-jackson-2003-07-27.jpg, kk-bk-024.jpg","Björn Krüger, Germany","Joe Jackson (vocals, piano, keyboards) ; Gary Sanford (guitar, backing vocals) ; Graham Maby (bass, backing vocals) ; Dave Houghton (drums, backing vocals)","One More Time, Take It Like a Man (cover of Joe Jackson Band), Awkward Age (cover of Joe Jackson Band), Right and Wrong (Tour debut), Fools in Love / For Your Love, Still Alive (cover of Joe Jackson Band), Beat Crazy (cover of Joe Jackson Band), Is She Really Going Out With Him?, Love at First Light (cover of Joe Jackson Band), Be My Number Two, Girl (cover of The Beatles), Steppin' Out, Fairy Dust (cover of Joe Jackson Band), Thugz 'R' Us (cover of Joe Jackson Band), Sunday Papers, Don't Wanna Be Like That, Got the Time, [Encore 1], Look Sharp!, I'm the Man",19.0,https://www.setlist.fm/setlist/joe-jackson/2003/rathausplatz-herford-germany-53ed97b1.html,,,https://www.setlist.fm/setlist/joe-jackson/2003/rathausplatz-herford-germany-53ed97b1.html,tour-volume-4-2003,2003 * Volume 4 Tour,,,
TICKET_0372,SHOW_2003-07-30_HAMBURG,2003-07-30,Hamburg,Germany,Stadtpark,tickets,kk-joe-jackson-2003-07-30.jpg,"Thomas Collin, Germany","Joe Jackson (vocals, piano, keyboards) ; Gary Sanford (guitar, backing vocals) ; Graham Maby (bass, backing vocals) ; Dave Houghton (drums, backing vocals)","Steppin' Out (Solo), Take It Like a Man (cover of Joe Jackson Band), Awkward Age (cover of Joe Jackson Band), Fools in Love, Fairy Dust (cover of Joe Jackson Band), Friday, Is She Really Going Out With Him?, Love at First Light (cover of Joe Jackson Band), Be My Number Two (Solo), Girl (cover of The Beatles), It's Different for Girls, Dirty Martini (cover of Joe Jackson Band), Little Bit Stupid (cover of Joe Jackson Band), Sunday Papers, On Your Radio, Got the Time, Look Sharp!, I'm the Man",18.0,https://www.setlist.fm/setlist/joe-jackson/2003/stadtpark-freilichtbuhne-hamburg-germany-23cebc1b.html,,,https://www.setlist.fm/setlist/joe-jackson/2003/stadtpark-freilichtbuhne-hamburg-germany-23cebc1b.html,tour-volume-4-2003,2003 * Volume 4 Tour,,,
TICKET_0373,SHOW_2003-08-01_MAINZ,2003-08-01,Mainz,Germany,Phönix-Halle,tickets,"kk-joe-jackson-2003-08-01-02.jpg, kk-joe-jackson-2003-08-01.jpg","Gert Schaumlöffel, Germany","Joe Jackson (vocals, piano, keyboards) ; Gary Sanford (guitar, backing vocals) ; Graham Maby (bass, backing vocals) ; Dave Houghton (drums, backing vocals)","Steppin' Out, Throw It Away, Take It Like a Man (cover of Joe Jackson Band), Awkward Age (cover of Joe Jackson Band), Right and Wrong, Fools in Love, Still Alive (cover of Joe Jackson Band), Friday, Is She Really Going Out With Him?, Love at First Light (cover of Joe Jackson Band), Drowning, Home Town, Fairy Dust (cover of Joe Jackson Band), Little Bit Stupid (cover of Joe Jackson Band), Sunday Papers, Don't Wanna Be Like That, Got the Time, [Encore 1], Blaze of Glory, I'm the Man",19.0,https://www.setlist.fm/setlist/joe-jackson/2003/phonix-halle-mainz-germany-4bed97aa.html,,,https://www.setlist.fm/setlist/joe-jackson/2003/phonix-halle-mainz-germany-4bed97aa.html,tour-volume-4-2003,2003 * Volume 4 Tour,,,
TICKET_0374,SHOW_2003-08-09_HARTFORD,2003-08-09,Hartford,CT,Webster Theatre,tickets,kk-jn-03.jpg,"John Nyman, U.S.A.","Joe Jackson (vocals, piano, keyboards) ; Gary Sanford (guitar, backing vocals) ; Graham Maby (bass, backing vocals) ; Dave Houghton (drums, backing vocals)","One More Time, Take It Like a Man (cover of Joe Jackson Band), Awkward Age (cover of Joe Jackson Band), Down to London, Fools in Love / For Your Love, Still Alive (cover of Joe Jackson Band), On Your Radio, Is She Really Going Out With Him?, Love at First Light (cover of Joe Jackson Band), Home Town, Any Major Dude Will Tell You (cover of Steely Dan), Steppin' Out, Fairy Dust (cover of Joe Jackson Band), Thugz 'R' Us (cover of Joe Jackson Band), Sunday Papers, Don't Wanna Be Like That, Got the Time, [Encore 1], It's Different for Girls, I'm the Man",19.0,https://www.setlist.fm/setlist/joe-jackson/2003/webster-theater-hartford-ct-7be22ec0.html,,,https://www.setlist.fm/setlist/joe-jackson/2003/webster-theater-hartford-ct-7be22ec0.html,tour-volume-4-2003,2003 * Volume 4 Tour,,,
TICKET_0375,SHOW_2003-08-10_BOSTON,2003-08-10,Boston,MA,Avalon Ballroom,tickets,kk-jn-07.jpg,"John Nyman, U.S.A.","Joe Jackson (vocals, piano, keyboards) ; Gary Sanford (guitar, backing vocals) ; Graham Maby (bass, backing vocals) ; Dave Houghton (drums, backing vocals)","Steppin' Out (Joe solo), Throw It Away, Take It Like a Man (cover of Joe Jackson Band), Awkward Age (cover of Joe Jackson Band), Right and Wrong, Fairy Dust (cover of Joe Jackson Band), Friday, Is She Really Going Out With Him?, Love at First Light (cover of Joe Jackson Band), Be My Number Two (Joe solo), Real Men (Joe solo), A Slow Song (started solo), Dirty Martini (cover of Joe Jackson Band), Little Bit Stupid (cover of Joe Jackson Band), Sunday Papers, Don't Wanna Be Like That, Got the Time, [Encore 1], Beat Crazy (cover of Joe Jackson Band), Look Sharp!, I'm the Man",20.0,https://www.setlist.fm/setlist/joe-jackson/2003/avalon-boston-ma-5bfce340.html,,,https://www.setlist.fm/setlist/joe-jackson/2003/avalon-boston-ma-5bfce340.html,tour-volume-4-2003,2003 * Volume 4 Tour,,,
TICKET_0376,SHOW_2003-08-12_NEWYORK,2003-08-12,New York,NY,Roseland Ballroom,tickets,kk-sm-4.jpg,YAHOO Group - Joe Jackson,"Joe Jackson (vocals, piano, keyboards) ; Gary Sanford (guitar, backing vocals) ; Graham Maby (bass, backing vocals) ; Dave Houghton (drums, backing vocals)","Steppin' Out, Throw It Away, Take It Like a Man (cover of Joe Jackson Band), Awkward Age (cover of Joe Jackson Band), Right and Wrong, Fairy Dust (cover of Joe Jackson Band), Beat Crazy (cover of Joe Jackson Band), Friday, Is She Really Going Out With Him?, Love at First Light (cover of Joe Jackson Band), Real Men, Girl (cover of The Beatles), A Slow Song, Dirty Martini (cover of Joe Jackson Band), Little Bit Stupid (cover of Joe Jackson Band), Sunday Papers, Don't Wanna Be Like That, Got the Time, [Encore 1], Blaze of Glory, Look Sharp!, I'm the Man",21.0,https://www.setlist.fm/setlist/joe-jackson/2003/roseland-ballroom-new-york-ny-2bce988e.html,,,https://www.setlist.fm/setlist/joe-jackson/2003/roseland-ballroom-new-york-ny-2bce988e.html,tour-volume-4-2003,2003 * Volume 4 Tour,,,
TICKET_0377,SHOW_2003-08-15_ATLANTA,2003-08-15,Atlanta,GA,Roxy Theatre,tickets,kk-joe-jackson-2003-08-15.jpg,"Gert Schaumlöffel, Germany","Joe Jackson (vocals, piano, keyboards) ; Gary Sanford (guitar, backing vocals) ; Graham Maby (bass, backing vocals) ; Dave Houghton (drums, backing vocals)","Steppin' Out, One More Time, Take It Like a Man (cover of Joe Jackson Band), Awkward Age (cover of Joe Jackson Band), Fools in Love / For Your Love, Obvious Song, Bright Grey (cover of Joe Jackson Band), Is She Really Going Out With Him?, Love at First Light (cover of Joe Jackson Band), Real Men, The Mayor of Simpleton (cover of XTC), It's Different for Girls, Fairy Dust (cover of Joe Jackson Band), Little Bit Stupid (cover of Joe Jackson Band), Sunday Papers, Don't Wanna Be Like That, Got the Time, Look Sharp!, I'm the Man",19.0,https://www.setlist.fm/setlist/joe-jackson/2003/the-roxy-atlanta-ga-73fee2e1.html,,,https://www.setlist.fm/setlist/joe-jackson/2003/the-roxy-atlanta-ga-73fee2e1.html,tour-volume-4-2003,2003 * Volume 4 Tour,,,
TICKET_0378,SHOW_2003-08-17_CHICAGO,2003-08-17,Chicago,IL,Congress Theatre,tickets,kk-joe-jackson-2003-08-17.jpg,"Gert Schaumlöffel, Germany","Joe Jackson (vocals, piano, keyboards) ; Gary Sanford (guitar, backing vocals) ; Graham Maby (bass, backing vocals) ; Dave Houghton (drums, backing vocals)","Steppin' Out, Throw It Away, Take It Like a Man (cover of Joe Jackson Band), Right and Wrong, Awkward Age (cover of Joe Jackson Band), Fools in Love / For Your Love, Fairy Dust (cover of Joe Jackson Band), Friday, Is She Really Going Out With Him?, Real Men, Girl (cover of The Beatles), A Slow Song, Dirty Martini (cover of Joe Jackson Band), Little Bit Stupid (cover of Joe Jackson Band), Sunday Papers, Don't Wanna Be Like That, Got the Time, [Encore 1], Beat Crazy (cover of Joe Jackson Band), I'm the Man",19.0,https://www.setlist.fm/setlist/joe-jackson/2003/congress-theater-chicago-il-53d07785.html,,,https://www.setlist.fm/setlist/joe-jackson/2003/congress-theater-chicago-il-53d07785.html,tour-volume-4-2003,2003 * Volume 4 Tour,,,
TICKET_0379,SHOW_2003-08-19_ENGLEWOOD,2003-08-19,Englewood,CO,Gothic Theatre,tickets,kk-sm-1.jpg,YAHOO Group - Joe Jackson,"Joe Jackson (vocals, piano, keyboards) ; Gary Sanford (guitar, backing vocals) ; Graham Maby (bass, backing vocals) ; Dave Houghton (drums, backing vocals)","Steppin' Out, Throw It Away, Take It Like a Man (cover of Joe Jackson Band), Awkward Age (cover of Joe Jackson Band), Down to London, Beat Crazy (cover of Joe Jackson Band), Bright Grey (cover of Joe Jackson Band), Is She Really Going Out With Him?, Love at First Light (cover of Joe Jackson Band), Be My Number Two, Girl (cover of The Beatles), A Slow Song, Fairy Dust (cover of Joe Jackson Band), Little Bit Stupid (cover of Joe Jackson Band), Sunday Papers, On Your Radio, Got the Time, [Encore 1], Look Sharp!, I'm the Man",19.0,https://www.setlist.fm/setlist/joe-jackson/2003/gothic-theatre-englewood-co-be58956.html,,,https://www.setlist.fm/setlist/joe-jackson/2003/gothic-theatre-englewood-co-be58956.html,tour-volume-4-2003,2003 * Volume 4 Tour,,,
TICKET_0380,SHOW_2003-08-27_SANFRANCISCO,2003-08-27,San Francisco,CA,The Warfield,tickets,kk-joe-jackson-2003-08-27.jpg,"Michael Weaver, U.S.A.","Joe Jackson (vocals, piano, keyboards) ; Gary Sanford (guitar, backing vocals) ; Graham Maby (bass, backing vocals) ; Dave Houghton (drums, backing vocals)","Steppin' Out, Throw It Away, Take It Like a Man (cover of Joe Jackson Band), Awkward Age (cover of Joe Jackson Band), Down to London, Home Town, Fairy Dust (cover of Joe Jackson Band), On Your Radio, Is She Really Going Out With Him?, Love at First Light (cover of Joe Jackson Band), Be My Number Two, The Mayor of Simpleton (cover of XTC), A Slow Song, Dirty Martini (cover of Joe Jackson Band), Thugz 'R' Us (cover of Joe Jackson Band), Sunday Papers, Don't Wanna Be Like That, Got the Time, [Encore 1], Friday, Look Sharp!, I'm the Man",21.0,https://www.setlist.fm/setlist/joe-jackson/2003/the-fillmore-san-francisco-ca-1b96eda4.html,,,https://www.setlist.fm/setlist/joe-jackson/2003/the-fillmore-san-francisco-ca-1b96eda4.html,tour-volume-4-2003,2003 * Volume 4 Tour,,,
TICKET_0381,SHOW_2003-08-28_WESTHOLLYWOOD,2003-08-28,West Hollywood,CA,House of Blues,tickets,kk-sm-6.jpg,YAHOO Group - Joe Jackson,"Joe Jackson (vocals, piano, keyboards) ; Gary Sanford (guitar, backing vocals) ; Graham Maby (bass, backing vocals) ; Dave Houghton (drums, backing vocals)","Steppin' Out, One More Time, Take It Like a Man (cover of Joe Jackson Band), Awkward Age (cover of Joe Jackson Band), Down to London, Fools in Love / For Your Love, Fairy Dust (cover of Joe Jackson Band), On Your Radio, Is She Really Going Out With Him?, Love at First Light (cover of Joe Jackson Band), Real Men, Girl (cover of The Beatles), A Slow Song, Still Alive (cover of Joe Jackson Band), Little Bit Stupid (cover of Joe Jackson Band), Sunday Papers, Don't Wanna Be Like That, Got the Time, [Encore 1], Look Sharp!, It's Different for Girls, I'm the Man",21.0,https://www.setlist.fm/setlist/joe-jackson/2003/house-of-blues-west-hollywood-ca-23c248e3.html,,,https://www.setlist.fm/setlist/joe-jackson/2003/house-of-blues-west-hollywood-ca-23c248e3.html,tour-volume-4-2003,2003 * Volume 4 Tour,,,
TICKET_0382,SHOW_2003-08-29_ANAHEIM,2003-08-29,Anaheim,CA,House of Blues,tickets,kk-sm-7.jpg,YAHOO Group - Joe Jackson,"Joe Jackson (vocals, piano, keyboards) ; Gary Sanford (guitar, backing vocals) ; Graham Maby (bass, backing vocals) ; Dave Houghton (drums, backing vocals)","Steppin' Out, One More Time, Take It Like a Man (cover of Joe Jackson Band), Awkward Age (cover of Joe Jackson Band), Down to London, Fools in Love / For Your Love, Beat Crazy (cover of Joe Jackson Band), On Your Radio, Is She Really Going Out With Him?, Love at First Light (cover of Joe Jackson Band), Real Men, Girl (cover of The Beatles), A Slow Song, Fairy Dust (cover of Joe Jackson Band), Little Bit Stupid (cover of Joe Jackson Band), Sunday Papers, Don't Wanna Be Like That, Got the Time, [Encore 1], Look Sharp!, I'm the Man",20.0,https://www.setlist.fm/setlist/joe-jackson/2003/house-of-blues-anaheim-ca-53eb47b9.html,,,https://www.setlist.fm/setlist/joe-jackson/2003/house-of-blues-anaheim-ca-53eb47b9.html,tour-volume-4-2003,2003 * Volume 4 Tour,,,
TICKET_0383,SHOW_2003-08-31_SANDIEGO,2003-08-31,San Diego,CA,4th & B,tickets,kk-jw-06.jpg,"Jenniffer Woodson, U.S.A.","Joe Jackson (vocals, piano, keyboards) ; Gary Sanford (guitar, backing vocals) ; Graham Maby (bass, backing vocals) ; Dave Houghton (drums, backing vocals)","Steppin' Out, One More Time, Take It Like a Man (cover of Joe Jackson Band), Awkward Age (cover of Joe Jackson Band), Down to London, Fools in Love / For Your Love, Beat Crazy (cover of Joe Jackson Band), On Your Radio, Is She Really Going Out With Him?, Love at First Light (cover of Joe Jackson Band), Be My Number Two, Real Men, Girl (cover of The Beatles), A Slow Song, Fairy Dust (cover of Joe Jackson Band), Little Bit Stupid (cover of Joe Jackson Band), Sunday Papers, Don't Wanna Be Like That, Got the Time, [Encore 1], Look Sharp!, I'm the Man",21.0,https://www.setlist.fm/setlist/joe-jackson/2003/4th-and-b-san-diego-ca-7bffcae8.html,,,https://www.setlist.fm/setlist/joe-jackson/2003/4th-and-b-san-diego-ca-7bffcae8.html,tour-volume-4-2003,2003 * Volume 4 Tour,,,
TICKET_0384,SHOW_2003-09-16_SYDNEY,2003-09-16,Sydney,Australia,State Theatre,tickets,kk-joe-jackson-2003-09-16.jpg,"Gert Schaumlöffel, Germany","Joe Jackson (vocals, piano, keyboards) ; Gary Sanford (guitar, backing vocals) ; Graham Maby (bass, backing vocals) ; Dave Houghton (drums, backing vocals)","Steppin' Out, One More Time, Take It Like a Man (cover of Joe Jackson Band), Awkward Age (cover of Joe Jackson Band), Right and Wrong, Obvious Song, Bright Grey (cover of Joe Jackson Band), Is She Really Going Out With Him?, Love at First Light (cover of Joe Jackson Band), Be My Number Two, Real Men, The Mayor of Simpleton (cover of XTC), It's Different for Girls, Fairy Dust (cover of Joe Jackson Band), Thugz 'R' Us (cover of Joe Jackson Band), Sunday Papers, Don't Wanna Be Like That, Got the Time, [Encore 1], Look Sharp!, I'm the Man",20.0,https://www.setlist.fm/setlist/joe-jackson/2003/state-theatre-sydney-australia-338ef8f9.html,,,https://www.setlist.fm/setlist/joe-jackson/2003/state-theatre-sydney-australia-338ef8f9.html,tour-volume-4-2003,2003 * Volume 4 Tour,,,
TICKET_0385,SHOW_2003-09-17_BRISBANE,2003-09-17,Brisbane,Australia,Lyric Theatre,tickets,kk-joe-jackson-2003-09-17.jpg,"Thomas Collin, Germany","Joe Jackson (vocals, piano, keyboards) ; Gary Sanford (guitar, backing vocals) ; Graham Maby (bass, backing vocals) ; Dave Houghton (drums, backing vocals)","Steppin' Out, One More Time, Take It Like a Man (cover of Joe Jackson Band), Awkward Age (cover of Joe Jackson Band), Fools in Love / For Your Love, Fairy Dust (cover of Joe Jackson Band), Beat Crazy (cover of Joe Jackson Band), On Your Radio, Is She Really Going Out With Him?, Love at First Light (cover of Joe Jackson Band), Real Men, Girl (cover of The Beatles), Home Town, Dirty Martini (cover of Joe Jackson Band), Little Bit Stupid (cover of Joe Jackson Band), Sunday Papers, Don't Wanna Be Like That, Got the Time, [Encore 1], Look Sharp!, It's Different for Girls, I'm the Man",21.0,https://www.setlist.fm/setlist/joe-jackson/2003/lyric-theatre-brisbane-australia-5bead324.html,,,https://www.setlist.fm/setlist/joe-jackson/2003/lyric-theatre-brisbane-australia-5bead324.html,tour-volume-4-2003,2003 * Volume 4 Tour,,,
TICKET_0386,SHOW_2003-10-19_GTTINGEN,2003-10-19,Göttingen,Germany,Deutsches Theather,tickets,kk-joe-jackson-2003-10-19.jpg,"Gert Schaumlöffel, Germany","Joe Jackson (vocals, piano, keyboards) ; Gary Sanford (guitar, backing vocals) ; Graham Maby (bass, backing vocals) ; Dave Houghton (drums, backing vocals)",,0.0,,,,,tour-volume-4-2003,2003 * Volume 4 Tour,,,
TICKET_0387,SHOW_2003-01-01_MODENA,,Modena,Italy,,passes,kk-joe-jackson-2003-pass.jpg,"Gert Schaumlöffel, Germany","Joe Jackson (vocals, piano, keyboards) ; Gary Sanford (guitar, backing vocals) ; Graham Maby (bass, backing vocals) ; Dave Houghton (drums, backing vocals)",,0.0,,,,,tour-2003-volume-4-tour,2003 * Volume 4 Tour,,,
TICKET_0388,SHOW_2003-09-17_2003,2003-09-17,,,,passes,kk-joe-jackson-2003-09-17-pass.jpg,"Gert Schaumlöffel, Germany","Joe Jackson (vocals, piano, keyboards) ; Gary Sanford (guitar, backing vocals) ; Graham Maby (bass, backing vocals) ; Dave Houghton (drums, backing vocals)","Steppin' Out, One More Time, Take It Like a Man (cover of Joe Jackson Band), Awkward Age (cover of Joe Jackson Band), Fools in Love / For Your Love, Fairy Dust (cover of Joe Jackson Band), Beat Crazy (cover of Joe Jackson Band), On Your Radio, Is She Really Going Out With Him?, Love at First Light (cover of Joe Jackson Band), Real Men, Girl (cover of The Beatles), Home Town, Dirty Martini (cover of Joe Jackson Band), Little Bit Stupid (cover of Joe Jackson Band), Sunday Papers, Don't Wanna Be Like That, Got the Time, [Encore 1], Look Sharp!, It's Different for Girls, I'm the Man",21.0,https://www.setlist.fm/setlist/joe-jackson/2003/lyric-theatre-brisbane-australia-5bead324.html,,,https://www.setlist.fm/setlist/joe-jackson/2003/lyric-theatre-brisbane-australia-5bead324.html,tour-2003-volume-4-tour,2003 * Volume 4 Tour,,,
TICKET_0389,SHOW_2003-07-18_2003,2003-07-18,Tarvisio,Italy,No Borders Music 2003,passes,kk-joe-jackson-2003-07-18-pass.jpg,"Gert Schaumlöffel, Germany","Joe Jackson (vocals, piano, keyboards) ; Gary Sanford (guitar, backing vocals) ; Graham Maby (bass, backing vocals) ; Dave Houghton (drums, backing vocals)",,0.0,,,,https://www.setlist.fm/setlist/joe-jackson/2003/piazza-unita-tarvisio-italy-5b85db5c.html,tour-2003-volume-4-tour,2003 * Volume 4 Tour,,,
TICKET_0390,SHOW_2003-09-15_2003,2003-09-15,,,,passes,kk-joe-jackson-2003-09-15-pass.jpg,"Gert Schaumlöffel, Germany","Joe Jackson (vocals, piano, keyboards) ; Gary Sanford (guitar, backing vocals) ; Graham Maby (bass, backing vocals) ; Dave Houghton (drums, backing vocals)","Steppin' Out, Look Sharp!, Take It Like a Man (cover of Joe Jackson Band), Awkward Age (cover of Joe Jackson Band), Fools in Love / For Your Love, Fairy Dust (cover of Joe Jackson Band), Friday, Is She Really Going Out With Him?, Love at First Light (cover of Joe Jackson Band), Real Men, Girl (cover of The Beatles), A Slow Song, Dirty Martini (cover of Joe Jackson Band), Little Bit Stupid (cover of Joe Jackson Band), Sunday Papers, On Your Radio, Got the Time, [Encore 1], Beat Crazy (cover of Joe Jackson Band), It's Different for Girls, I'm the Man",20.0,https://www.setlist.fm/setlist/joe-jackson/2003/state-theatre-sydney-australia-33e4d4b5.html,,,https://www.setlist.fm/setlist/joe-jackson/2003/state-theatre-sydney-australia-33e4d4b5.html,tour-2003-volume-4-tour,2003 * Volume 4 Tour,,,
TICKET_0391,SHOW_2015-10-10_DALLAS,2015-10-10,Dallas,TX,Majestic Theatre,tickets,kk-joe-jackson-2015-10-10.jpg,"Peter Brennan, U.S.A.","Joe Jackson (vocals, keyboards) ; Graham Maby (bass, vocals) ; Teddy Kumpel (guitar, vocals) ; Doug Yowell (drums, vocals)","It's Different for Girls, Home Town, Be My Number Two, Girl (cover of The Beatles), Fast Forward, Is She Really Going Out With Him?, Real Men, You Can't Get What You Want (Till You Know What You Want), A Little Smile, Kings of the City, Poor Thing, Love at First Light (cover of Joe Jackson Band), Another World, Scary Monsters (and Super Creeps) (cover of David Bowie), Sunday Papers, Keep On Dreaming, Ode to Joy, Steppin' Out, [Encore 1], See No Evil (cover of Television), One More Time, A Slow Song",21.0,https://www.setlist.fm/setlist/joe-jackson/2015/majestic-theatre-dallas-tx-6bf47636.html,,,https://www.setlist.fm/setlist/joe-jackson/2015/majestic-theatre-dallas-tx-6bf47636.html,tour-tour-2015,2015 * Tour 2015,,,
TICKET_0392,SHOW_2015-10-15_ATLANTA,2015-10-15,Atlanta,GA,Center Stage Theater,tickets,kk-joe-jackson-2015-10-15.jpg,"Shawn J., U.S.A.","Joe Jackson (vocals, keyboards) ; Graham Maby (bass, vocals) ; Teddy Kumpel (guitar, vocals) ; Doug Yowell (drums, vocals)","It's Different for Girls, Be My Number Two, Home Town, Big Yellow Taxi (cover of Joni Mitchell), Fast Forward, Is She Really Going Out With Him?, Real Men, You Can't Get What You Want (Till You Know What You Want), Kings of the City, A Little Smile, The Blue Time, Another World, Chinatown, Sunday Papers, Keep On Dreaming, Ode to Joy, Steppin' Out, [Encore 1], It Don't Mean a Thing (If It Ain't Got That Swing) (cover of Duke Ellington and His Orchestra), One More Time, A Slow Song",20.0,https://www.setlist.fm/setlist/joe-jackson/2015/center-stage-atlanta-ga-13f44989.html,,,https://www.setlist.fm/setlist/joe-jackson/2015/center-stage-atlanta-ga-13f44989.html,tour-tour-2015,2015 * Tour 2015,,,
TICKET_0393,SHOW_2015-10-17_GLENSIDE,2015-10-17,Glenside,PA,Keswick Theatre,tickets,kk-joe-jackson-2015-10-17.jpg,anonymous,"Joe Jackson (vocals, keyboards) ; Graham Maby (bass, vocals) ; Teddy Kumpel (guitar, vocals) ; Doug Yowell (drums, vocals)","It's Different for Girls (Joe Jackson solo piano), Home Town (Joe Jackson solo piano), Be My Number Two (Joe Jackson solo piano), Big Yellow Taxi (Joe Jackson solo piano, cover of Joni Mitchell), Fast Forward (Joe Jackson solo piano and loops), Is She Really Going Out With Him? (Joe Jackson & Graham Maby; full band introduced and played from this point), Real Men, You Can't Get What You Want (Till You Know What You Want), A Little Smile, Kings of the City, Poor Thing, Another World (with bass solo), Love at First Light (cover of Joe Jackson Band), Sunday Papers, See No Evil (cover of Television), Keep On Dreaming, Ode to Joy, Steppin' Out, [Encore 1], Peter Gunn (vocal version, cover of Henry Mancini), One More Time, A Slow Song",23.0,https://www.setlist.fm/setlist/joe-jackson/2015/keswick-theatre-glenside-pa-bf45142.html,,,https://www.setlist.fm/setlist/joe-jackson/2015/keswick-theatre-glenside-pa-bf45142.html,tour-tour-2015,2015 * Tour 2015,,,
TICKET_0394,SHOW_2015-10-20_NEWYORK,2015-10-20,New York,NY,Town Hall,tickets,kk-joe-jackson-2015-10-20.jpg,"Gert Schaumlöffel, Germany","Joe Jackson (vocals, keyboards) ; Graham Maby (bass, vocals) ; Teddy Kumpel (guitar, vocals) ; Doug Yowell (drums, vocals)","It's Different for Girls, Be My Number Two, Home Town, Girl (cover of The Beatles), Fast Forward, [Set 2], Is She Really Going Out With Him?, Real Men, You Can't Get What You Want (Till You Know What You Want), Junkie Diva, Kings of the City, A Little Smile, Chinatown, The Blue Time, Scary Monsters (and Super Creeps) (cover of David Bowie), Sunday Papers, Keep On Dreaming, Ode to Joy, Steppin' Out, [Encore 1], See No Evil (cover of Television), One More Time, A Slow Song",21.0,https://www.setlist.fm/setlist/joe-jackson/2015/the-town-hall-new-york-ny-bf5a912.html,https://youtu.be/ucC6PfWNVOA,,https://www.setlist.fm/setlist/joe-jackson/2015/the-town-hall-new-york-ny-bf5a912.html,tour-tour-2015,2015 * Tour 2015,,,
TICKET_0395,SHOW_2015-10-30_TORONTO,2015-10-30,Toronto,Canada,Danforth Music Hall,tickets,kk-joe-jackson-2015-10-30.jpg,"Gary Katsof, Canada","Joe Jackson (vocals, keyboards) ; Graham Maby (bass, vocals) ; Teddy Kumpel (guitar, vocals) ; Doug Yowell (drums, vocals)","It's Different for Girls, Home Town, Be My Number Two, Big Yellow Taxi (cover of Joni Mitchell), Fast Forward, Is She Really Going Out With Him? (joined by Graham Maby), [Set 2], Real Men, You Can't Get What You Want (Till You Know What You Want), Poor Thing, Kings of the City, A Little Smile, Another World, The Blue Time, Scary Monsters (and Super Creeps) (cover of David Bowie), Sunday Papers, Keep On Dreaming, Ode to Joy, Steppin' Out, [Set 3], See No Evil (cover of Television), One More Time, A Slow Song",21.0,https://www.setlist.fm/setlist/joe-jackson/2015/danforth-music-hall-toronto-on-canada-2bf5e44e.html,,,https://www.setlist.fm/setlist/joe-jackson/2015/danforth-music-hall-toronto-on-canada-2bf5e44e.html,tour-2015-tour-2015,2015 * Tour 2015,,,Signed after the show by Joe Jackson
TICKET_0396,SHOW_2015-11-03_CHICAGO,2015-11-03,Chicago,IL,Thalia Hall,tickets,kk-joe-jackson-2015-11-03.jpg,anonymous,"Joe Jackson (vocals, keyboards) ; Graham Maby (bass, vocals) ; Teddy Kumpel (guitar, vocals) ; Doug Yowell (drums, vocals)",,0.0,https://www.setlist.fm/setlist/joe-jackson/2015/thalia-hall-chicago-il-6bf5ca32.html,,,https://www.setlist.fm/setlist/joe-jackson/2015/thalia-hall-chicago-il-6bf5ca32.html,tour-tour-2015,2015 * Tour 2015,,,
TICKET_0397,SHOW_2015-11-04_STPAUL,2015-11-04,St. Paul,MN,Fitzgerald Theater,tickets,kk-joe-jackson-2015-11-04.jpg,"Shan Lines, U.S.A.","Joe Jackson (vocals, keyboards) ; Graham Maby (bass, vocals) ; Teddy Kumpel (guitar, vocals) ; Doug Yowell (drums, vocals)","It's Different for Girls, Home Town, Be My Number Two, Big Yellow Taxi (cover of Joni Mitchell), Fast Forward, Is She Really Going Out With Him?, Real Men, You Can't Get What You Want (Till You Know What You Want), Junkie Diva, Kings of the City, A Little Smile, Another World, Love at First Light (cover of Joe Jackson Band), Sunday Papers, Scary Monsters (and Super Creeps) (cover of David Bowie), Keep On Dreaming, Ode to Joy, Steppin' Out, [Encore 1], See No Evil (cover of Television), One More Time, A Slow Song",21.0,https://www.setlist.fm/setlist/joe-jackson/2015/fitzgerald-theater-st-paul-mn-73f5ca31.html,,,https://www.setlist.fm/setlist/joe-jackson/2015/fitzgerald-theater-st-paul-mn-73f5ca31.html,tour-tour-2015,2015 * Tour 2015,,,
TICKET_0398,SHOW_2015-11-14_ANTWERP,2015-11-14,Antwerp,Belgium,Sportpaleis,tickets,"kk-joe-jackson-2015-11-14.jpg, kk-joe-jackson-2015-11-14-2.jpg","Gert Schaumlöffel, Germany","Joe Jackson (vocals, keyboards) ; Graham Maby (bass, vocals) ; Teddy Kumpel (guitar, vocals) ; Doug Yowell (drums, vocals)","Home Town, Steppin' Out, Is She Really Going Out With Him?, A Slow Song",4.0,https://www.setlist.fm/setlist/joe-jackson/2015/sportpaleis-merksem-belgium-73f57229.html,,,https://www.setlist.fm/setlist/joe-jackson/2015/sportpaleis-merksem-belgium-73f57229.html,tour-tour-2015,2015 * Tour 2015,,,
TICKET_0399,SHOW_1983-01-11_LONDON,1983-01-11,London,U.K.,Hammersmith Odeon,tickets,"kk-joe-jackson-1983-01-11-1.jpg, kk-joe-jackson-1983-01-11-2.jpg","Gert Schaumlöffel, Germany","Joe Jackson (vocals, keyboards, alto sax) ; Graham Maby (bass, vocals) ; Larry Tolfree (drums) ; Sue Hadjopoulos (percussion) ; Joy Askew (keyboards, vocals)",,0.0,https://www.setlist.fm/setlist/joe-jackson/1983/hammersmith-odeon-london-U.K.-63f37a7f.html,,,https://www.setlist.fm/setlist/joe-jackson/1983/hammersmith-odeon-london-england-63f37a7f.html,tour-1982-night-day,1982 / 1983 * Night and Day World Tour,,,
TICKET_0400,SHOW_1983-01-14_PORTSMOUTH,1983-01-14,Portsmouth,U.K.,The Guildhall,tickets,kk-joe-jackson-1983-01-14.jpg,"Gert Schaumlöffel, Germany","Joe Jackson (vocals, keyboards, alto sax) ; Graham Maby (bass, vocals) ; Larry Tolfree (drums) ; Sue Hadjopoulos (percussion) ; Joy Askew (keyboards, vocals)","A Slow Song, Is She Really Going Out With Him?",2.0,https://www.setlist.fm/setlist/joe-jackson/1983/portsmouth-guildhall-portsmouth-england-33e8bc4d.html,,,https://www.setlist.fm/setlist/joe-jackson/1983/portsmouth-guildhall-portsmouth-england-33e8bc4d.html,tour-1982-night-day,1982 / 1983 * Night and Day World Tour,,,
TICKET_0401,SHOW_1983-01-25_MILAN,1983-01-25,Milan,Italy,Rolling Stone,tickets,kk-joe-jackson-1983-01-25.jpg,"Dino Cattaneo, Italy","Joe Jackson (vocals, keyboards, alto sax) ; Graham Maby (bass, vocals) ; Larry Tolfree (drums) ; Sue Hadjopoulos (percussion) ; Joy Askew (keyboards, vocals)","On Your Radio, Another World, Sunday Papers, Look Sharp!, Cancer, Real Men, Is She Really Going Out With Him?, Target, T.V. Age, Tuxedo Junction (cover of Erskine Hawkins and His Orchestra), Steppin' Out, Beat Crazy (cover of Joe Jackson Band), One More Time, A Slow Song, [Encore 1], Uptight / Tears of a Clown / I'm Gonna Make You Love Me / How Sweet It Is (To Be Loved By You) / Heatwave / Uptight, Got the Time, I'm the Man",17.0,https://www.setlist.fm/setlist/joe-jackson/1983/rolling-stone-milan-italy-23da341b.html,,,https://www.setlist.fm/setlist/joe-jackson/1983/rolling-stone-milan-italy-23da341b.html,tour-1982-night-day,1982 / 1983 * Night and Day World Tour,,,
TICKET_0402,SHOW_1983-01-31_PARIS,1983-01-31,Paris,France,Casino de Paris,tickets,"kk-joe-jackson-12.jpg, kk-joe-jackson-1983-01-31.jpg","Gert Schaumlöffel, Germany","Joe Jackson (vocals, keyboards, alto sax) ; Graham Maby (bass, vocals) ; Larry Tolfree (drums) ; Sue Hadjopoulos (percussion) ; Joy Askew (keyboards, vocals)","On Your Radio, Another World, Sunday Papers, Look Sharp!, Fools in Love, Cancer, Real Men, Is She Really Going Out With Him?, One More Time, Breaking Us in Two, Moonlight, It's Different for Girls, Target, T.V. Age, Tuxedo Junction (cover of Erskine Hawkins and His Orchestra), Beat Crazy (cover of Joe Jackson Band), Got the Time, A Slow Song, I'm Gonna Make You Love Me (cover of Dee Dee Warwick), Uptight (Everything's Alright) (cover of Stevie Wonder), I'm the Man",21.0,https://www.setlist.fm/setlist/joe-jackson/1983/hippodrome-de-pantin-paris-france-1bfe9104.html,,,https://www.setlist.fm/setlist/joe-jackson/1983/hippodrome-de-pantin-paris-france-1bfe9104.html,tour-1982-night-day,1982 / 1983 * Night and Day World Tour,,,both Concert & Invitation Tickets
TICKET_0403,SHOW_1983-02-02_ROUEN,1983-02-02,Rouen,France,Parc des Expositions,tickets,kk-joe-jackson-1983-02-02.jpg,"Gert Schaumlöffel, Germany","Joe Jackson (vocals, keyboards, alto sax) ; Graham Maby (bass, vocals) ; Larry Tolfree (drums) ; Sue Hadjopoulos (percussion) ; Joy Askew (keyboards, vocals)",,0.0,,,,,tour-1982-night-day,1982 / 1983 * Night and Day World Tour,,,
TICKET_0404,SHOW_1983-02-04_BREST,1983-02-04,Brest,France,Hall de Penfeld,tickets,kk-joe-jackson-1983-02-04.jpg,"Gert Schaumlöffel, Germany","Joe Jackson (vocals, keyboards, alto sax) ; Graham Maby (bass, vocals) ; Larry Tolfree (drums) ; Sue Hadjopoulos (percussion) ; Joy Askew (keyboards, vocals)",,0.0,https://www.setlist.fm/setlist/joe-jackson/1983/unknown-venue-brest-france-638e961f.html,,,https://www.setlist.fm/setlist/joe-jackson/1983/unknown-venue-brest-france-638e961f.html,tour-1982-night-day,1982 / 1983 * Night and Day World Tour,,,
TICKET_0405,SHOW_1983-02-09_NIJMEGEN,1983-02-09,Nijmegen,Netherlands,De Vereeniging,tickets,kk-joe-jackson-1983-02-09.jpg,"Gert Schaumlöffel, Germany","Joe Jackson (vocals, keyboards, alto sax) ; Graham Maby (bass, vocals) ; Larry Tolfree (drums) ; Sue Hadjopoulos (percussion) ; Joy Askew (keyboards, vocals)",,0.0,https://www.setlist.fm/setlist/joe-jackson/1983/de-vereeniging-nijmegen-netherlands-beb91f6.html,,,https://www.setlist.fm/setlist/joe-jackson/1983/de-vereeniging-nijmegen-netherlands-beb91f6.html,tour-1982-night-day,1982 / 1983 * Night and Day World Tour,,,
TICKET_0406,SHOW_1983-02-21_HAMBURG,1983-02-21,Hamburg,Germany,Markthalle,tickets,kk-joe-jackson-1983-02-21.jpg,"Gert Schaumlöffel, Germany","Joe Jackson (vocals, keyboards, alto sax) ; Graham Maby (bass, vocals) ; Larry Tolfree (drums) ; Sue Hadjopoulos (percussion) ; Joy Askew (keyboards, vocals)","On Your Radio, Another World, Sunday Papers, Look Sharp!, Breaking Us in Two, Cancer, Real Men, Is She Really Going Out With Him?, Cosmopolitan, Target, T.V. Age, Tuxedo Junction (cover of Erskine Hawkins and His Orchestra), Steppin' Out, Beat Crazy (cover of Joe Jackson Band), One More Time, A Slow Song, [Encore 1], Uptight (Everything's Alright) (cover of Stevie Wonder), The Tears of a Clown (cover of Smokey Robinson & The Miracles), I'm Gonna Make You Love Me (cover of Dee Dee Warwick), How Sweet It Is (To Be Loved by You) (cover of Marvin Gaye), Heat Wave (cover of Martha Reeves and the Vandellas), Uptight (Everything's Alright) (cover of Stevie Wonder), [Encore 2], I'm the Man",23.0,https://www.setlist.fm/setlist/joe-jackson/1983/markthalle-hamburg-germany-33ed90b9.html,,,https://www.setlist.fm/setlist/joe-jackson/1983/markthalle-hamburg-germany-33ed90b9.html,tour-1982-night-day,1982 / 1983 * Night and Day World Tour,,,
TICKET_0407,SHOW_1983-03-25_RICHMOND,1983-03-25,Richmond,VA,Mosque,tickets,,anonymous,"Joe Jackson (vocals, keyboards, alto sax) ; Graham Maby (bass, vocals) ; Larry Tolfree (drums) ; Sue Hadjopoulos (percussion) ; Joy Askew (keyboards, vocals)",Billie Jean (Live debut),1.0,https://www.setlist.fm/setlist/michael-jackson/1983/pasadena-civic-auditorium-pasadena-ca-43c7eb87.html,,,https://www.setlist.fm/setlist/michael-jackson/1983/pasadena-civic-auditorium-pasadena-ca-43c7eb87.html,tour-1982-night-day,1982 / 1983 * Night and Day World Tour,,,
TICKET_0408,SHOW_1983-03-26_CHARLOTTESVILLE,1983-03-26,Charlottesville,VA,University,tickets,"kk-joe-jackson-1983-03-26.jpg, kk-joe-jackson-1983-03-26-flyer.jpg","Sheva Golkow, U.S.A.","Joe Jackson (vocals, keyboards, alto sax) ; Graham Maby (bass, vocals) ; Larry Tolfree (drums) ; Sue Hadjopoulos (percussion) ; Joy Askew (keyboards, vocals)",Steppin' Out,1.0,https://www.setlist.fm/setlist/joe-jackson/1983/university-hall-charlottesville-va-53893319.html,,,https://www.setlist.fm/setlist/joe-jackson/1983/university-hall-charlottesville-va-53893319.html,tour-1982-night-day,1982 / 1983 * Night and Day World Tour,,,
TICKET_0409,SHOW_1983-03-30_ORLANDO,1983-03-30,Orlando,FL,Bob Carr Performing Arts Centre,tickets,kk-joe-jackson-1983-03-30.jpg,"Gert Schaumlöffel, Germany","Joe Jackson (vocals, keyboards, alto sax) ; Graham Maby (bass, vocals) ; Larry Tolfree (drums) ; Sue Hadjopoulos (percussion) ; Joy Askew (keyboards, vocals)",,0.0,https://www.setlist.fm/setlist/joe-jackson/1983/bob-carr-performing-arts-centre-orlando-fl-738e9611.html,,,https://www.setlist.fm/setlist/joe-jackson/1983/bob-carr-performing-arts-centre-orlando-fl-738e9611.html,tour-1982-night-day,1982 / 1983 * Night and Day World Tour,,,
TICKET_0410,SHOW_1983-03-31_STPETERSBURG,1983-03-31,St. Petersburg,FL,Bayfront Center,tickets,kk-joe-jackson-1983-03-31.jpg,"Gert Schaumlöffel, Germany","Joe Jackson (vocals, keyboards, alto sax) ; Graham Maby (bass, vocals) ; Larry Tolfree (drums) ; Sue Hadjopoulos (percussion) ; Joy Askew (keyboards, vocals)",,0.0,https://www.setlist.fm/setlist/joe-jackson/1983/bayfront-center-st-petersburg-fl-638e9617.html,,,https://www.setlist.fm/setlist/joe-jackson/1983/bayfront-center-st-petersburg-fl-638e9617.html,tour-1982-night-day,1982 / 1983 * Night and Day World Tour,,,
TICKET_0411,SHOW_1983-04-01_MIAMI,1983-04-01,Miami,Florida,James L. Knight International Center,tickets,"kk-joe-jackson-1983-04-01-1.jpg, kk-joe-jackson-1983-04-01-2.jpg","Gert Schaumlöffel, Germany","Joe Jackson (vocals, keyboards, alto sax) ; Graham Maby (bass, vocals) ; Larry Tolfree (drums) ; Sue Hadjopoulos (percussion) ; Joy Askew (keyboards, vocals)",,0.0,https://www.setlist.fm/setlist/joe-jackson/1983/james-l-knight-center-miami-fl-73f356e9.html,,,https://www.setlist.fm/setlist/joe-jackson/1983/james-l-knight-center-miami-fl-73f356e9.html,tour-1982-night-day,1982 / 1983 * Night and Day World Tour,,,
TICKET_0412,SHOW_1983-04-08_TOKYO,1983-04-08,Tokyo,Japan,Nakano Sun Plaza,tickets,kk-joe-jackson-1983-04-08.jpg,"Gert Schaumlöffel, Germany","Joe Jackson (vocals, keyboards, alto sax) ; Graham Maby (bass, vocals) ; Larry Tolfree (drums) ; Sue Hadjopoulos (percussion) ; Joy Askew (keyboards, vocals)",,0.0,https://www.setlist.fm/setlist/joe-jackson/1983/nakano-sunplaza-tokyo-japan-439477af.html,,,https://www.setlist.fm/setlist/joe-jackson/1983/nakano-sunplaza-tokyo-japan-439477af.html,tour-1982-night-day,1982 / 1983 * Night and Day World Tour,,,
TICKET_0413,SHOW_1983-04-17_ESSEN,1983-04-17,Essen,Germany,12. Rockpalastnacht - Grugahalle,tickets,kk-joe-jackson-1983-04-17-1.jpg,"Michael Marsch @ Rockpalast Archiv, Germany","Joe Jackson (vocals, keyboards, alto sax) ; Graham Maby (bass, vocals) ; Larry Tolfree (drums) ; Sue Hadjopoulos (percussion) ; Joy Askew (keyboards, vocals)","On Your Radio, Another World, Sunday Papers, Look Sharp!, Breaking Us in Two, Is She Really Going Out With Him?, Target, T.V. Age, Tuxedo Junction, Steppin' Out, Beat Crazy, One More Time, A Slow Song, Uptight (Everything's Alright), The Tears of a Clown, I'm Gonna Make You Love Me, How Sweet It Is (To Be Loved by You), Heat Wave, Uptight (Everything's Alright), I'm the Man",20.0,https://www.setlist.fm/setlist/joe-jackson/1983/grugahalle-essen-germany-63d6ba97.html,https://youtu.be/NBMTn5o2QuM,,https://www.setlist.fm/setlist/joe-jackson/1983/grugahalle-essen-germany-63d6ba97.html,tour-1982-night-day,1982 / 1983 * Night and Day World Tour,,,
TICKET_0414,SHOW_1983-04-27_MELBOURNE,1983-04-27,Melbourne,Australia,Melbourne Concert Hall,tickets,kk-joe-jackson-1983-04-27.jpg,"Gert Schaumlöffel, Germany","Joe Jackson (vocals, keyboards, alto sax) ; Graham Maby (bass, vocals) ; Larry Tolfree (drums) ; Sue Hadjopoulos (percussion) ; Joy Askew (keyboards, vocals)",,0.0,https://www.setlist.fm/setlist/joe-jackson/1983/melbourne-concert-hall-melbourne-australia-7b8e9614.html,,,https://www.setlist.fm/setlist/joe-jackson/1983/melbourne-concert-hall-melbourne-australia-7b8e9614.html,tour-1982-night-day,1982 / 1983 * Night and Day World Tour,,,
TICKET_0415,SHOW_1983-01-01_1983,,,,,passes,kk-joe-jackson-1983-pass.jpg,"John Dix, New Zealand Gert Schaumlöffel, Germany","Joe Jackson (vocals, keyboards, alto sax) ; Graham Maby (bass, vocals) ; Larry Tolfree (drums) ; Sue Hadjopoulos (percussion) ; Joy Askew (keyboards, vocals)",,0.0,,,,,tour-1982-1983-night-and-day-world-tour,1982 / 1983 * Night and Day World Tour,,,
TICKET_0416,SHOW_1983-12-14_POUGHKEEPSIE,1983-12-14,Poughkeepsie,NY,The Chance,tickets,kk-joe-jackson-1983-12-14.jpg,"Gert Schaumlöffel, Germany","Joe Jackson (vocals, keyboards, alto sax) ; Graham Maby (bass, vocals) ; Larry Tolfree (drums) ; Sue Hadjopoulos (percussion) ; Joy Askew (keyboards, vocals)",,0.0,https://www.setlist.fm/setlist/joe-jackson/1983/the-chance-poughkeepsie-ny-738e9255.html,,,https://www.setlist.fm/setlist/joe-jackson/1983/the-chance-poughkeepsie-ny-738e9255.html,tour-1984-body-and-soul-tour,1984 * Body and Soul Tour,,,Body & Soul warm up gig
TICKET_0417,SHOW_1983-12-16_NEWHAVEN,1983-12-16,New Haven,CT,Toad's Place,tickets,kk-joe-jackson-1983-12-16.jpg,"Gert Schaumlöffel, Germany","Joe Jackson (vocals, keyboards, alto sax) ; Graham Maby (bass, vocals) ; Larry Tolfree (drums) ; Sue Hadjopoulos (percussion) ; Joy Askew (keyboards, vocals)",,0.0,https://www.setlist.fm/setlist/joe-jackson/1983/toads-place-new-haven-ct-7b8e9254.html,,,https://www.setlist.fm/setlist/joe-jackson/1983/toads-place-new-haven-ct-7b8e9254.html,tour-1984-body-and-soul-tour,1984 * Body and Soul Tour,,,Body & Soul warm up gig
TICKET_0418,SHOW_2019-02-05_KNOXVILLE,2019-02-05,Knoxville,TN,Bijou Theatre,tickets,"kk-joe-jackson-2019-02-05.jpg, kk-joe-jackson-2019-02-05-2.jpg","Jeremy Hubbs, U.S.A.","Joe Jackson (vocals, keyboards) ; Graham Maby (bass, vocals) ; Teddy Kumpel (guitar, vocals) ; Doug Yowell (drums, vocals)","Alchemy, One More Time, Is She Really Going Out With Him?, Big Black Cloud, Fabulously Absolute, Another World, Breaking Us in Two, Real Men, Rain (cover of The Beatles), Citizen Sane, Wasted Time, Friend Better, Fool, Stranger Than Fiction, Drowning, Sunday Papers, You Can't Get What You Want (Till You Know What You Want), King of the World (cover of Steely Dan), Ode to Joy, I'm the Man, [Encore 1], Steppin' Out, Got the Time, Alchemy (reprise)",23.0,https://www.setlist.fm/setlist/joe-jackson/2019/us-cellular-stage-at-the-bijou-theatre-knoxville-tn-6b952eba.html,,,https://www.setlist.fm/setlist/joe-jackson/2019/us-cellular-stage-at-the-bijou-theatre-knoxville-tn-6b952eba.html,tour-four-decade-tour-2019,2019 * Four Decade Tour,,,
TICKET_0419,SHOW_2019-02-07_ATLANTA,2019-02-07,Atlanta,GA,Center Stage Theater,tickets,kk-joe-jackson-2019-02-07.jpg,"Shawn J., U.S.A.","Joe Jackson (vocals, keyboards) ; Graham Maby (bass, vocals) ; Teddy Kumpel (guitar, vocals) ; Doug Yowell (drums, vocals)","Alchemy, One More Time, Is She Really Going Out With Him?, Another World, Big Black Cloud, Fabulously Absolute, Breaking Us in Two, Stranger Than Fiction, Drowning, Cancer, Citizen Sane, Rain (cover of The Beatles), Invisible Man, Dave, Fool, Sunday Papers, King of the World (cover of Steely Dan), You Can't Get What You Want (Till You Know What You Want), Ode to Joy, I'm the Man, [Encore 1], Steppin' Out, Got the Time, Alchemy (reprise)",23.0,https://www.setlist.fm/setlist/joe-jackson/2019/center-stage-atlanta-ga-1b951960.html,,,https://www.setlist.fm/setlist/joe-jackson/2019/center-stage-atlanta-ga-1b951960.html,tour-four-decade-tour-2019,2019 * Four Decade Tour,,,
TICKET_0420,SHOW_2019-02-12_COLLINGSWOOD,2019-02-12,Collingswood,NJ,Scottish Rite Auditorium,tickets,"kk-joe-jackson-2019-02-12-best.jpg, kk-joe-jackson-2019-02-12-2.jpg","Gregory Coben, U.S.A.","Joe Jackson (vocals, keyboards) ; Graham Maby (bass, vocals) ; Teddy Kumpel (guitar, vocals) ; Doug Yowell (drums, vocals)","Alchemy (snippet), One More Time, Is She Really Going Out With Him?, Another World, Big Black Cloud, Fabulously Absolute, Dave, Breaking Us in Two, Stranger Than Fiction, My House, Real Men, Rain (cover of The Beatles), Invisible Man, Wasted Time, Fool, Sunday Papers (Joe forgot the lyrics 2nd verse), King of the World (cover of Steely Dan), You Can't Get What You Want (Till You Know What You Want), Ode to Joy, I'm the Man, [Encore 1], Steppin' Out, Got the Time, Alchemy",23.0,https://www.setlist.fm/setlist/joe-jackson/2019/scottish-rite-auditorium-collingswood-nj-3395701d.html,,,https://www.setlist.fm/setlist/joe-jackson/2019/scottish-rite-auditorium-collingswood-nj-3395701d.html,tour-four-decade-tour-2019,2019 * Four Decade Tour,,,
TICKET_0421,SHOW_2019-02-15_NEWYORK,2019-02-15,New York,NY,Town Hall,tickets,kk-joe-jackson-2019-02-15.jpg,"Gary Gelb, U.S.A.","Joe Jackson (vocals, keyboards) ; Graham Maby (bass, vocals) ; Teddy Kumpel (guitar, vocals) ; Doug Yowell (drums, vocals)","Alchemy (snippet), One More Time, Is She Really Going Out With Him?, Another World, Big Black Cloud, Fabulously Absolute, Breaking Us in Two, Stranger Than Fiction, My House, Real Men, Rain (cover of The Beatles), Invisible Man, Wasted Time, Friend Better, Fool, Sunday Papers, King of the World (cover of Steely Dan), You Can't Get What You Want (Till You Know What You Want), Ode to Joy, I'm the Man, [Encore 1], Steppin' Out, Got the Time, Alchemy (reprise)",23.0,https://www.setlist.fm/setlist/joe-jackson/2019/the-town-hall-new-york-ny-139565cd.html,,,https://www.setlist.fm/setlist/joe-jackson/2019/the-town-hall-new-york-ny-139565cd.html,tour-four-decade-tour-2019,2019 * Four Decade Tour,,,
TICKET_0422,SHOW_2019-02-16_NEWYORK,2019-02-16,New York,NY,Town Hall,tickets,kk-joe-jackson-2019-02-16-2.jpg,"Gert Schaumlöffel, Germany","Joe Jackson (vocals, keyboards) ; Graham Maby (bass, vocals) ; Teddy Kumpel (guitar, vocals) ; Doug Yowell (drums, vocals)","Alchemy (snippet), One More Time, Is She Really Going Out With Him?, Another World, Fabulously Absolute, Dave, Breaking Us in Two, Stranger Than Fiction, Drowning, Cancer, Citizen Sane, Rain (cover of The Beatles), Invisible Man, Strange Land, Fool, Sunday Papers, King of the World (cover of Steely Dan), You Can't Get What You Want (Till You Know What You Want), Ode to Joy, I'm the Man, [Encore 1], Steppin' Out, Got the Time, Alchemy (reprise)",23.0,https://www.setlist.fm/setlist/joe-jackson/2019/the-town-hall-new-york-ny-1b9565c0.html,,,https://www.setlist.fm/setlist/joe-jackson/2019/the-town-hall-new-york-ny-1b9565c0.html,tour-four-decade-tour-2019,2019 * Four Decade Tour,,,
TICKET_0423,SHOW_2019-03-02_SANFRANCISCO,2019-03-02,San Francisco,CA,The Masonic,tickets,"kk-joe-jackson-2019-03-02-1.jpg, kk-joe-jackson-2019-03-02-2.jpg, kk-joe-jackson-2019-03-02-3.jpg","Kevin Walsh, U.S.A.","Joe Jackson (vocals, keyboards) ; Graham Maby (bass, vocals) ; Teddy Kumpel (guitar, vocals) ; Doug Yowell (drums, vocals)","Alchemy, One More Time, Is She Really Going Out With Him?, Another World, Big Black Cloud, Fabulously Absolute, Real Men, Stranger Than Fiction, Drowning, Rain (cover of The Beatles), Invisible Man, Wasted Time, Friend Better, Fool, Sunday Papers, King of the World (cover of Steely Dan), You Can't Get What You Want (Till You Know What You Want), Ode to Joy, I'm the Man, [Encore 1], Steppin' Out, Got the Time, Alchemy (reprise)",22.0,https://www.setlist.fm/setlist/joe-jackson/2019/masonic-auditorium-san-francisco-ca-6b92eaea.html,,,https://www.setlist.fm/setlist/joe-jackson/2019/masonic-auditorium-san-francisco-ca-6b92eaea.html,tour-four-decade-tour-2019,2019 * Four Decade Tour,,,
TICKET_0424,SHOW_2019-03-16_ANTWERP,2019-03-16,Antwerp,Belgium,De Roma,tickets,"kk-joe-jackson-2019-03-16.jpg, kk-joe-jackson-2019-03-16-2.jpg, kk-joe-jackson-2019-03-16-3.jpg","Ksenia Vorotyntseva, Russia","Joe Jackson (vocals, keyboards) ; Graham Maby (bass, vocals) ; Teddy Kumpel (guitar, vocals) ; Doug Yowell (drums, vocals)","Alchemy, One More Time, Is She Really Going Out With Him?, Another World, Big Black Cloud, Fabulously Absolute, Real Men, Stranger Than Fiction, Drowning, Rain (cover of The Beatles), Invisible Man, Strange Land, Fool, Sunday Papers, King of the World (cover of Steely Dan), You Can't Get What You Want (Till You Know What You Want), Ode to Joy, I'm the Man, [Encore 1], Steppin' Out, Got the Time, Alchemy (reprise)",21.0,https://www.setlist.fm/setlist/joe-jackson/2019/de-roma-borgerhout-belgium-1b927988.html,,,https://www.setlist.fm/setlist/joe-jackson/2019/de-roma-borgerhout-belgium-1b927988.html,tour-four-decade-tour-2019,2019 * Four Decade Tour,,,
TICKET_0425,SHOW_2019-03-17_GRONINGEN,2019-03-17,Groningen,Netherlands,De Oosterpoort,tickets,"kk-joe-jackson-2019-03-17.jpg, kk-joe-jackson-2019-03-17-2.jpg, kk-joe-jackson-2019-03-17-3.jpg","Bert Bos, Netherlands","Joe Jackson (vocals, keyboards) ; Graham Maby (bass, vocals) ; Teddy Kumpel (guitar, vocals) ; Doug Yowell (drums, vocals)","Alchemy, One More Time, Is She Really Going Out With Him?, Another World, Fabulously Absolute, Strange Land, Stranger Than Fiction, Real Men, Cancer, Citizen Sane, Wasted Time, Friend Better, Fool, Sunday Papers, King of the World (cover of Steely Dan), You Can't Get What You Want (Till You Know What You Want), Ode to Joy, I'm the Man, [Encore 1], Steppin' Out, Got the Time, Alchemy (reprise)",21.0,https://www.setlist.fm/setlist/joe-jackson/2019/de-oosterpoort-groningen-netherlands-43927fc7.html,,,https://www.setlist.fm/setlist/joe-jackson/2019/de-oosterpoort-groningen-netherlands-43927fc7.html,tour-four-decade-tour-2019,2019 * Four Decade Tour,,,
TICKET_0426,SHOW_2019-03-22_MILANO,2019-03-22,Milano,Italy,Teatro Dal Verme,tickets,kk-joe-jackson-2019-03-22.jpg,"Alessandro Nespoli, Italy","Joe Jackson (vocals, keyboards) ; Graham Maby (bass, vocals) ; Teddy Kumpel (guitar, vocals) ; Doug Yowell (drums, vocals)","Alchemy, One More Time, Is She Really Going Out With Him?, Another World, Big Black Cloud, Fabulously Absolute, Real Men, Stranger Than Fiction, Drowning, Rain (cover of The Beatles), Citizen Sane, Wasted Time, Fool, Sunday Papers, King of the World (cover of Steely Dan), You Can't Get What You Want (Till You Know What You Want), Ode to Joy, I'm the Man, [Encore 1], Steppin' Out, Got the Time, Alchemy (reprise)",21.0,https://www.setlist.fm/setlist/joe-jackson/2019/teatro-dal-verme-milan-italy-3b93bc18.html,,,https://www.setlist.fm/setlist/joe-jackson/2019/teatro-dal-verme-milan-italy-3b93bc18.html,tour-four-decade-tour-2019,2019 * Four Decade Tour,,,
TICKET_0427,SHOW_2019-03-23_TORINO,2019-03-23,Torino,Italy,Teatro Colosseo,tickets,kk-joe-jackson-2019-03-23.jpg,"Herve LE Noach, France","Joe Jackson (vocals, keyboards) ; Graham Maby (bass, vocals) ; Teddy Kumpel (guitar, vocals) ; Doug Yowell (drums, vocals)","Alchemy, One More Time, Is She Really Going Out With Him?, Another World, Fabulously Absolute, Strange Land, Stranger Than Fiction, Real Men, Cancer, Invisible Man, Wasted Time, Fool, Sunday Papers, King of the World (cover of Steely Dan), You Can't Get What You Want (Till You Know What You Want), Ode to Joy, I'm the Man, [Encore 1], Steppin' Out, Got the Time, Alchemy (reprise)",20.0,https://www.setlist.fm/setlist/joe-jackson/2019/teatro-colosseo-turin-italy-3393a8f9.html,,,https://www.setlist.fm/setlist/joe-jackson/2019/teatro-colosseo-turin-italy-3393a8f9.html,tour-four-decade-tour-2019,2019 * Four Decade Tour,,,
TICKET_0428,SHOW_2019-03-25_ZRICH,2019-03-25,Zürich,Switzerland,Kaufleuten,tickets,"kk-joe-jackson-2019-03-25.jpg, kk-joe-jackson-2019-03-25-2.jpg","Cornelia Wagner, Germany","Joe Jackson (vocals, keyboards) ; Graham Maby (bass, vocals) ; Teddy Kumpel (guitar, vocals) ; Doug Yowell (drums, vocals)","Alchemy, One More Time, Is She Really Going Out With Him?, Another World, Fabulously Absolute, Strange Land, Stranger Than Fiction, Real Men, Rain (cover of The Beatles), Invisible Man, Wasted Time, Friend Better, Fool, Sunday Papers, King of the World (cover of Steely Dan), You Can't Get What You Want (Till You Know What You Want), Ode to Joy, I'm the Man, [Encore 1], Steppin' Out, Got the Time, Alchemy (reprise)",21.0,https://www.setlist.fm/setlist/joe-jackson/2019/kaufleuten-zurich-switzerland-7b93a648.html,,,https://www.setlist.fm/setlist/joe-jackson/2019/kaufleuten-zurich-switzerland-7b93a648.html,tour-four-decade-tour-2019,2019 * Four Decade Tour,,,
TICKET_0429,SHOW_2019-03-28_BERLIN,2019-03-28,Berlin,Germany,Admiralspalast,tickets,kk-joe-jackson-2019-03-28.jpg,"Björn Krüger, Germany","Joe Jackson (vocals, keyboards) ; Graham Maby (bass, vocals) ; Teddy Kumpel (guitar, vocals) ; Doug Yowell (drums, vocals)","Alchemy, One More Time, Is She Really Going Out With Him?, Another World, Big Black Cloud, Fabulously Absolute, Strange Land, Stranger Than Fiction, My House, Real Men, Rain (cover of The Beatles), Invisible Man, Wasted Time, Fool, Sunday Papers, King of the World (cover of Steely Dan), You Can't Get What You Want (Till You Know What You Want), Ode to Joy, I'm the Man, [Encore 1], Steppin' Out, Got the Time, Alchemy (reprise)",22.0,https://www.setlist.fm/setlist/joe-jackson/2019/admiralspalast-berlin-germany-439393db.html,,,https://www.setlist.fm/setlist/joe-jackson/2019/admiralspalast-berlin-germany-439393db.html,tour-four-decade-tour-2019,2019 * Four Decade Tour,,,
TICKET_0430,SHOW_2019-03-29_HAMBURG,2019-03-29,Hamburg,Germany,Fabrik,tickets,"kk-joe-jackson-2019-03-29-design.jpg, kk-joe-jackson-2019-03-29-3.jpg, kk-joe-jackson-2019-03-29-4.jpg, kk-joe-jackson-2019-03-29.jpg","Rolf Thalmann, Germany","Joe Jackson (vocals, keyboards) ; Graham Maby (bass, vocals) ; Teddy Kumpel (guitar, vocals) ; Doug Yowell (drums, vocals)","Alchemy, One More Time, Is She Really Going Out With Him?, Another World, Big Black Cloud, Fabulously Absolute, Real Men, Stranger Than Fiction, Drowning, Rain (cover of The Beatles), Invisible Man, Strange Land, Fool, Sunday Papers, King of the World (cover of Steely Dan), You Can't Get What You Want (Till You Know What You Want), Ode to Joy, I'm the Man, [Encore 1], Steppin' Out, Got the Time, Alchemy (reprise)",21.0,https://www.setlist.fm/setlist/joe-jackson/2019/fabrik-hamburg-germany-3b938808.html,,,https://www.setlist.fm/setlist/joe-jackson/2019/fabrik-hamburg-germany-3b938808.html,tour-four-decade-tour-2019,2019 * Four Decade Tour,,,
TICKET_0431,SHOW_2019-03-31_STUTTGART,2019-03-31,Stuttgart,Germany,"Liederhalle, Beethoven-Saal",tickets,"kk-joe-jackson-2019-03-31-2.jpg, kk-joe-jackson-2019-03-31-3.jpg, kk-joe-jackson-2019-03-31.jpg","Klaus Scherer, Germany","Joe Jackson (vocals, keyboards) ; Graham Maby (bass, vocals) ; Teddy Kumpel (guitar, vocals) ; Doug Yowell (drums, vocals)","Alchemy, One More Time, Is She Really Going Out With Him?, Another World, Fabulously Absolute, Strange Land, Real Men, Stranger Than Fiction, My House, Citizen Sane, Wasted Time, Fool, Sunday Papers, King of the World (cover of Steely Dan), You Can't Get What You Want (Till You Know What You Want), Ode to Joy, I'm the Man, [Encore 1], Steppin' Out, Got the Time, Alchemy (reprise)",20.0,https://www.setlist.fm/setlist/joe-jackson/2019/beethoven-saal-stuttgart-germany-3393f8d9.html,,,https://www.setlist.fm/setlist/joe-jackson/2019/beethoven-saal-stuttgart-germany-3393f8d9.html,tour-four-decade-tour-2019,2019 * Four Decade Tour,,,
TICKET_0432,SHOW_2019-04-01_MNCHENMUNICH,2019-04-01,München (Munich),Germany,Muffathalle,tickets,kk-joe-jackson-2019-04-01.jpg,"Cornelia Wagner, Germany","Joe Jackson (vocals, keyboards) ; Graham Maby (bass, vocals) ; Teddy Kumpel (guitar, vocals) ; Doug Yowell (drums, vocals)","Alchemy, One More Time, Is She Really Going Out With Him?, Another World, Fabulously Absolute, Strange Land, Stranger Than Fiction, Real Men, Cancer, Rain (cover of The Beatles), Invisible Man, Wasted Time, Friend Better, Fool, Sunday Papers, King of the World (cover of Steely Dan), You Can't Get What You Want (Till You Know What You Want), Ode to Joy, I'm the Man, [Encore 1], Home Town, Steppin' Out, Got the Time, Alchemy (reprise)",23.0,https://www.setlist.fm/setlist/joe-jackson/2019/muffathalle-munich-germany-13938565.html,,,https://www.setlist.fm/setlist/joe-jackson/2019/muffathalle-munich-germany-13938565.html,tour-four-decade-tour-2019,2019 * Four Decade Tour,,,
TICKET_0433,SHOW_2019-04-03_KLNCOLOGNE,2019-04-03,Köln (Cologne),Germany,Gloria Theater,tickets,"kk-joe-jackson-2019-04-03.jpg, kk-joe-jackson-2019-04-03-2.jpg","Gert Schaumlöffel, Germany","Joe Jackson (vocals, keyboards) ; Graham Maby (bass, vocals) ; Teddy Kumpel (guitar, vocals) ; Doug Yowell (drums, vocals)","Alchemy, One More Time, Is She Really Going Out With Him?, Another World, Big Black Cloud, Fabulously Absolute, Real Men, Stranger Than Fiction, Drowning, Rain (cover of The Beatles), Invisible Man, Wasted Time, Fool, Sunday Papers, King of the World (cover of Steely Dan), You Can't Get What You Want (Till You Know What You Want), Ode to Joy, I'm the Man, [Encore 1], Steppin' Out, Got the Time, Alchemy (reprise)",21.0,https://www.setlist.fm/setlist/joe-jackson/2019/gloria-theater-cologne-germany-7393ee01.html,,,https://www.setlist.fm/setlist/joe-jackson/2019/gloria-theater-cologne-germany-7393ee01.html,tour-four-decade-tour-2019,2019 * Four Decade Tour,,,
TICKET_0434,SHOW_2019-04-04_UTRECHT,2019-04-04,Utrecht,Netherlands,Tivoli Vredenburg,tickets,kk-joe-jackson-2019-04-04.jpg,"Astrid Zimmerman, Netherlands","Joe Jackson (vocals, keyboards) ; Graham Maby (bass, vocals) ; Teddy Kumpel (guitar, vocals) ; Doug Yowell (drums, vocals)","Alchemy, One More Time, Is She Really Going Out With Him?, Another World, Fabulously Absolute, Strange Land, Stranger Than Fiction, My House, Real Men, Rain (cover of The Beatles), Invisible Man, Wasted Time, Fool, Sunday Papers, King of the World (cover of Steely Dan), You Can't Get What You Want (Till You Know What You Want), Ode to Joy, I'm the Man, [Encore 1], Steppin' Out, Got the Time, Alchemy (Reprise)",21.0,https://www.setlist.fm/setlist/joe-jackson/2019/ronda-utrecht-netherlands-1393f105.html,,,https://www.setlist.fm/setlist/joe-jackson/2019/ronda-utrecht-netherlands-1393f105.html,tour-four-decade-tour-2019,2019 * Four Decade Tour,,,
TICKET_0435,SHOW_2019-04-08_AMSTERDAM,2019-04-08,Amsterdam,Netherlands,Paradiso,tickets,kk-joe-jackson-2019-04-08.jpg,"Albert Holland, Netherlands","Joe Jackson (vocals, keyboards) ; Graham Maby (bass, vocals) ; Teddy Kumpel (guitar, vocals) ; Doug Yowell (drums, vocals)","Alchemy, One More Time, Is She Really Going Out With Him?, Another World, Big Black Cloud, Fabulously Absolute, Real Men, Stranger Than Fiction, Drowning, Rain (cover of The Beatles), Invisible Man, Dave, Fool, Sunday Papers, King of the World (cover of Steely Dan), You Can't Get What You Want (Till You Know What You Want), Ode to Joy, I'm the Man, [Encore 1], Steppin' Out, Got the Time, Alchemy (Reprise)",21.0,https://www.setlist.fm/setlist/joe-jackson/2019/grote-zaal-amsterdam-netherlands-4393d74f.html,,,https://www.setlist.fm/setlist/joe-jackson/2019/grote-zaal-amsterdam-netherlands-4393d74f.html,tour-four-decade-tour-2019,2019 * Four Decade Tour,,,
TICKET_0436,SHOW_2019-04-11_NIJMEGEN,2019-04-11,Nijmegen,Netherlands,Concertgebouw De Vereeniging,tickets,"kk-joe-jackson-2019-04-11.jpg, kk-joe-jackson-2019-04-11-3.jpg, kk-joe-jackson-2019-04-11-2.jpg","Linda Grijn, Netherlands","Joe Jackson (vocals, keyboards) ; Graham Maby (bass, vocals) ; Teddy Kumpel (guitar, vocals) ; Doug Yowell (drums, vocals)","Alchemy, One More Time, Is She Really Going Out With Him?, Another World, Big Black Cloud, Fabulously Absolute, Real Men, Stranger Than Fiction, Rain (cover of The Beatles), Invisible Man, Drowning, Friend Better, Fool, Sunday Papers, King of the World (cover of Steely Dan), You Can't Get What You Want (Till You Know What You Want), Ode to Joy, I'm the Man, [Encore 1], Steppin' Out, Got the Time, Alchemy (Reprise)",21.0,https://www.setlist.fm/setlist/joe-jackson/2019/de-vereeniging-nijmegen-netherlands-6393c297.html,,,https://www.setlist.fm/setlist/joe-jackson/2019/de-vereeniging-nijmegen-netherlands-6393c297.html,tour-four-decade-tour-2019,2019 * Four Decade Tour,,,
TICKET_0437,SHOW_2019-04-14_PARIS,2019-04-14,Paris,France,L'Olympia,tickets,"kk-joe-jackson-2019-04-14.jpg, kk-joe-jackson-2019-04-14-op.jpg","Olivier Popincourt, France","Joe Jackson (vocals, keyboards) ; Graham Maby (bass, vocals) ; Teddy Kumpel (guitar, vocals) ; Doug Yowell (drums, vocals)","Alchemy, One More Time, Is She Really Going Out With Him?, Another World, Big Black Cloud, Fabulously Absolute, Real Men, Stranger Than Fiction, Drowning, Rain (cover of The Beatles), Invisible Man, Strange Land, Fool, Sunday Papers, King of the World (cover of Steely Dan), You Can't Get What You Want (Till You Know What You Want), Ode to Joy, I'm the Man, [Encore 1], Steppin' Out, Got the Time, Alchemy (reprise)",21.0,https://www.setlist.fm/setlist/joe-jackson/2019/lolympia-bruno-coquatrix-paris-france-2b931c5e.html,,,https://www.setlist.fm/setlist/joe-jackson/2019/lolympia-bruno-coquatrix-paris-france-2b931c5e.html,tour-four-decade-tour-2019,2019 * Four Decade Tour,,,
TICKET_0438,SHOW_2019-04-15_BRUSSELS,2019-04-15,Brussels,Belgium,Ancienne Belgique,tickets,kk-joe-jackson-2019-04-15.jpg,"Sophie Tuyteleers, Belgium","Joe Jackson (vocals, keyboards) ; Graham Maby (bass, vocals) ; Teddy Kumpel (guitar, vocals) ; Doug Yowell (drums, vocals)","Alchemy, One More Time, Is She Really Going Out With Him?, Another World, Fabulously Absolute, Strange Land, Real Men, Stranger Than Fiction, My House, Rain (cover of The Beatles), Invisible Man, Wasted Time, Fool, Sunday Papers, King of the World (cover of Steely Dan), You Can't Get What You Want (Till You Know What You Want), Ode to Joy, I'm the Man, [Encore 1], Steppin' Out, Got the Time, Alchemy (reprise)",21.0,https://www.setlist.fm/setlist/joe-jackson/2019/ancienne-belgique-brussels-belgium-73930e11.html,,,https://www.setlist.fm/setlist/joe-jackson/2019/ancienne-belgique-brussels-belgium-73930e11.html,tour-four-decade-tour-2019,2019 * Four Decade Tour,,,
TICKET_0439,SHOW_2019-04-17_LONDON,2019-04-17,London,U.K.,Palladium,tickets,"kk-joe-jackson-2019-04-17.jpg, kk-joe-jackson-2019-04-17-2.jpg","Simon Gardner, U.K.","Joe Jackson (vocals, keyboards) ; Graham Maby (bass, vocals) ; Teddy Kumpel (guitar, vocals) ; Doug Yowell (drums, vocals)","Alchemy, One More Time, Is She Really Going Out With Him?, Another World, Fabulously Absolute, Strange Land, Stranger Than Fiction, My House, Real Men, Rain (cover of The Beatles), Invisible Man, Wasted Time, Dave, Fool, Sunday Papers, King of the World (cover of Steely Dan), You Can't Get What You Want (Till You Know What You Want), Ode to Joy, I'm the Man, [Encore 1], Steppin' Out, Got the Time, Alchemy (reprise)",22.0,https://www.setlist.fm/setlist/joe-jackson/2019/london-palladium-london-england-b93111a.html,,,https://www.setlist.fm/setlist/joe-jackson/2019/london-palladium-london-england-b93111a.html,tour-four-decade-tour-2019,2019 * Four Decade Tour,,,
TICKET_0440,SHOW_2019-04-18_BIRMINGHAM,2019-04-18,Birmingham,U.K.,The O2 Institute,tickets,kk-joe-jackson-2019-04-18.jpg,"Alex Wilde, U.K.","Joe Jackson (vocals, keyboards) ; Graham Maby (bass, vocals) ; Teddy Kumpel (guitar, vocals) ; Doug Yowell (drums, vocals)","Alchemy, One More Time, Is She Really Going Out With Him?, Another World, Big Black Cloud, Fabulously Absolute, Real Men, Stranger Than Fiction, Cancer, Rain (cover of The Beatles), Citizen Sane, Fool, Sunday Papers, King of the World (cover of Steely Dan), You Can't Get What You Want (Till You Know What You Want), Ode to Joy, I'm the Man, [Encore 1], Steppin' Out, Got the Time, Alchemy (reprise)",20.0,https://www.setlist.fm/setlist/joe-jackson/2019/o2-institute-birmingham-england-73937ac5.html,,,https://www.setlist.fm/setlist/joe-jackson/2019/o2-institute-birmingham-england-73937ac5.html,tour-four-decade-tour-2019,2019 * Four Decade Tour,,,
TICKET_0441,SHOW_2019-04-21_MANCHESTER,2019-04-21,Manchester,U.K.,O2 Ritz,tickets,kk-joe-jackson-2019-04-21.jpg,"Helen Swallow, U.K.","Joe Jackson (vocals, keyboards) ; Graham Maby (bass, vocals) ; Teddy Kumpel (guitar, vocals) ; Doug Yowell (drums, vocals)","Alchemy, One More Time, Is She Really Going Out With Him?, Another World, Fabulously Absolute, Strange Land, Stranger Than Fiction, Real Men, Rain (cover of The Beatles), Invisible Man, It's Different for Girls, Dave, Fool, Sunday Papers, King of the World (cover of Steely Dan), You Can't Get What You Want (Till You Know What You Want), Ode to Joy, I'm the Man, [Encore 1], Steppin' Out, Got the Time, Alchemy (reprise)",21.0,https://www.setlist.fm/setlist/joe-jackson/2019/o2-ritz-manchester-england-1b937180.html,,,https://www.setlist.fm/setlist/joe-jackson/2019/o2-ritz-manchester-england-1b937180.html,tour-four-decade-tour-2019,2019 * Four Decade Tour,,,
TICKET_0442,SHOW_2019-04-23_CORK,2019-04-23,Cork,Ireland,Cork Opera House,tickets,kk-joe-jackson-2019-04-23.jpg,"Gert Schaumlöffel, Germany","Joe Jackson (vocals, keyboards) ; Graham Maby (bass, vocals) ; Teddy Kumpel (guitar, vocals) ; Doug Yowell (drums, vocals)","Alchemy, One More Time, Is She Really Going Out With Him?, Another World, Big Black Cloud, Fabulously Absolute, Stranger Than Fiction, Real Men, Rain (cover of The Beatles), Invisible Man, It's Different for Girls, Fool, Sunday Papers, King of the World (cover of Steely Dan), You Can't Get What You Want (Till You Know What You Want), Ode to Joy, I'm the Man, [Encore 1], Steppin' Out, Got the Time, Alchemy (reprise)",20.0,https://www.setlist.fm/setlist/joe-jackson/2019/cork-opera-house-cork-ireland-73935e69.html,,,https://www.setlist.fm/setlist/joe-jackson/2019/cork-opera-house-cork-ireland-73935e69.html,tour-four-decade-tour-2019,2019 * Four Decade Tour,,,
TICKET_0443,SHOW_2019-04-24_DUBLIN,2019-04-24,Dublin,Ireland,Olympia Theatre,tickets,kk-joe-jackson-2019-04-24.jpg,"John Foyle, Ireland","Joe Jackson (vocals, keyboards) ; Graham Maby (bass, vocals) ; Teddy Kumpel (guitar, vocals) ; Doug Yowell (drums, vocals)",,0.0,https://www.setlist.fm/setlist/joe-jackson/2019/olympia-theatre-dublin-ireland-5390a3c5.html,,,https://www.setlist.fm/setlist/joe-jackson/2019/olympia-theatre-dublin-ireland-5390a3c5.html,tour-four-decade-tour-2019,2019 * Four Decade Tour,,,
TICKET_0444,SHOW_2019-05-06_MILWAUKEE,2019-05-06,Milwaukee,WI,The Pabst Theatre,tickets,kk-joe-jackson-2019-05-06-1.jpg,"Tracy Solomon, U.S.A.","Joe Jackson (vocals, keyboards) ; Graham Maby (bass, vocals) ; Teddy Kumpel (guitar, vocals) ; Doug Yowell (drums, vocals)","Alchemy, One More Time, Is She Really Going Out With Him?, Another World, Fabulously Absolute, Strange Land, Stranger Than Fiction, Real Men, Rain (cover of The Beatles), Invisible Man, It's Different for Girls, Fool, Sunday Papers, King of the World (cover of Steely Dan), You Can't Get What You Want (Till You Know What You Want), Ode to Joy, I'm the Man, [Encore 1], Steppin' Out, Got the Time, Alchemy (reprise)",20.0,https://www.setlist.fm/setlist/joe-jackson/2019/pabst-theater-milwaukee-wi-4b90ef12.html,,,https://www.setlist.fm/setlist/joe-jackson/2019/pabst-theater-milwaukee-wi-4b90ef12.html,tour-four-decade-tour-2019,2019 * Four Decade Tour,,,
TICKET_0445,SHOW_2019-05-12_QUEBEC,2019-05-12,Quebec,Canada,Palais Montcalm,tickets,kk-joe-jackson-2019-05-12.jpg,"Gert Schaumlöffel, Germany","Joe Jackson (vocals, keyboards) ; Graham Maby (bass, vocals) ; Teddy Kumpel (guitar, vocals) ; Doug Yowell (drums, vocals)","(Intro from Louis Armstong songs), Alchemy, One More Time, Is She Really Going Out With Him?, Another World, Fabulously Absolute, Strange Land, Stranger Than Fiction, Real Men, Rain (cover of The Beatles), Invisible Man, It's Different for Girls, Fool, Sunday Papers, King of the World (cover of Steely Dan), You Can't Get What You Want (Till You Know What You Want), Ode to Joy, I'm the Man, [Encore 1], Steppin' Out, Got the Time, Alchemy (reprise)",21.0,https://www.setlist.fm/setlist/joe-jackson/2019/palais-montcalm-quebec-city-qc-canada-b90c122.html,,,https://www.setlist.fm/setlist/joe-jackson/2019/palais-montcalm-quebec-city-qc-canada-b90c122.html,tour-four-decade-tour-2019,2019 * Four Decade Tour,,,
TICKET_0446,SHOW_2019-05-15_NORTHHAMPTON,2019-05-15,Northhampton,MA,The Academy Of Music Theatre,tickets,kk-joe-jackson-2019-05-15.jpg,"Jim Zoino, U.S.A.","Joe Jackson (vocals, keyboards) ; Graham Maby (bass, vocals) ; Teddy Kumpel (guitar, vocals) ; Doug Yowell (drums, vocals)","Alchemy, One More Time, Is She Really Going Out With Him?, Another World, Fabulously Absolute, Strange Land, Stranger Than Fiction, Real Men, Rain (cover of The Beatles), Dave, It's Different for Girls, Invisible Man, Fool, Sunday Papers, King of the World (cover of Steely Dan), You Can't Get What You Want (Till You Know What You Want), Ode to Joy, I'm the Man, [Encore 1], Steppin' Out (original approximate version), Got the Time, Alchemy (reprise)",21.0,https://www.setlist.fm/setlist/joe-jackson/2019/academy-of-music-theatre-northampton-ma-43902b6f.html,,,https://www.setlist.fm/setlist/joe-jackson/2019/academy-of-music-theatre-northampton-ma-43902b6f.html,tour-four-decade-tour-2019,2019 * Four Decade Tour,,,
TICKET_0447,SHOW_2019-05-18_NEWBRUNSWICK,2019-05-18,New Brunswick,NJ,State Theatre,tickets,"kk-joe-jackson-2019-05-18-2.jpg, kk-joe-jackson-2019-05-18.jpg","Gert Schaumlöffel, Germany","Joe Jackson (vocals, keyboards) ; Graham Maby (bass, vocals) ; Teddy Kumpel (guitar, vocals) ; Doug Yowell (drums, vocals)","Alchemy, One More Time, Is She Really Going Out With Him?, Another World, Big Black Cloud, Fabulously Absolute, Goin' Downtown, Drowning, Real Men, Rain (cover of The Beatles), Invisible Man, It's Different for Girls (Joe Solo), Fool, Sunday Papers, King of the World (cover of Steely Dan), You Can't Get What You Want (Till You Know What You Want), Ode to Joy, I'm the Man, [Encore 1], Steppin' Out, Got the Time, Alchemy (reprise)",21.0,https://www.setlist.fm/setlist/joe-jackson/2019/state-theatre-new-brunswick-nj-6390129f.html,,,https://www.setlist.fm/setlist/joe-jackson/2019/state-theatre-new-brunswick-nj-6390129f.html,tour-four-decade-tour-2019,2019 * Four Decade Tour,,,
TICKET_0448,SHOW_2019-05-31_AUSTIN,2019-05-31,Austin,TX,Paramount Theatre,tickets,kk-joe-jackson-2019-05-31.jpg,"Katy Costello Smith, U.S.A.","Joe Jackson (vocals, keyboards) ; Graham Maby (bass, vocals) ; Teddy Kumpel (guitar, vocals) ; Doug Yowell (drums, vocals)","Alchemy, One More Time, Is She Really Going Out With Him?, Another World, Fabulously Absolute, Strange Land, Goin' Downtown, Real Men, Dave, Rain (cover of The Beatles), Invisible Man, It's Different for Girls, Fool, Sunday Papers, King of the World (cover of Steely Dan), You Can't Get What You Want (Till You Know What You Want), Ode to Joy, I'm the Man, [Encore 1], Steppin' Out, Got the Time, Alchemy (reprise)",21.0,https://www.setlist.fm/setlist/joe-jackson/2019/paramount-theatre-austin-tx-5b91b7a4.html,,,https://www.setlist.fm/setlist/joe-jackson/2019/paramount-theatre-austin-tx-5b91b7a4.html,tour-four-decade-tour-2019,2019 * Four Decade Tour,,,
TICKET_0449,SHOW_2019-06-01_DALLAS,2019-06-01,Dallas,TX,Majestic Theatre,tickets,kk-joe-jackson-2019-06-01.jpg,"Lindsey Maglito Smith, U.S.A.","Joe Jackson (vocals, keyboards) ; Graham Maby (bass, vocals) ; Teddy Kumpel (guitar, vocals) ; Doug Yowell (drums, vocals)","Alchemy, One More Time, Is She Really Going Out With Him?, Big Black Cloud, Fabulously Absolute, Another World, Stranger Than Fiction, Drowning, Real Men, Rain (cover of The Beatles), Invisible Man, It's Different for Girls, Fool, Sunday Papers, King of the World (cover of Steely Dan), You Can't Get What You Want (Till You Know What You Want), Ode to Joy, I'm the Man, [Encore 1], Steppin' Out, Got the Time, Alchemy (reprise)",21.0,https://www.setlist.fm/setlist/joe-jackson/2019/majestic-theatre-dallas-tx-6391b2e7.html,,,https://www.setlist.fm/setlist/joe-jackson/2019/majestic-theatre-dallas-tx-6391b2e7.html,tour-four-decade-tour-2019,2019 * Four Decade Tour,,,
TICKET_0450,SHOW_2019-06-27_HANNOVER,2019-06-27,Hannover,Germany,Theater am Aegi,tickets,"kk-joe-jackson-2019-06-27.jpg, kk-joe-jackson-2019-06-27-2.jpg, kk-joe-jackson-2019-06-27-3.jpg","Gert Schaumlöffel, Germany","Joe Jackson (vocals, keyboards) ; Graham Maby (bass, vocals) ; Teddy Kumpel (guitar, vocals) ; Doug Yowell (drums, vocals)","Alchemy, One More Time, Is She Really Going Out With Him?, Another World, Fabulously Absolute, Strange Land, Obvious Song, The Other Me, Real Men, Rain (cover of The Beatles), Invisible Man, It's Different for Girls, Fool, Sunday Papers, King of the World (cover of Steely Dan), You Can't Get What You Want (Till You Know What You Want), Ode to Joy, I'm the Man, [Encore 1], Steppin' Out, Got the Time, Alchemy (reprise)",21.0,https://www.setlist.fm/setlist/joe-jackson/2019/theater-am-aegi-hanover-germany-4b916b8a.html,,,https://www.setlist.fm/setlist/joe-jackson/2019/theater-am-aegi-hanover-germany-4b916b8a.html,tour-four-decade-tour-2019,2019 * Four Decade Tour,,,
TICKET_0451,SHOW_2019-06-29_KARLSRUHE,2019-06-29,Karlsruhe,Germany,Tollhaus (Zeltival),tickets,kk-joe-jackson-2019-06-29.jpg,"Klaus Scherer, Germany","Joe Jackson (vocals, keyboards) ; Graham Maby (bass, vocals) ; Teddy Kumpel (guitar, vocals) ; Doug Yowell (drums, vocals)","Alchemy, One More Time, Is She Really Going Out With Him?, Another World, Fabulously Absolute, Strange Land, Obvious Song, The Other Me, Real Men, Rain (cover of The Beatles), Invisible Man, It's Different for Girls, Fool, Sunday Papers, King of the World (cover of Steely Dan), You Can't Get What You Want (Till You Know What You Want), Ode to Joy, I'm the Man, [Encore 1], Steppin' Out, Got the Time, Alchemy (reprise)",21.0,https://www.setlist.fm/setlist/joe-jackson/2019/kulturzentrum-tollhaus-karlsruhe-germany-3b916044.html,,,https://www.setlist.fm/setlist/joe-jackson/2019/kulturzentrum-tollhaus-karlsruhe-germany-3b916044.html,tour-four-decade-tour-2019,2019 * Four Decade Tour,,,
TICKET_0452,SHOW_2019-07-02_PARIS,2019-07-02,Paris,France,Le Cigale,tickets,"kk-joe-jackson-2019-07-02.jpg, kk-joe-jackson-2019-07-02-op.jpg","Olivier Popincourt, France","Joe Jackson (vocals, keyboards) ; Graham Maby (bass, vocals) ; Teddy Kumpel (guitar, vocals) ; Doug Yowell (drums, vocals)",,0.0,https://www.setlist.fm/setlist/joe-jackson/2019/la-cigale-paris-france-b914502.html,,,https://www.setlist.fm/setlist/joe-jackson/2019/la-cigale-paris-france-b914502.html,tour-four-decade-tour-2019,2019 * Four Decade Tour,,,
TICKET_0453,SHOW_2019-07-05_LYON,2019-07-05,Lyon,France,Le Transbordeur,tickets,"kk-joe-jackson-2019-07-05.jpg, kk-joe-jackson-2019-07-05-2.jpg","Gert Schaumlöffel, Germany","Joe Jackson (vocals, keyboards) ; Graham Maby (bass, vocals) ; Teddy Kumpel (guitar, vocals) ; Doug Yowell (drums, vocals)","Alchemy, One More Time, Is She Really Going Out With Him?, Big Black Cloud, Fabulously Absolute, Drowning, Real Men, Rain (cover of The Beatles), Invisible Man, It's Different for Girls, Fool, Sunday Papers, King of the World (cover of Steely Dan), You Can't Get What You Want (Till You Know What You Want), Ode to Joy, I'm the Man, [Encore 1], Steppin' Out, Got the Time, Alchemy (reprise)",19.0,https://www.setlist.fm/setlist/joe-jackson/2019/le-transbordeur-villeurbanne-france-5b9eaf84.html,,,https://www.setlist.fm/setlist/joe-jackson/2019/le-transbordeur-villeurbanne-france-5b9eaf84.html,tour-four-decade-tour-2019,2019 * Four Decade Tour,,,
TICKET_0454,SHOW_2019-07-06_BRUGESBRGGE,2019-07-06,Bruges (Brügge),Belgium,Cactus Festival,tickets,kk-joe-jackson-2019-07-06.jpg,"Ksenia Vorotyntseva, Russia","Joe Jackson (vocals, keyboards) ; Graham Maby (bass, vocals) ; Teddy Kumpel (guitar, vocals) ; Doug Yowell (drums, vocals)","One More Time, Is She Really Going Out With Him?, Fabulously Absolute, Strange Land, Another World, Real Men, Rain (cover of The Beatles), Invisible Man, It's Different for Girls, Fool, Sunday Papers, You Can't Get What You Want (Till You Know What You Want), Ode to Joy, I'm the Man, Steppin' Out",15.0,https://www.setlist.fm/setlist/joe-jackson/2019/minnewaterpark-bruges-belgium-39eb9cf.html,,,https://www.setlist.fm/setlist/joe-jackson/2019/minnewaterpark-bruges-belgium-39eb9cf.html,tour-four-decade-tour-2019,2019 * Four Decade Tour,,,
TICKET_0455,SHOW_2019-07-11_DRESDEN,2019-07-11,Dresden,Germany,Alter Schlachthof,tickets,kk-joe-jackson-2019-07-11.jpg,"Henrik Konarkowski, Russia","Joe Jackson (vocals, keyboards) ; Graham Maby (bass, vocals) ; Teddy Kumpel (guitar, vocals) ; Doug Yowell (drums, vocals)",,0.0,https://www.setlist.fm/setlist/joe-jackson/2019/alter-schlachthof-dresden-germany-738efad5.html,,,https://www.setlist.fm/setlist/joe-jackson/2019/alter-schlachthof-dresden-germany-738efad5.html,tour-four-decade-tour-2019,2019 * Four Decade Tour,,2019-02-17,covid cancellation
TICKET_0456,SHOW_2019-07-24_BARCELONA,2019-07-24,Barcelona,Spain,"Greg Festival de Barcelona, Barts",tickets,kk-joe-jackson-2019-07-24.jpg,carbobueno - Spain,"Joe Jackson (vocals, keyboards) ; Graham Maby (bass, vocals) ; Teddy Kumpel (guitar, vocals) ; Doug Yowell (drums, vocals)","Alchemy, One More Time, Is She Really Going Out With Him?, Big Black Cloud, Fabulously Absolute, Another World, Strange Land, Real Men, Invisible Man, It's Different for Girls, Fool, Sunday Papers, King of the World (cover of Steely Dan), You Can't Get What You Want (Till You Know What You Want), Ode to Joy, I'm the Man, [Encore 1], Steppin' Out, Got the Time, Alchemy (Reprise)",19.0,https://www.setlist.fm/setlist/joe-jackson/2019/barts-barcelona-spain-539e7bdd.html,,,https://www.setlist.fm/setlist/joe-jackson/2019/barts-barcelona-spain-539e7bdd.html,tour-four-decade-tour-2019,2019 * Four Decade Tour,,,
TICKET_0457,SHOW_2019-07-25_SANSEBASTIN,2019-07-25,San Sebastin,Spain,Kursaal Donostia (Heineken Jazzaldia),tickets,kk-joe-jackson-2019-07-25.jpg,"Kike Morey, Spain","Joe Jackson (vocals, keyboards) ; Graham Maby (bass, vocals) ; Teddy Kumpel (guitar, vocals) ; Doug Yowell (drums, vocals)","Alchemy, One More Time, Is She Really Going Out With Him?, Another World, Fabulously Absolute, Strange Land, Goin' Downtown, Real Men, Rain (cover of The Beatles), Invisible Man, It's Different for Girls, Fool, Sunday Papers, You Can't Get What You Want (Till You Know What You Want), Ode to Joy, I'm the Man, [Encore 1], Steppin' Out, Got the Time, Alchemy (reprise)",19.0,https://www.setlist.fm/setlist/joe-jackson/2019/teatro-kursaal-san-sebastian-spain-139e0949.html,https://youtu.be/VZzDxy8oL4o,,https://www.setlist.fm/setlist/joe-jackson/2019/teatro-kursaal-san-sebastian-spain-139e0949.html,tour-four-decade-tour-2019,2019 * Four Decade Tour,,,
TICKET_0458,SHOW_2019-01-01_MILWAUKEE,,Milwaukee,WI,,passes,kk-joe-jackson-2019-05-06-2.jpg,"Tracy Solomon, U.S.A.","Joe Jackson (vocals, keyboards) ; Graham Maby (bass, vocals) ; Teddy Kumpel (guitar, vocals) ; Doug Yowell (drums, vocals)",,0.0,,,,,tour-2019-four-decade-tour,2019 * Four Decade Tour,,,
TICKET_0459,SHOW_2019-01-01_BERLIN,,Berlin,Germany,,passes,kk-joe-jackson-2019-pass-berlin.jpg,"Gert Schaumlöffel, Germany","Joe Jackson (vocals, keyboards) ; Graham Maby (bass, vocals) ; Teddy Kumpel (guitar, vocals) ; Doug Yowell (drums, vocals)",,0.0,,,,,tour-2019-four-decade-tour,2019 * Four Decade Tour,,,
TICKET_0460,SHOW_2012-09-18_GLENSIDE,2012-09-18,Glenside,PA,Keswick Theatre,tickets,kk-joe-jackson-2012-09-18.jpg,"John Nyman, U.S.A.","Joe Jackson (vocals, keyboards, accordion) ; Regina Carter (violin) ; Sue Hadjopoulos (percussion) ; Allison Cornell (keyboards, viola, vocals) ; Jesse Murphy (bass, tuba) ; Adam Rogers (guitar) ; Nate Smith (drums)","It Don't Mean a Thing (If It Ain't Got That Swing) (cover of Duke Ellington and His Orchestra), Be My Number Two, In a Sentimental Mood (cover of Duke Ellington and His Orchestra), Caravan (cover of Duke Ellington and His Orchestra), You Can't Get What You Want (Till You Know What You Want), Breaking Us in Two, I'm Beginning to See the Light / Taking the 'A' Train / Cotton Tail, Mood Indigo (cover of Duke Ellington and His Orchestra), Rockin' in Rhythm (cover of Duke Ellington and His Orchestra), Invisible Man, The Other Me, Home Town, Perdido / Satin Doll, The Mooche / Black and Tan Fantasy, It's Different for Girls, Another World, Target, Steppin' Out, It Don't Mean a Thing (If It Ain't Got That Swing) (partial, solo, cover of Duke Ellington and His Orchestra), [Encore 1], Is She Really Going Out With Him?, Sunday Papers, A Slow Song",24.0,https://www.setlist.fm/setlist/joe-jackson/2012/keswick-theatre-glenside-pa-43dd8f67.html,,,https://www.setlist.fm/setlist/joe-jackson/2012/keswick-theatre-glenside-pa-43dd8f67.html,tour-world-tour-2012,2012 * World Tour 2012,,,
TICKET_0461,SHOW_2012-09-21_NEWYORK,2012-09-21,New York,NY,Town Hall,tickets,"kk-joe-jackson-2012-09-21.jpg, kk-joe-jackson-2012-09-21-2.jpg","Gert Schaumlöffel, Germany","Joe Jackson (vocals, keyboards, accordion) ; Regina Carter (violin) ; Sue Hadjopoulos (percussion) ; Allison Cornell (keyboards, viola, vocals) ; Jesse Murphy (bass, tuba) ; Adam Rogers (guitar) ; Nate Smith (drums)","It Don't Mean a Thing (If It Ain't Got That Swing) (solo, cover of Duke Ellington and His Orchestra), Be My Number Two (solo), In a Sentimental Mood (cover of Duke Ellington and His Orchestra), Caravan (cover of Duke Ellington and His Orchestra), You Can't Get What You Want (Till You Know What You Want), Breaking Us in Two, I'm Beginning to See the Light / Taking the 'A' Train / Cotton Tail, Mood Indigo (cover of Duke Ellington and His Orchestra), Rockin' in Rhythm (cover of Duke Ellington and His Orchestra), Invisible Man, The Other Me, Home Town, Perdido / Satin Doll, The Mooche / Black and Tan Fantasy, Another World, Target, Steppin' Out, It Don't Mean a Thing (If It Ain't Got That Swing) (reprise, cover of Duke Ellington and His Orchestra), [Encore 1], Is She Really Going Out With Him?, Sunday Papers, A Slow Song (full band, then solo)",24.0,https://www.setlist.fm/setlist/joe-jackson/2012/the-town-hall-new-york-ny-1bddf9cc.html,,,https://www.setlist.fm/setlist/joe-jackson/2012/the-town-hall-new-york-ny-1bddf9cc.html,tour-world-tour-2012,2012 * World Tour 2012,,,
TICKET_0462,SHOW_2012-09-22_NEWYORK,2012-09-22,New York,NY,Town Hall,tickets,kk-joe-jackson-2012-09-22.jpg,"Gert Schaumlöffel, Germany","Joe Jackson (vocals, keyboards, accordion) ; Regina Carter (violin) ; Sue Hadjopoulos (percussion) ; Allison Cornell (keyboards, viola, vocals) ; Jesse Murphy (bass, tuba) ; Adam Rogers (guitar) ; Nate Smith (drums)","It Don't Mean a Thing (If It Ain't Got That Swing) (cover of Duke Ellington and His Orchestra), Be My Number Two, In a Sentimental Mood (cover of Duke Ellington and His Orchestra), Caravan (cover of Duke Ellington and His Orchestra), You Can't Get What You Want (Till You Know What You Want), Breaking Us in Two, I'm Beginning to See the Light / Taking the 'A' Train / Cotton Tail, Mood Indigo (cover of Duke Ellington and His Orchestra), Rockin' in Rhythm (cover of Duke Ellington and His Orchestra), Invisible Man, My House, Home Town, Perdido / Satin Doll, The Mooche / Black and Tan Fantasy, Another World, Target, Steppin' Out, It Don't Mean a Thing (If It Ain't Got That Swing) (cover of Duke Ellington and His Orchestra), [Encore 1], Is She Really Going Out With Him?, Sunday Papers, A Slow Song",21.0,https://www.setlist.fm/setlist/joe-jackson/2012/the-town-hall-new-york-ny-23ddf88f.html,,,https://www.setlist.fm/setlist/joe-jackson/2012/the-town-hall-new-york-ny-23ddf88f.html,tour-world-tour-2012,2012 * World Tour 2012,,,
TICKET_0463,SHOW_2012-09-25_REDBANK,2012-09-25,Red Bank,NJ,Count Basie Theatre,tickets,kk-joe-jackson-2012-09-25.jpg,"Gert Schaumlöffel, Germany","Joe Jackson (vocals, keyboards, accordion) ; Regina Carter (violin) ; Sue Hadjopoulos (percussion) ; Allison Cornell (keyboards, viola, vocals) ; Jesse Murphy (bass, tuba) ; Adam Rogers (guitar) ; Nate Smith (drums)","It Don't Mean a Thing (If It Ain't Got That Swing) (cover of Duke Ellington and His Orchestra), Be My Number Two, In a Sentimental Mood (cover of Duke Ellington and His Orchestra), Caravan (cover of Duke Ellington and His Orchestra), You Can't Get What You Want (Till You Know What You Want), Breaking Us in Two, I'm Beginning to See the Light / Taking the 'A' Train / Cotton Tail, Mood Indigo (cover of Duke Ellington and His Orchestra), Rockin' in Rhythm (cover of Duke Ellington and His Orchestra), Invisible Man, The Other Me, Home Town, Perdido / Satin Doll, The Mooche / Black and Tan Fantasy, It's Different for Girls, Another World, Target, Steppin' Out, It Don't Mean a Thing (If It Ain't Got That Swing) (partial, solo, cover of Duke Ellington and His Orchestra), [Encore 1], Is She Really Going Out With Him?, Sunday Papers, A Slow Song",24.0,https://www.setlist.fm/setlist/joe-jackson/2012/count-basie-theatre-red-bank-nj-1bdde1e0.html,,,https://www.setlist.fm/setlist/joe-jackson/2012/count-basie-theatre-red-bank-nj-1bdde1e0.html,tour-world-tour-2012,2012 * World Tour 2012,,,
TICKET_0464,SHOW_2012-09-27_ANNARBOR,2012-09-27,Ann Arbor,MI,Michigan Theatre,tickets,kk-joe-jackson-2012-09-27.jpg,"Gert Schaumlöffel, Germany","Joe Jackson (vocals, keyboards, accordion) ; Regina Carter (violin) ; Sue Hadjopoulos (percussion) ; Allison Cornell (keyboards, viola, vocals) ; Jesse Murphy (bass, tuba) ; Adam Rogers (guitar) ; Nate Smith (drums)","It Don't Mean a Thing (If It Ain't Got That Swing) (partial, solo, cover of Duke Ellington and His Orchestra), Be My Number Two, In a Sentimental Mood (cover of Duke Ellington and His Orchestra), Caravan (cover of Duke Ellington and His Orchestra), You Can't Get What You Want (Till You Know What You Want), It's Different for Girls, I'm Beginning to See the Light / Taking the 'A' Train / Cotton Tail, Mood Indigo (cover of Duke Ellington and His Orchestra), Rockin' in Rhythm (cover of Duke Ellington and His Orchestra), We Can't Live Together, Real Men, Perdido / Satin Doll, The Mooche / Black and Tan Fantasy, Another World, Target, Steppin' Out, It Don't Mean a Thing (If It Ain't Got That Swing) (cover of Duke Ellington and His Orchestra), [Encore 1], Is She Really Going Out With Him?, Sunday Papers, A Slow Song",22.0,https://www.setlist.fm/setlist/joe-jackson/2012/michigan-theatre-ann-arbor-mi-53dddbf5.html,,,https://www.setlist.fm/setlist/joe-jackson/2012/michigan-theatre-ann-arbor-mi-53dddbf5.html,tour-world-tour-2012,2012 * World Tour 2012,,,
TICKET_0465,SHOW_2012-10-04_SARATOGA,2012-10-04,Saratoga,CA,The Lilian Fontaine Garden Theatre at Montalvo,tickets,kk-joe-jackson-2012-10-04.jpg,"Gert Schaumlöffel, Germany","Joe Jackson (vocals, keyboards, accordion) ; Regina Carter (violin) ; Sue Hadjopoulos (percussion) ; Allison Cornell (keyboards, viola, vocals) ; Jesse Murphy (bass, tuba) ; Adam Rogers (guitar) ; Nate Smith (drums)",,0.0,https://www.setlist.fm/setlist/joe-jackson/2012/montalvo-garden-theatre-saratoga-ca-13c4c9c5.html,,,https://www.setlist.fm/setlist/joe-jackson/2012/montalvo-garden-theatre-saratoga-ca-13c4c9c5.html,tour-world-tour-2012,2012 * World Tour 2012,,,
TICKET_0466,SHOW_2012-10-16_KLNCOLOGNE,2012-10-16,Köln (Cologne),Germany,Theater am Tanzbrunnen,tickets,kk-joe-jackson-2012-10-16.jpg,"Gert Schaumlöffel, Germany","Joe Jackson (vocals, keyboards, accordion) ; Regina Carter (violin) ; Sue Hadjopoulos (percussion) ; Allison Cornell (keyboards, viola, vocals) ; Jesse Murphy (bass, tuba) ; Adam Rogers (guitar) ; Nate Smith (drums)","It Don't Mean a Thing (If It Ain't Got That Swing) (cover of Duke Ellington and His Orchestra), Be My Number Two (Solo), It's Different for Girls, Caravan (cover of Duke Ellington and His Orchestra), You Can't Get What You Want (Till You Know What You Want), I'm Beginning to See the Light / Taking the 'A' Train / Cotton Tail, Mood Indigo (cover of Duke Ellington and His Orchestra), Rockin' in Rhythm (cover of Duke Ellington and His Orchestra), Invisible Man, The Other Me, Home Town, Perdido / Satin Doll, The Mooche / Black and Tan Fantasy, Another World, Target, Steppin' Out, It Don't Mean a Thing (If It Ain't Got That Swing) (cover of Duke Ellington and His Orchestra), Is She Really Going Out With Him?, Sunday Papers, A Slow Song",20.0,https://www.setlist.fm/setlist/joe-jackson/2012/tanzbrunnen-cologne-germany-43cebf87.html,,,https://www.setlist.fm/setlist/joe-jackson/2012/tanzbrunnen-cologne-germany-43cebf87.html,tour-world-tour-2012,2012 * World Tour 2012,,,
TICKET_0467,SHOW_2012-10-19_MNCHENMUNICH,2012-10-19,München (Munich),Germany,Circus Krone,tickets,kk-joe-jackson-2012-10-19.jpg,"Stefan ?????, Germany","Joe Jackson (vocals, keyboards, accordion) ; Regina Carter (violin) ; Sue Hadjopoulos (percussion) ; Allison Cornell (keyboards, viola, vocals) ; Jesse Murphy (bass, tuba) ; Adam Rogers (guitar) ; Nate Smith (drums)",,0.0,https://www.setlist.fm/setlist/joe-jackson/2012/circus-krone-munich-germany-bdd7d9e.html,,,https://www.setlist.fm/setlist/joe-jackson/2012/circus-krone-munich-germany-bdd7d9e.html,tour-world-tour-2012,2012 * World Tour 2012,,,
TICKET_0468,SHOW_2012-10-26_STRASBOURG,2012-10-26,Strasbourg,France,La Laiterie,tickets,kk-joe-jackson-2012-10-26.jpg,"Gert Schaumlöffel, Germany","Joe Jackson (vocals, keyboards, accordion) ; Regina Carter (violin) ; Sue Hadjopoulos (percussion) ; Allison Cornell (keyboards, viola, vocals) ; Jesse Murphy (bass, tuba) ; Adam Rogers (guitar) ; Nate Smith (drums)","It Don't Mean a Thing (If It Ain't Got That Swing) (Joe solo, reprise, cover of Duke Ellington and His Orchestra), It's Different for Girls, Caravan (cover of Duke Ellington and His Orchestra), You Can't Get What You Want (Till You Know What You Want), I'm Beginning to See the Light / Taking the 'A' Train / Cotton Tail, Mood Indigo (cover of Duke Ellington and His Orchestra), Rockin' in Rhythm (cover of Duke Ellington and His Orchestra), Invisible Man, We Can't Live Together, Home Town, Perdido / Satin Doll, The Mooche / Black and Tan Fantasy, Another World, Target, Steppin' Out, It Don't Mean a Thing (If It Ain't Got That Swing) (full band, reprise, cover of Duke Ellington and His Orchestra), [Encore 1], Is She Really Going Out With Him? (new arrangement), Sunday Papers, A Slow Song (band fade out leaving Joe solo)",23.0,https://www.setlist.fm/setlist/joe-jackson/2012/la-laiterie-strasbourg-france-4bdd5fee.html,,,https://www.setlist.fm/setlist/joe-jackson/2012/la-laiterie-strasbourg-france-4bdd5fee.html,tour-world-tour-2012,2012 * World Tour 2012,,,
TICKET_0469,SHOW_2012-11-02_AMSTERDAM,2012-11-02,Amsterdam,Netherlands,Melkweg,tickets,kk-joe-jackson-2012-11-02.jpg,"Lammert Veen, Netherlands","Joe Jackson (vocals, keyboards, accordion) ; Regina Carter (violin) ; Sue Hadjopoulos (percussion) ; Allison Cornell (keyboards, viola, vocals) ; Jesse Murphy (bass, tuba) ; Adam Rogers (guitar) ; Nate Smith (drums)","It Don't Mean a Thing (If It Ain't Got That Swing) (cover of Duke Ellington and His Orchestra), It's Different for Girls, Caravan (cover of Duke Ellington and His Orchestra), You Can't Get What You Want (Till You Know What You Want), I'm Beginning to See the Light / Taking the 'A' Train / Cotton Tail, Mood Indigo (cover of Duke Ellington and His Orchestra), Rockin' in Rhythm (cover of Duke Ellington and His Orchestra), Invisible Man, Be My Number Two, Stranger Than Fiction, Home Town, The Mooche / Black and Tan Fantasy, Perdido / Satin Doll, Another World, Target, Steppin' Out, It Don't Mean a Thing (If It Ain't Got That Swing) (cover of Duke Ellington and His Orchestra), [Encore 1], Is She Really Going Out With Him?, Sunday Papers, A Slow Song",20.0,https://www.setlist.fm/setlist/joe-jackson/2012/the-max-amsterdam-netherlands-13dabdc5.html,,,https://www.setlist.fm/setlist/joe-jackson/2012/the-max-amsterdam-netherlands-13dabdc5.html,tour-world-tour-2012,2012 * World Tour 2012,,,
TICKET_0470,SHOW_2012-11-03_UTRECHT,2012-11-03,Utrecht,Netherlands,Vredenburg Leidsche Rijn,tickets,kk-joe-jackson-2012-11-03.jpg,"Gert Schaumlöffel, Germany","Joe Jackson (vocals, keyboards, accordion) ; Regina Carter (violin) ; Sue Hadjopoulos (percussion) ; Allison Cornell (keyboards, viola, vocals) ; Jesse Murphy (bass, tuba) ; Adam Rogers (guitar) ; Nate Smith (drums)","It Don't Mean a Thing (If It Ain't Got That Swing) (cover of Duke Ellington and His Orchestra), It's Different for Girls, Caravan (cover of Duke Ellington and His Orchestra), You Can't Get What You Want (Till You Know What You Want), Breaking Us in Two, I'm Beginning to See the Light / Taking the 'A' Train / Cotton Tail, Mood Indigo (cover of Duke Ellington and His Orchestra), Rockin' in Rhythm (cover of Duke Ellington and His Orchestra), Invisible Man, We Can't Live Together, Home Town, Perdido / Satin Doll, The Mooche / Black and Tan Fantasy, Another World, Target, Steppin' Out, It Don't Mean a Thing (If It Ain't Got That Swing) (cover of Duke Ellington and His Orchestra), [Encore 1], Is She Really Going Out With Him?, Sunday Papers, A Slow Song",20.0,https://www.setlist.fm/setlist/joe-jackson/2012/vredenburg-leidsche-rijn-utrecht-netherlands-7bc83e9c.html,,,https://www.setlist.fm/setlist/joe-jackson/2012/vredenburg-leidsche-rijn-utrecht-netherlands-7bc83e9c.html,tour-world-tour-2012,2012 * World Tour 2012,,,
TICKET_0471,SHOW_2012-11-04_GRONINGEN,2012-11-04,Groningen,Netherlands,"De Osterport, Grote Zaal",tickets,kk-joe-jackson-2012-11-04.jpg,"Bert Bos, Netherlands","Joe Jackson (vocals, keyboards, accordion) ; Regina Carter (violin) ; Sue Hadjopoulos (percussion) ; Allison Cornell (keyboards, viola, vocals) ; Jesse Murphy (bass, tuba) ; Adam Rogers (guitar) ; Nate Smith (drums)","It Don't Mean a Thing (If It Ain't Got That Swing) (cover of Duke Ellington and His Orchestra), It's Different for Girls, Caravan (cover of Duke Ellington and His Orchestra), You Can't Get What You Want (Till You Know What You Want), Real Men, I'm Beginning to See the Light / Taking the 'A' Train / Cotton Tail, Mood Indigo (cover of Duke Ellington and His Orchestra), Rockin' in Rhythm (cover of Duke Ellington and His Orchestra), Invisible Man, My House, Home Town, The Mooche / Black and Tan Fantasy, Perdido / Satin Doll, Another World, Target, Steppin' Out, It Don't Mean a Thing (If It Ain't Got That Swing) (cover of Duke Ellington and His Orchestra), [Encore 1], Is She Really Going Out With Him?, Sunday Papers, A Slow Song",20.0,https://www.setlist.fm/setlist/joe-jackson/2012/de-oosterpoort-groningen-netherlands-2beff0d2.html,,,https://www.setlist.fm/setlist/joe-jackson/2012/de-oosterpoort-groningen-netherlands-2beff0d2.html,tour-world-tour-2012,2012 * World Tour 2012,,,
TICKET_0472,SHOW_2012-11-06_BERLIN,2012-11-06,Berlin,Germany,Admiralspalast,tickets,kk-joe-jackson-2012-11-06.jpg,"Rolf Thalmann, Germany","Joe Jackson (vocals, keyboards, accordion) ; Regina Carter (violin) ; Sue Hadjopoulos (percussion) ; Allison Cornell (keyboards, viola, vocals) ; Jesse Murphy (bass, tuba) ; Adam Rogers (guitar) ; Nate Smith (drums)","It Don't Mean a Thing (If It Ain't Got That Swing) (cover of Duke Ellington and His Orchestra), It's Different for Girls, Caravan (cover of Duke Ellington and His Orchestra), You Can't Get What You Want (Till You Know What You Want), I'm Beginning to See the Light / Taking the 'A' Train / Cotton Tail, Mood Indigo (cover of Duke Ellington and His Orchestra), Rockin' in Rhythm (cover of Duke Ellington and His Orchestra), Invisible Man, Be My Number Two, Stranger Than Fiction, Home Town, The Mooche / Black and Tan Fantasy, Perdido / Satin Doll, Another World, Target, Steppin' Out, It Don't Mean a Thing (If It Ain't Got That Swing) (cover of Duke Ellington and His Orchestra), [Encore 1], Is She Really Going Out With Him?, Sunday Papers, A Slow Song",20.0,https://www.setlist.fm/setlist/joe-jackson/2012/admiralspalast-berlin-germany-7bedb2b0.html,,,https://www.setlist.fm/setlist/joe-jackson/2012/admiralspalast-berlin-germany-7bedb2b0.html,tour-world-tour-2012,2012 * World Tour 2012,,,
TICKET_0473,SHOW_2012-11-08_LONDON,2012-11-08,London,U.K.,Cadogan Hall,tickets,kk-joe-jackson-2012-11-08.jpg,"Alex Wilde, U.K.","Joe Jackson (vocals, keyboards, accordion) ; Regina Carter (violin) ; Sue Hadjopoulos (percussion) ; Allison Cornell (keyboards, viola, vocals) ; Jesse Murphy (bass, tuba) ; Adam Rogers (guitar) ; Nate Smith (drums)","It Don't Mean a Thing (If It Ain't Got That Swing) (cover of Duke Ellington and His Orchestra), It's Different for Girls, Caravan (cover of Duke Ellington and His Orchestra), You Can't Get What You Want (Till You Know What You Want), I'm Beginning to See the Light / Taking the 'A' Train / Cotton Tail, Mood Indigo (cover of Duke Ellington and His Orchestra), Rockin' in Rhythm (cover of Duke Ellington and His Orchestra), Invisible Man, Be My Number Two, We Can't Live Together, Home Town, Perdido / Satin Doll, The Mooche / Black and Tan Fantasy, Another World, Target, Steppin' Out, It Don't Mean a Thing (If It Ain't Got That Swing) (partial, solo, cover of Duke Ellington and His Orchestra), [Encore 1], Is She Really Going Out With Him?, Sunday Papers, A Slow Song",22.0,https://www.setlist.fm/setlist/joe-jackson/2012/cadogan-hall-london-england-63d922d3.html,,,https://www.setlist.fm/setlist/joe-jackson/2012/cadogan-hall-london-england-63d922d3.html,tour-world-tour-2012,2012 * World Tour 2012,,,
TICKET_0474,SHOW_2012-11-10_LONDON,2012-11-10,London,U.K.,Cadogan Hall,tickets,kk-joe-jackson-2012-11-10.jpg,"Mike Baggaley, U.K.","Joe Jackson (vocals, keyboards, accordion) ; Regina Carter (violin) ; Sue Hadjopoulos (percussion) ; Allison Cornell (keyboards, viola, vocals) ; Jesse Murphy (bass, tuba) ; Adam Rogers (guitar) ; Nate Smith (drums)","It Don't Mean a Thing (If It Ain't Got That Swing) (cover of Duke Ellington and His Orchestra), It's Different for Girls, Caravan (cover of Duke Ellington and His Orchestra), You Can't Get What You Want (Till You Know What You Want), Real Men, I'm Beginning to See the Light / Taking the 'A' Train / Cotton Tail, Mood Indigo (cover of Duke Ellington and His Orchestra), Rockin' in Rhythm (cover of Duke Ellington and His Orchestra), Invisible Man, My House, The Other Me, Home Town, The Mooche / Black and Tan Fantasy, Perdido / Satin Doll, Another World, Target, Steppin' Out, It Don't Mean a Thing (If It Ain't Got That Swing) (cover of Duke Ellington and His Orchestra), [Encore 1], Is She Really Going Out With Him?, Sunday Papers, A Slow Song",21.0,https://www.setlist.fm/setlist/joe-jackson/2012/cadogan-hall-london-england-13da8ddd.html,,,https://www.setlist.fm/setlist/joe-jackson/2012/cadogan-hall-london-england-13da8ddd.html,tour-world-tour-2012,2012 * World Tour 2012,,,
TICKET_0475,SHOW_2012-11-11_PARIS,2012-11-11,Paris,France,L'Olympia,tickets,kk-joe-jackson-2012-11-11-op.jpg,"Olivier Popincourt, France","Joe Jackson (vocals, keyboards, accordion) ; Regina Carter (violin) ; Sue Hadjopoulos (percussion) ; Allison Cornell (keyboards, viola, vocals) ; Jesse Murphy (bass, tuba) ; Adam Rogers (guitar) ; Nate Smith (drums)","It Don't Mean a Thing (If It Ain't Got That Swing) (cover of Duke Ellington and His Orchestra), It's Different for Girls, Caravan (cover of Duke Ellington and His Orchestra), You Can't Get What You Want (Till You Know What You Want), I'm Beginning to See the Light / Taking the 'A' Train / Cotton Tail, Mood Indigo (cover of Duke Ellington and His Orchestra), Rockin' in Rhythm (cover of Duke Ellington and His Orchestra), Invisible Man, Be My Number Two, Stranger Than Fiction, Home Town, Perdido / Satin Doll, The Mooche / Black and Tan Fantasy, Another World, Target, Steppin' Out, It Don't Mean a Thing (If It Ain't Got That Swing) (cover of Duke Ellington and His Orchestra), [Encore 1], Is She Really Going Out With Him?, Sunday Papers, A Slow Song",20.0,https://www.setlist.fm/setlist/joe-jackson/2012/lolympia-bruno-coquatrix-paris-france-73db0681.html,https://youtu.be/PQjz7fUT0sc,,https://www.setlist.fm/setlist/joe-jackson/2012/lolympia-bruno-coquatrix-paris-france-73db0681.html,tour-world-tour-2012,2012 * World Tour 2012,,,
TICKET_0476,SHOW_2012-11-16_ANTWERP,2012-11-16,Antwerp,Belgium,Muziekcentrum Trix,tickets,kk-joe-jackson-2012-11-16.jpg,"Bert Bos, Netherlands","Joe Jackson (vocals, keyboards, accordion) ; Regina Carter (violin) ; Sue Hadjopoulos (percussion) ; Allison Cornell (keyboards, viola, vocals) ; Jesse Murphy (bass, tuba) ; Adam Rogers (guitar) ; Nate Smith (drums)","It Don't Mean a Thing (If It Ain't Got That Swing) (Joe Solo, cover of Duke Ellington and His Orchestra), It's Different for Girls, Caravan (cover of Duke Ellington and His Orchestra), You Can't Get What You Want (Till You Know What You Want), I'm Beginning to See the Light / Taking the 'A' Train / Cotton Tail, Mood Indigo (cover of Duke Ellington and His Orchestra), Rockin' in Rhythm (cover of Duke Ellington and His Orchestra), Invisible Man, Be My Number Two, We Can't Live Together, Home Town, Perdido / Satin Doll, The Mooche / Black and Tan Fantasy, Another World, Target, Steppin' Out, It Don't Mean a Thing (If It Ain't Got That Swing) (cover of Duke Ellington and His Orchestra), [Encore 1], Is She Really Going Out With Him?, Sunday Papers, A Slow Song",21.0,https://www.setlist.fm/setlist/joe-jackson/2012/trix-borgerhout-belgium-4bdaf7be.html,,,https://www.setlist.fm/setlist/joe-jackson/2012/trix-borgerhout-belgium-4bdaf7be.html,tour-world-tour-2012,2012 * World Tour 2012,,,
TICKET_0477,SHOW_2012-11-17_AMIENS,2012-11-17,Amiens,France,Auditorium Mégacité,tickets,kk-joe-jackson-2012-11-17.jpg,"Gert Schaumlöffel, Germany","Joe Jackson (vocals, keyboards, accordion) ; Regina Carter (violin) ; Sue Hadjopoulos (percussion) ; Allison Cornell (keyboards, viola, vocals) ; Jesse Murphy (bass, tuba) ; Adam Rogers (guitar) ; Nate Smith (drums)","It Don't Mean a Thing (If It Ain't Got That Swing) (cover of Duke Ellington and His Orchestra), It's Different for Girls, Caravan (cover of Duke Ellington and His Orchestra), You Can't Get What You Want (Till You Know What You Want), Real Men, I'm Beginning to See the Light / Taking the 'A' Train / Cotton Tail, Mood Indigo (cover of Duke Ellington and His Orchestra), Rockin' in Rhythm (cover of Duke Ellington and His Orchestra), Invisible Man, The Other Me, Home Town, Perdido / Satin Doll, The Mooche / Black and Tan Fantasy, Another World, Target, Steppin' Out, It Don't Mean a Thing (If It Ain't Got That Swing) (cover of Duke Ellington and His Orchestra), [Encore 1], Is She Really Going Out With Him?, Sunday Papers, A Slow Song",20.0,https://www.setlist.fm/setlist/joe-jackson/2012/megacite-amiens-france-638efa07.html,,,https://www.setlist.fm/setlist/joe-jackson/2012/megacite-amiens-france-638efa07.html,tour-world-tour-2012,2012 * World Tour 2012,,,
TICKET_0478,SHOW_2012-09-21_NEWYORK,2012-09-21,New York,NY,The Town Hall,passes,kk-joe-jackson-2012-pass-1.jpg,"Gert Schaumlöffel, Germany","Joe Jackson (vocals, keyboards, accordion) ; Regina Carter (violin) ; Sue Hadjopoulos (percussion) ; Allison Cornell (keyboards, viola, vocals) ; Jesse Murphy (bass, tuba) ; Adam Rogers (guitar) ; Nate Smith (drums)","It Don't Mean a Thing (If It Ain't Got That Swing) (solo, cover of Duke Ellington and His Orchestra), Be My Number Two (solo), In a Sentimental Mood (cover of Duke Ellington and His Orchestra), Caravan (cover of Duke Ellington and His Orchestra), You Can't Get What You Want (Till You Know What You Want), Breaking Us in Two, I'm Beginning to See the Light / Taking the 'A' Train / Cotton Tail, Mood Indigo (cover of Duke Ellington and His Orchestra), Rockin' in Rhythm (cover of Duke Ellington and His Orchestra), Invisible Man, The Other Me, Home Town, Perdido / Satin Doll, The Mooche / Black and Tan Fantasy, Another World, Target, Steppin' Out, It Don't Mean a Thing (If It Ain't Got That Swing) (reprise, cover of Duke Ellington and His Orchestra), [Encore 1], Is She Really Going Out With Him?, Sunday Papers, A Slow Song (full band, then solo)",24.0,https://www.setlist.fm/setlist/joe-jackson/2012/the-town-hall-new-york-ny-1bddf9cc.html,,,https://www.setlist.fm/setlist/joe-jackson/2012/the-town-hall-new-york-ny-1bddf9cc.html,tour-world-tour-2012,2012 * World Tour 2012,,,
TICKET_0479,SHOW_2012-01-01_2012,,,,,passes,kk-joe-jackson-2012-pass-2.jpg,"Gert Schaumlöffel, Germany","Joe Jackson (vocals, keyboards, accordion) ; Regina Carter (violin) ; Sue Hadjopoulos (percussion) ; Allison Cornell (keyboards, viola, vocals) ; Jesse Murphy (bass, tuba) ; Adam Rogers (guitar) ; Nate Smith (drums)",,0.0,,,,,tour-2012-world-tour-2012,2012 * World Tour 2012,,,
TICKET_0480,SHOW_1995-01-20_PORTHSMOUTH,1995-01-20,Porthsmouth,U.K.,Guildhall,tickets,kk-joe-jackson-1995-01-20.jpg,"Ian Bowes, South Africa","Joe Jackson (vocals, piano, keyboards) ; Graham Maby (bass, vocals) ; Mary Rowell (violin) ; Dan Hickey (drums)","Home Town, Real Men, Nocturne No. 4, Is She Really Going Out With Him? / It's Different for Girls, Stranger Than Fiction, The Other Me, Down to London, Sea of Secrets, Nocturne No. 2, The Man Who Wrote Danny Boy, Ever After, Only the Future, Another World, Chinatown, Breaking Us in Two, You Can't Get What You Want (Till You Know What You Want), [Encore 1], Got the Time, What’s the Use of Getting Sober (When You’re Gonna Get Drunk Again)? (cover of Louis Jordan and His Tympany Five), I'm the Man, Steppin' Out",20.0,https://www.setlist.fm/setlist/joe-jackson/1995/portsmouth-guildhall-portsmouth-england-7b87ba08.html,,,https://www.setlist.fm/setlist/joe-jackson/1995/portsmouth-guildhall-portsmouth-england-7b87ba08.html,tour-night-music-1995,"1994 / 1995 * The ""Night Music"" Tour",,,
TICKET_0481,SHOW_1995-01-21_LONDON,1995-01-21,London,U.K.,Hammersmith Apollo,tickets,"kk-joe-jackson-1995-01-21.jpg, kk-joe-jackson-1995-01-21-2.jpg","Gert Schaumlöffel, Germany","Joe Jackson (vocals, piano, keyboards) ; Graham Maby (bass, vocals) ; Mary Rowell (violin) ; Dan Hickey (drums)","Home Town, Real Men, Nocturne No. 4, Is She Really Going Out With Him? / It's Different for Girls, Stranger Than Fiction, The Other Me, Down to London, Sea of Secrets, Nocturne No. 2, The Man Who Wrote Danny Boy, Ever After, Only the Future, Another World, Chinatown, Breaking Us in Two, You Can't Get What You Want (Till You Know What You Want), [Encore 1], Got the Time, What’s the Use of Getting Sober (When You’re Gonna Get Drunk Again)? (cover of Louis Jordan and His Tympany Five), I'm the Man, Steppin' Out",20.0,https://www.setlist.fm/setlist/joe-jackson/1995/labatts-apollo-hammersmith-london-england-7bd92294.html,,,https://www.setlist.fm/setlist/joe-jackson/1995/labatts-apollo-hammersmith-london-england-7bd92294.html,tour-night-music-1995,"1994 / 1995 * The ""Night Music"" Tour",,,
TICKET_0482,SHOW_1995-01-23_BRISTOL,1995-01-23,Bristol,U.K.,Colston Hall,tickets,kk-joe-jackson-1995-01-23.jpg,"Gert Schaumlöffel, Germany","Joe Jackson (vocals, piano, keyboards) ; Graham Maby (bass, vocals) ; Mary Rowell (violin) ; Dan Hickey (drums)",,0.0,https://www.setlist.fm/setlist/joe-jackson/1995/colston-hall-bristol-U.K.-639a9a0b.html,,,https://www.setlist.fm/setlist/joe-jackson/1995/colston-hall-bristol-england-639a9a0b.html,tour-night-music-1995,"1994 / 1995 * The ""Night Music"" Tour",,,
TICKET_0483,SHOW_1995-01-25_NOTTINGHAM,1995-01-25,Nottingham,U.K.,Royal Concert Hall,tickets,kk-gs-joe-jackson-1995-01-25.jpg,"Gert Schaumlöffel, Germany","Joe Jackson (vocals, piano, keyboards) ; Graham Maby (bass, vocals) ; Mary Rowell (violin) ; Dan Hickey (drums)","Home Town, Real Men, Nocturne No. 4, Is She Really Going Out With Him? / It's Different for Girls, Wild West, The Other Me, Down to London, Sea of Secrets, The Man Who Wrote Danny Boy, Ever After, Only the Future, Another World, Chinatown, Breaking Us in Two, You Can't Get What You Want (Till You Know What You Want), Got the Time, I'm the Man, Steppin' Out",18.0,https://www.setlist.fm/setlist/joe-jackson/1995/theatre-royal-and-royal-concert-hall-nottingham-england-bc88d1e.html,,,https://www.setlist.fm/setlist/joe-jackson/1995/theatre-royal-and-royal-concert-hall-nottingham-england-bc88d1e.html,tour-night-music-1995,"1994 / 1995 * The ""Night Music"" Tour",,,
TICKET_0484,SHOW_1995-01-26_NEWCASTLE,1995-01-26,Newcastle,U.K.,City Hall,tickets,kk-joe-jackson-1995-01-26.jpg,"Ian Bowes, South Africa","Joe Jackson (vocals, piano, keyboards) ; Graham Maby (bass, vocals) ; Mary Rowell (violin) ; Dan Hickey (drums)",,0.0,https://www.setlist.fm/setlist/joe-jackson/1995/newcastle-city-hall-newcastle-upon-tyne-U.K.-2b8efcbe.html,,,https://www.setlist.fm/setlist/joe-jackson/1995/newcastle-city-hall-newcastle-upon-tyne-england-2b8efcbe.html,tour-night-music-1995,"1994 / 1995 * The ""Night Music"" Tour",,,
TICKET_0485,SHOW_1995-01-28_MANCHESTER,1995-01-28,Manchester,U.K.,Free Trade Hall,tickets,kk-joe-jackson-1995-01-28.jpg,"Mike Baggaley, U.K.","Joe Jackson (vocals, piano, keyboards) ; Graham Maby (bass, vocals) ; Mary Rowell (violin) ; Dan Hickey (drums)",,0.0,https://www.setlist.fm/setlist/joe-jackson/1995/free-trade-hall-manchester-U.K.-2bdb48fe.html,,,https://www.setlist.fm/setlist/joe-jackson/1995/free-trade-hall-manchester-england-2bdb48fe.html,tour-night-music-1995,"1994 / 1995 * The ""Night Music"" Tour",,,
TICKET_0486,SHOW_1995-01-29_GLASGOW,1995-01-29,Glasgow,Scottland,Royal Concert Hall,tickets,kk-joe-jackson-1995-01-29.jpg,"Ian Bowes, South Africa","Joe Jackson (vocals, piano, keyboards) ; Graham Maby (bass, vocals) ; Mary Rowell (violin) ; Dan Hickey (drums)",,0.0,https://www.setlist.fm/setlist/joe-jackson/1995/glasgow-royal-concert-hall-glasgow-scotland-338efcbd.html,,,https://www.setlist.fm/setlist/joe-jackson/1995/glasgow-royal-concert-hall-glasgow-scotland-338efcbd.html,tour-night-music-1995,"1994 / 1995 * The ""Night Music"" Tour",,,
TICKET_0487,SHOW_1995-02-03_STRASBOURG,1995-02-03,Strasbourg,France,Palais de la musique et des congres,tickets,kk-joe-jackson-1995-02-03.jpg,"Gert Schaumlöffel, Germany","Joe Jackson (vocals, piano, keyboards) ; Graham Maby (bass, vocals) ; Mary Rowell (violin) ; Dan Hickey (drums)",,0.0,https://www.setlist.fm/setlist/joe-jackson/1995/salle-erasme-strasbourg-france-338efcb1.html,,,https://www.setlist.fm/setlist/joe-jackson/1995/salle-erasme-strasbourg-france-338efcb1.html,tour-night-music-1995,"1994 / 1995 * The ""Night Music"" Tour",,,
TICKET_0488,SHOW_1995-02-04_LYON,1995-02-04,Lyon,France,Auditorium Maurice Ravel,tickets,kk-joe-jackson-1995-02-04.jpg,"Gert Schaumlöffel, Germany","Joe Jackson (vocals, piano, keyboards) ; Graham Maby (bass, vocals) ; Mary Rowell (violin) ; Dan Hickey (drums)",,0.0,https://www.setlist.fm/setlist/joe-jackson/1995/auditorium-maurice-ravel-lyon-france-238efcb7.html,,,https://www.setlist.fm/setlist/joe-jackson/1995/auditorium-maurice-ravel-lyon-france-238efcb7.html,tour-night-music-1995,"1994 / 1995 * The ""Night Music"" Tour",,,
TICKET_0489,SHOW_1995-02-12_MADRID,1995-02-12,Madrid,Spain,Teatro Monumental,tickets,kk-joe-jackson-1995-02-12.jpg,"Gert Schaumlöffel, Germany","Joe Jackson (vocals, piano, keyboards) ; Graham Maby (bass, vocals) ; Mary Rowell (violin) ; Dan Hickey (drums)",,0.0,https://www.setlist.fm/setlist/joe-jackson/1995/teatro-monumental-madrid-spain-63f37aab.html,,,https://www.setlist.fm/setlist/joe-jackson/1995/teatro-monumental-madrid-spain-63f37aab.html,tour-night-music-1995,"1994 / 1995 * The ""Night Music"" Tour",,,
TICKET_0490,SHOW_1995-02-27_BERLIN,1995-02-27,Berlin,Germany,ICC,tickets,kk-bk-016.jpg,"Björn Krüger, Germany","Joe Jackson (vocals, piano, keyboards) ; Graham Maby (bass, vocals) ; Mary Rowell (violin) ; Dan Hickey (drums)","Lullaby, Home Town, Real Men, Nocturne No. 4, Is She Really Going Out With Him? / It's Different for Girls, Stranger Than Fiction, Not Here, Not Now, Nineteen Forever, Sea of Secrets, Nocturne No. 2, The Man Who Wrote Danny Boy, Ever After, Only the Future, Another World, Chinatown, Breaking Us in Two, You Can't Get What You Want (Till You Know What You Want), [Encore 1], Got the Time, I'm the Man, Steppin' Out",21.0,https://www.setlist.fm/setlist/joe-jackson/1995/icc-1-berlin-germany-53e0733d.html,,,https://www.setlist.fm/setlist/joe-jackson/1995/icc-1-berlin-germany-53e0733d.html,tour-night-music-1995,"1994 / 1995 * The ""Night Music"" Tour",,,
TICKET_0491,SHOW_1995-02-28_HANNOVER,1995-02-28,Hannover,Germany,Congress Centrum - Kuppelsaal,tickets,kk-joe-jackson-1995-02-28.jpg,"Marcus Rossberg, Germany","Joe Jackson (vocals, piano, keyboards) ; Graham Maby (bass, vocals) ; Mary Rowell (violin) ; Dan Hickey (drums)","Lullaby, Home Town, Real Men, Nocturne No. 4, Is She Really Going Out With Him? / It's Different for Girls, Stranger Than Fiction, The Other Me, Sea of Secrets, Nocturne No. 2, The Man Who Wrote Danny Boy, Ever After, Only the Future, Another World, Chinatown, Breaking Us in Two, You Can't Get What You Want (Till You Know What You Want), [Encore 1], Got the Time, I'm the Man, Steppin' Out",19.0,https://www.setlist.fm/setlist/joe-jackson/1995/kuppelsaal-hanover-germany-5bedf770.html,,,https://www.setlist.fm/setlist/joe-jackson/1995/kuppelsaal-hanover-germany-5bedf770.html,tour-night-music-1995,"1994 / 1995 * The ""Night Music"" Tour",,,
TICKET_0492,SHOW_1995-03-04_STUTTGART,1995-03-04,Stuttgart,Germany,"Liederhalle, Beethovensaal",tickets,kk-joe-jackson-1995-03-04.jpg,"Björn Krüger, Germany","Joe Jackson (vocals, piano, keyboards) ; Graham Maby (bass, vocals) ; Mary Rowell (violin) ; Dan Hickey (drums)","(Lullaby), Home Town, Real Men, Nocturne No. 4, Is She Really Going Out With Him? / It's Different for Girls, Wild West, Stranger Than Fiction, Down to London, Sea of Secrets, Nocturne No. 2, The Man Who Wrote Danny Boy, Ever After, Only the Future, Another World, Chinatown, Breaking Us in Two, You Can't Get What You Want (Till You Know What You Want), [Encore 1], Got the Time, I'm the Man, Steppin' Out",20.0,https://www.setlist.fm/setlist/joe-jackson/1995/kultur-und-kongresszentrum-liederhalle-stuttgart-germany-1bfb795c.html,,,https://www.setlist.fm/setlist/joe-jackson/1995/kultur-und-kongresszentrum-liederhalle-stuttgart-germany-1bfb795c.html,tour-night-music-1995,"1994 / 1995 * The ""Night Music"" Tour",,,
TICKET_0493,SHOW_1995-03-06_AMSTERDAM,1995-03-06,Amsterdam,Netherlands,RAI Congrescentrum,tickets,kk-joe-jackson-1995-03-06.jpg,"Lammert Veen, Netherlands","Joe Jackson (vocals, piano, keyboards) ; Graham Maby (bass, vocals) ; Mary Rowell (violin) ; Dan Hickey (drums)","Lullaby, Home Town, Real Men, Nocturne No. 4, Is She Really Going Out With Him? / It's Different for Girls, Nineteen Forever, Stranger Than Fiction, Down to London, Sea of Secrets, Nocturne No. 2, The Man Who Wrote Danny Boy, Ever After, Only the Future, Another World, Chinatown, Breaking Us in Two, You Can't Get What You Want (Till You Know What You Want), Got the Time, I'm the Man, Steppin' Out",20.0,https://www.setlist.fm/setlist/joe-jackson/1995/rai-amsterdam-netherlands-3beff0b8.html,,,https://www.setlist.fm/setlist/joe-jackson/1995/rai-amsterdam-netherlands-3beff0b8.html,tour-night-music-1995,"1994 / 1995 * The ""Night Music"" Tour",,,
TICKET_0494,SHOW_1995-03-12_MNCHENMUNICH,1995-03-12,München (Munich),Germany,Philharmonie,tickets,kk-joe-jackson-1995-03-12.jpg,"Robert Keller, Germany","Joe Jackson (vocals, piano, keyboards) ; Graham Maby (bass, vocals) ; Mary Rowell (violin) ; Dan Hickey (drums)","Lullaby, Home Town, Real Men, Nocturne No. 4, Is She Really Going Out With Him? / It's Different for Girls, Nineteen Forever, The Other Me, Stranger Than Fiction, Down to London, Sea of Secrets, Nocturne No. 2, The Man Who Wrote Danny Boy, Ever After, Only the Future, Another World, Chinatown, Breaking Us in Two, You Can't Get What You Want (Till You Know What You Want), [Encore 1], Got the Time, I'm the Man, Steppin' Out",21.0,https://www.setlist.fm/setlist/joe-jackson/1995/philharmonie-munich-germany-43edf737.html,,,https://www.setlist.fm/setlist/joe-jackson/1995/philharmonie-munich-germany-43edf737.html,tour-night-music-1995,"1994 / 1995 * The ""Night Music"" Tour",,,
TICKET_0495,SHOW_1995-03-13_DSSELDORF,1995-03-13,Düsseldorf,Germany,Philipshalle,tickets,kk-jj-gs-1995-03-13.gif,"Gert Schaumlöffel, Germany","Joe Jackson (vocals, piano, keyboards) ; Graham Maby (bass, vocals) ; Mary Rowell (violin) ; Dan Hickey (drums)","Lullaby, Home Town, Real Men, Nocturne No. 4, Is She Really Going Out With Him? / It's Different for Girls, Wild West, Stranger Than Fiction, Down to London, Sea of Secrets, Nocturne No. 2, The Man Who Wrote Danny Boy, Ever After, Only the Future, Another World, Chinatown, Breaking Us in Two, You Can't Get What You Want (Till You Know What You Want), [Encore 1], Got the Time, I'm the Man, Steppin' Out",21.0,https://www.setlist.fm/setlist/joe-jackson/1995/philipshalle-dusseldorf-germany-23f3b0db.html,,,https://www.setlist.fm/setlist/joe-jackson/1995/philipshalle-dusseldorf-germany-23f3b0db.html,tour-night-music-1995,"1994 / 1995 * The ""Night Music"" Tour",,,
TICKET_0496,SHOW_1995-03-16_HAMBURG,1995-03-16,Hamburg,Germany,Musikhalle,tickets,kk-bk-023.jpg,"Björn Krüger, Germany","Joe Jackson (vocals, piano, keyboards) ; Graham Maby (bass, vocals) ; Mary Rowell (violin) ; Dan Hickey (drums)","Lullaby, Home Town, Real Men, Nocturne No. 4, Is She Really Going Out With Him? / It's Different for Girls, Nineteen Forever, Stranger Than Fiction, Down to London, Sea of Secrets, Nocturne No. 2, The Man Who Wrote Danny Boy, Ever After, Only the Future, Another World, Chinatown, Breaking Us in Two, You Can't Get What You Want (Till You Know What You Want), [Encore 1], Got the Time, What’s the Use of Getting Sober (When You’re Gonna Get Drunk Again)? (cover of Louis Jordan and His Tympany Five), I'm the Man, Steppin' Out",21.0,https://www.setlist.fm/setlist/joe-jackson/1995/musikhalle-hamburg-germany-4bedf712.html,,,https://www.setlist.fm/setlist/joe-jackson/1995/musikhalle-hamburg-germany-4bedf712.html,tour-night-music-1995,"1994 / 1995 * The ""Night Music"" Tour",,,
TICKET_0497,SHOW_1995-03-24_LONDON,1995-03-24,London,U.K.,Royal Festival Hall,tickets,kk-aw-02.jpg,"Andreas Wiethoff, Germany","Joe Jackson (vocals, piano, keyboards) ; Graham Maby (bass, vocals) ; Mary Rowell (violin) ; Dan Hickey (drums)","Lullaby, Home Town, Real Men, Nocturne No. 4, Is She Really Going Out With Him? / It's Different for Girls, Not Here, Not Now, Nineteen Forever, Tango Atlantico, Stranger Than Fiction, Sea of Secrets, Nocturne No. 2, The Man Who Wrote Danny Boy, Ever After, Only the Future, Another World, Chinatown, Breaking Us in Two, You Can't Get What You Want (Till You Know What You Want), [Encore 1], Got the Time, I'm the Man, Steppin' Out",22.0,https://www.setlist.fm/setlist/joe-jackson/1995/royal-festival-hall-london-england-338efc8d.html,,,https://www.setlist.fm/setlist/joe-jackson/1995/royal-festival-hall-london-england-338efc8d.html,tour-night-music-1995,"1994 / 1995 * The ""Night Music"" Tour",,,
TICKET_0498,SHOW_1995-04-17_PORTLAND,1995-04-17,Portland,ME,The State Theatre,tickets,kk-joe-jackson-1995-04-17.jpg,"Jason Curry, U.S.A.","Joe Jackson (vocals, piano, keyboards) ; Graham Maby (bass, vocals) ; Mary Rowell (violin) ; Dan Hickey (drums)",,0.0,,,,,tour-night-music-1995,"1994 / 1995 * The ""Night Music"" Tour",,,
TICKET_0499,SHOW_1995-04-30_SANFRANCISCO,1995-04-30,San Francisco,CA,The Warfield,tickets,kk-joe-jackson-1995-04-30.jpg,"Gert Schaumlöffel, Germany","Joe Jackson (vocals, piano, keyboards) ; Graham Maby (bass, vocals) ; Mary Rowell (violin) ; Dan Hickey (drums)",,0.0,https://www.setlist.fm/setlist/joe-jackson/1995/the-warfield-san-francisco-ca-23c484e3.html,,,https://www.setlist.fm/setlist/joe-jackson/1995/the-warfield-san-francisco-ca-23c484e3.html,tour-night-music-1995,"1994 / 1995 * The ""Night Music"" Tour",,,
TICKET_0500,SHOW_1995-05-03_LOSANGELES,1995-05-03,Los Angeles,CA,House of Blues,tickets,kk-joe-jackson-1995-05-03.jpg,"Gert Schaumlöffel, Germany","Joe Jackson (vocals, piano, keyboards) ; Graham Maby (bass, vocals) ; Mary Rowell (violin) ; Dan Hickey (drums)","Home Town, Real Men, Stranger Than Fiction, The Man Who Wrote Danny Boy, Ever After, Breaking Us in Two, You Can't Get What You Want (Till You Know What You Want)",7.0,https://www.setlist.fm/setlist/joe-jackson/1995/house-of-blues-west-hollywood-ca-2beb0c96.html,,,https://www.setlist.fm/setlist/joe-jackson/1995/house-of-blues-west-hollywood-ca-2beb0c96.html,tour-night-music-1995,"1994 / 1995 * The ""Night Music"" Tour",,,
TICKET_0501,SHOW_1995-05-23_MELBOURNE,1995-05-23,Melbourne,Australia,State Theatre,tickets,kk-joe-jackson-1995-05-23.jpg,"Gert Schaumlöffel, Germany","Joe Jackson (vocals, piano, keyboards) ; Graham Maby (bass, vocals) ; Mary Rowell (violin) ; Dan Hickey (drums)","Home Town, Nocturne No. 4, Real Men, Is She Really Going Out With Him? / It's Different for Girls, Sea of Secrets, Nocturne No. 2, Ever After, The Man Who Wrote Danny Boy, Nineteen Forever, Chinatown, Another World, Breaking Us in Two, You Can't Get What You Want (Till You Know What You Want), Stranger Than Fiction, [Encore 1], Got the Time, I'm the Man, What’s the Use of Getting Sober (When You’re Gonna Get Drunk Again)? (cover of Louis Jordan and His Tympany Five), Steppin' Out",18.0,https://www.setlist.fm/setlist/joe-jackson/1995/state-theatre-melbourne-australia-4bedeb32.html,,,https://www.setlist.fm/setlist/joe-jackson/1995/state-theatre-melbourne-australia-4bedeb32.html,tour-night-music-1995,"1994 / 1995 * The ""Night Music"" Tour",,,
TICKET_0502,SHOW_1995-01-01_19941995,,,,,passes,"kk-joe-jackson-1994-pass-4.jpg, kk-joe-jackson-1994-pass-5.jpg, kk-jn-11.jpg","Gert Schaumlöffel, Germany","Joe Jackson (vocals, piano, keyboards) ; Graham Maby (bass, vocals) ; Mary Rowell (violin) ; Dan Hickey (drums)",,0.0,,,,,tour-1994-1995-the-night-music-tour,"1994 / 1995 * The ""Night Music"" Tour",,,
TICKET_0503,SHOW_1995-01-01_BOSTON,1995-01-01,Boston,MA,,passes,kk-jn-10.jpg,"John Nyman, U.S.A.","Joe Jackson (vocals, piano, keyboards) ; Graham Maby (bass, vocals) ; Mary Rowell (violin) ; Dan Hickey (drums)",,0.0,,,,,tour-1994-1995-the-night-music-tour,"1994 / 1995 * The ""Night Music"" Tour",,,
TICKET_0504,SHOW_1995-01-01_19981995,,,,,passes,kk-joe-jackson-1994-pass-1.jpg,"Gert Schaumlöffel, Germany","Joe Jackson (vocals, piano, keyboards) ; Graham Maby (bass, vocals) ; Mary Rowell (violin) ; Dan Hickey (drums)",,0.0,,,,,tour-1994-1995-the-night-music-tour,"1994 / 1995 * The ""Night Music"" Tour",,,
TICKET_0505,SHOW_1995-01-01_19991995,,,,,passes,kk-joe-jackson-1994-pass-3.jpg,"Gert Schaumlöffel, Germany","Joe Jackson (vocals, piano, keyboards) ; Graham Maby (bass, vocals) ; Mary Rowell (violin) ; Dan Hickey (drums)",,0.0,,,,,tour-1994-1995-the-night-music-tour,"1994 / 1995 * The ""Night Music"" Tour",,,
TICKET_0506,SHOW_2004-08-24_NEWYORK,2004-08-24,New York,NY,Central Park,tickets,kk-jn-21.jpg,"John Nyman, U.S.A.","Joe Jackson (vocals, piano, keyboards) ; Graham Maby (bass, backing vocals) ; Dave Houghton (drums, backing vocals)","Home Town, Steppin' Out, Take It Like a Man (cover of Joe Jackson Band), Awkward Age (cover of Joe Jackson Band), Be My Number Two, Obvious Song, Love at First Light (cover of Joe Jackson Band), Girl (cover of The Beatles), Citizen Sane, It's Different for Girls, Is She Really Going Out With Him?",11.0,https://www.setlist.fm/setlist/joe-jackson/2004/delacorte-theater-new-york-ny-7bd86acc.html,,,https://www.setlist.fm/setlist/joe-jackson/2004/delacorte-theater-new-york-ny-7bd86acc.html,,,,,
TICKET_0507,SHOW_2009-06-15_CAEN,2009-06-15,Caen,France,Le Cargo,tickets,"kk-joe-jackson-2009-06-15.jpg, kk-joe-jackson-2009-06-15-2.jpg","Gert Schaumlöffel, Germany","Joe Jackson (vocals, piano) ; Graham Maby (bass, backing vocals) ; Dave Houghton (drums, backing vocals)","You Can't Get What You Want (Till You Know What You Want), Too Tough, Citizen Sane, Fools in Love / For Your Love, Wasted Time, Chinatown, Scary Monsters (and Super Creeps) (cover of David Bowie), Steppin' Out, Solo (So Low), Be My Number Two, The Uptown Train, Sunday Papers, King Pleasure Time, Got the Time, A Place in the Rain, [Encore 1], Don't Get Around Much Anymore (cover of Duke Ellington and His Orchestra), Is She Really Going Out With Him?, A Slow Song",18.0,https://www.setlist.fm/setlist/joe-jackson/2009/le-cargo-caen-france-53926f51.html,,,https://www.setlist.fm/setlist/joe-jackson/2009/le-cargo-caen-france-53926f51.html,tour-rain-summer-tour-2009,2009 * Rain Summer Tour,,,
TICKET_0508,SHOW_2009-06-17_NANTES,2009-06-17,Nantes,France,Cité des Congrès,tickets,kk-joe-jackson-2009-06-17.jpg,"Gert Schaumlöffel, Germany","Joe Jackson (vocals, piano) ; Graham Maby (bass, backing vocals) ; Dave Houghton (drums, backing vocals)",,0.0,https://www.setlist.fm/setlist/joe-jackson/2009/cite-des-congres-de-nantes-nantes-france-5b8efbb8.html,,,https://www.setlist.fm/setlist/joe-jackson/2009/cite-des-congres-de-nantes-nantes-france-5b8efbb8.html,tour-rain-summer-tour-2009,2009 * Rain Summer Tour,,,
TICKET_0509,SHOW_2009-06-18_TOURS,2009-06-18,Tours,France,Vinci,tickets,kk-joe-jackson-2009-06-18.jpg,"Gert Schaumlöffel, Germany","Joe Jackson (vocals, piano) ; Graham Maby (bass, backing vocals) ; Dave Houghton (drums, backing vocals)","Another World, Too Tough, Citizen Sane, Fools in Love / For Your Love, Sunday Papers, Cancer, King Pleasure Time, On Your Radio, I Feel Possessed (cover of Crowded House), Be My Number Two, Home Town, The Uptown Train, Steppin' Out, You Can't Get What You Want (Till You Know What You Want), One More Time, A Place in the Rain, [Encore 1], Is She Really Going Out With Him?, A Slow Song",18.0,https://www.setlist.fm/setlist/joe-jackson/2009/le-vinci-tours-france-438efbbf.html,,,https://www.setlist.fm/setlist/joe-jackson/2009/le-vinci-tours-france-438efbbf.html,tour-rain-summer-tour-2009,2009 * Rain Summer Tour,,,
TICKET_0510,SHOW_2009-06-20_KLNCOLOGNE,2009-06-20,Köln (Cologne),Germany,Gloria Theater,tickets,kk-joe-jackson-2009-06-20.jpg,"Rolf Thalmann, Germany","Joe Jackson (vocals, piano) ; Graham Maby (bass, backing vocals) ; Dave Houghton (drums, backing vocals)","Another World, Too Tough, Citizen Sane, Fools in Love / For Your Love, Stranger Than Fiction, Goin' Downtown, Sunday Papers, King Pleasure Time, On Your Radio, Solo (So Low), Be My Number Two, The Uptown Train, Scary Monsters (and Super Creeps) (cover of David Bowie), Steppin' Out, Got the Time, A Place in the Rain, [Encore 1], Satin Doll (cover of Duke Ellington and His Orchestra), Don't Get Around Much Anymore (cover of Duke Ellington and His Orchestra), Is She Really Going Out With Him?, A Slow Song",20.0,https://www.setlist.fm/setlist/joe-jackson/2009/gloria-theater-cologne-germany-53cebfe5.html,,,https://www.setlist.fm/setlist/joe-jackson/2009/gloria-theater-cologne-germany-53cebfe5.html,tour-rain-summer-tour-2009,2009 * Rain Summer Tour,,,
TICKET_0511,SHOW_2009-06-21_UTRECHT,2009-06-21,Utrecht,Netherlands,Vredenburg,tickets,kk-joe-jackson-2009-06-21.jpg,"Lammert Veen, Netherlands","Joe Jackson (vocals, piano) ; Graham Maby (bass, backing vocals) ; Dave Houghton (drums, backing vocals)","Another World, Too Tough, Citizen Sane, Fools in Love / For Your Love, Stranger Than Fiction, Goin' Downtown, Sunday Papers, On Your Radio, Solo (So Low), Be My Number Two, The Uptown Train, Scary Monsters (and Super Creeps) (cover of David Bowie), Steppin' Out, Got the Time, [Encore 1], Satin Doll (cover of Duke Ellington and His Orchestra), Don't Get Around Much Anymore (cover of Duke Ellington and His Orchestra), Is She Really Going Out With Him?, A Slow Song",18.0,https://www.setlist.fm/setlist/joe-jackson/2009/vredenburg-leidsche-rijn-utrecht-netherlands-5bd72f4c.html,,,https://www.setlist.fm/setlist/joe-jackson/2009/vredenburg-leidsche-rijn-utrecht-netherlands-5bd72f4c.html,tour-rain-summer-tour-2009,2009 * Rain Summer Tour,,,
TICKET_0512,SHOW_2009-06-25_LILLE,2009-06-25,Lille,France,Théâtre Sébastopol,tickets,kk-joe-jackson-2009-06-25.jpg,"Claude Chantemarque, France","Joe Jackson (vocals, piano) ; Graham Maby (bass, backing vocals) ; Dave Houghton (drums, backing vocals)",,0.0,https://www.setlist.fm/setlist/joe-jackson/2009/theatre-sebastopol-lille-france-538efbbd.html,,,https://www.setlist.fm/setlist/joe-jackson/2009/theatre-sebastopol-lille-france-538efbbd.html,tour-rain-summer-tour-2009,2009 * Rain Summer Tour,,,
TICKET_0513,SHOW_2009-07-07_WIENVIENNA,2009-07-07,Wien (Vienna),Austria,WUK Saal,tickets,kk-joe-jackson-2009-07-07.jpg,"Thomas Wiesinger, Austria","Joe Jackson (vocals, piano) ; Graham Maby (bass, backing vocals) ; Dave Houghton (drums, backing vocals)","Another World, Too Tough, Citizen Sane, Fools in Love / For Your Love, Still Alive (cover of Joe Jackson Band), Goin' Downtown, Reelin' In the Years (cover of Steely Dan), King Pleasure Time, On Your Radio, Solo (So Low), Be My Number Two, The Uptown Train, Steppin' Out, Scary Monsters (and Super Creeps) (cover of David Bowie), Sunday Papers, Got the Time, A Place in the Rain, [Encore 1], Is She Really Going Out With Him?, A Slow Song",19.0,https://www.setlist.fm/setlist/joe-jackson/2009/wuk-vienna-austria-538efbb5.html,,,https://www.setlist.fm/setlist/joe-jackson/2009/wuk-vienna-austria-538efbb5.html,tour-rain-summer-tour-2009,2009 * Rain Summer Tour,,,
TICKET_0514,SHOW_2009-07-15_PRAGUE,2009-07-15,Prague,Czechia,Lucerna Music Bar,tickets,kk-joe-jackson-2009-07-15.jpg,"Marek Kraus, Czechia","Joe Jackson (vocals, piano) ; Graham Maby (bass, backing vocals) ; Dave Houghton (drums, backing vocals)","Home Town (Joe solo), Steppin' Out, Invisible Man, Fools in Love / For Your Love, The Uptown Train, Chinatown, King Pleasure Time, On Your Radio, Be My Number Two, Girl (cover of The Beatles), Rush Across the Road, Sunday Papers, Good Bad Boy, You Can't Get What You Want (Till You Know What You Want), One More Time, [Encore 1], Another World, Is She Really Going Out With Him?, A Slow Song",18.0,https://www.setlist.fm/setlist/joe-jackson/2009/lucerna-music-bar-prague-czechia-4bf8ef72.html,,,https://www.setlist.fm/setlist/joe-jackson/2009/lucerna-music-bar-prague-czechia-4bf8ef72.html,tour-rain-summer-tour-2009,2009 * Rain Summer Tour,,,
TICKET_0515,SHOW_2009-01-01_2009,,,,,passes,"kk-joe-jackson-2009-pass-1.jpg, kk-joe-jackson-2009-pass-2.jpg","Gert Schaumlöffel, Germany","Joe Jackson (vocals, piano) ; Graham Maby (bass, backing vocals) ; Dave Houghton (drums, backing vocals)",,0.0,,,,,tour-rain-summer-tour-2009,2009 * Rain Summer Tour,,,
TICKET_0516,SHOW_2009-07-20_NICE,2009-07-20,Nice,France,Nice Jazz Festival,passes,kk-joe-jackson-2009-pass-3.jpg,"Gert Schaumlöffel, Germany","Joe Jackson (vocals, piano) ; Graham Maby (bass, backing vocals) ; Dave Houghton (drums, backing vocals)","Another World, Too Tough, Citizen Sane, Fools in Love / For Your Love, Stranger Than Fiction, Love at First Light (cover of Joe Jackson Band), Dirty Martini (cover of Joe Jackson Band), King Pleasure Time, On Your Radio, Solo (So Low), Be My Number Two, The Uptown Train, Steppin' Out, You Can't Get What You Want (Till You Know What You Want), One More Time, [Encore 1], Don't Get Around Much Anymore (cover of Duke Ellington and His Orchestra), Is She Really Going Out With Him?, A Slow Song",18.0,https://www.setlist.fm/setlist/joe-jackson/2009/grand-casino-basel-basel-switzerland-438efbaf.html,,,https://www.setlist.fm/setlist/joe-jackson/2009/grand-casino-basel-basel-switzerland-438efbaf.html,tour-rain-summer-tour-2009,2009 * Rain Summer Tour,,,
TICKET_0517,SHOW_1999-08-04_NEWYORK,1999-08-04,New York,NY,Joe's Pub,tickets,kk-jn-19.jpg,"John Nyman, U.S.A.","Joe Jackson (vocals, keyboards) ; Elise Morris (keyboards, vocals) ; Valerie Vigoda (violin, vocals) ; Mary Rowell (violin)","Summer in the City (cover of The Lovin’ Spoonful), Fools in Love / For Your Love, Another World, Over the Rainbow (instrumental, cover of Harold Arlen), Obvious Song, Blue Flame (cover of Joe Jackson Band), Junkie Girl (cover of Walter Becker), Sea of Secrets, We Can't Live Together, Life on Mars? (cover of David Bowie), Be My Number Two, It's Different for Girls, Glamour and Pain, Dear Mom, Love Got Lost, Nineteen Forever, The In Crowd / Down to London, King of the World (cover of Steely Dan), You Can't Get What You Want (Till You Know What You Want), Don't Get Around Much Anymore (cover of Duke Ellington and His Orchestra), A Slow Song",22.0,https://www.setlist.fm/setlist/joe-jackson/1999/joes-pub-new-york-ny-3b8e944c.html,,,https://www.setlist.fm/setlist/joe-jackson/1999/joes-pub-new-york-ny-3b8e944c.html,tour-tour-1999,1999 * Tour 1999,,,
TICKET_0518,SHOW_1999-08-07_NEWYORK,1999-08-07,New York,NY,Joe's Pub,tickets,kk-joe-jackson-1999-08-07.jpg,"Martin Ayling, U.K.","Joe Jackson (vocals, keyboards) ; Elise Morris (keyboards, vocals) ; Valerie Vigoda (violin, vocals) ; Mary Rowell (violin)","Summer in the City (cover of The Lovin’ Spoonful), Goin' Downtown, Fools in Love / For Your Love, Obvious Song, The Other Me, Blue Flame (cover of Joe Jackson Band), Another World, The Man Who Wrote Danny Boy, Life on Mars? (cover of David Bowie), Eleanor Rigby (cover of The Beatles), Be My Number Two, Home Town, It's Different for Girls, Glamour and Pain, Love Got Lost, The In Crowd / Down to London, King of the World (cover of Steely Dan), You Can't Get What You Want (Till You Know What You Want), Stay / Steppin' Out, Don't Get Around Much Anymore (cover of Duke Ellington and His Orchestra), Blaze of Glory, A Slow Song",22.0,https://www.setlist.fm/setlist/joe-jackson/1999/joes-pub-new-york-ny-2b93e8f6.html,,,https://www.setlist.fm/setlist/joe-jackson/1999/joes-pub-new-york-ny-2b93e8f6.html,tour-tour-1999,1999 * Tour 1999,,,
TICKET_0519,SHOW_1999-08-11_NEWYORK,1999-08-11,New York,NY,Joe's Pub,tickets,kk-gs-joe-jackson-1999-08-11.jpg,"Gert Schaumlöffel, Germany","Joe Jackson (vocals, keyboards) ; Elise Morris (keyboards, vocals) ; Valerie Vigoda (violin, vocals) ; Mary Rowell (violin)",,0.0,https://www.setlist.fm/setlist/joe-jackson/1999/joes-pub-new-york-ny-73800e59.html,,,https://www.setlist.fm/setlist/joe-jackson/1999/joes-pub-new-york-ny-73800e59.html,tour-tour-1999,1999 * Tour 1999,,,
TICKET_0520,SHOW_2008-02-29_DUBLIN,2008-02-29,Dublin,Ireland,The Olympia Theatre,tickets,kk-joe-jackson-2008-02-29.jpg,"Steve Whitbread, U.K.","Joe Jackson (vocals, piano) ; Graham Maby (bass, backing vocals) ; Dave Houghton (drums, backing vocals)","Home Town, Steppin' Out, Invisible Man, Too Tough, Real Men, Obvious Song, Stranger Than Fiction, On Your Radio, Solo (So Low), Rush Across the Road, King Pleasure Time, It's Different for Girls, Knowing Me, Knowing You (cover of ABBA), Dirty Martini (cover of Joe Jackson Band), Good Bad Boy, Blaze of Glory, [Encore 1], Dirty Love (cover of Frank Zappa), Is She Really Going Out With Him?, A Slow Song",20.0,https://www.setlist.fm/setlist/joe-jackson/2008/olympia-theatre-dublin-ireland-53ff138d.html,,,https://www.setlist.fm/setlist/joe-jackson/2008/olympia-theatre-dublin-ireland-53ff138d.html,tour-tour-2008,2008 * Tour 2008,,,
TICKET_0521,SHOW_2008-03-02_LONDON,2008-03-02,London,U.K.,Shepherds Bush Empire,tickets,kk-joe-jackson-2008-03-02.jpg,"Steve Whitbread, U.K.","Joe Jackson (vocals, piano) ; Graham Maby (bass, backing vocals) ; Dave Houghton (drums, backing vocals)","Steppin' Out, Invisible Man, Too Tough, Chinatown, Obvious Song, Knowing Me, Knowing You (cover of ABBA), Stranger Than Fiction, One More Time, Solo (So Low), Rush Across the Road, Scary Monsters (and Super Creeps) (cover of David Bowie), It's Different for Girls, King Pleasure Time, Dirty Martini (cover of Joe Jackson Band), Take It Like a Man (cover of Joe Jackson Band), A Place in the Rain, [Encore 1], You Can't Get What You Want (Till You Know What You Want), Is She Really Going Out With Him?, A Slow Song",20.0,https://www.setlist.fm/setlist/joe-jackson/2008/shepherds-bush-empire-london-england-63fd261b.html,,,https://www.setlist.fm/setlist/joe-jackson/2008/shepherds-bush-empire-london-england-63fd261b.html,tour-tour-2008,2008 * Tour 2008,,,
TICKET_0522,SHOW_2008-03-04_PARIS,2008-03-04,Paris,France,La Cigale,tickets,kk-joe-jackson-2008-03-04.jpg,"Mathieu Chartier, France","Joe Jackson (vocals, piano) ; Graham Maby (bass, backing vocals) ; Dave Houghton (drums, backing vocals)","Steppin' Out, Invisible Man, Citizen Sane, Breaking Us in Two, Wasted Time, Goin' Downtown, Stranger Than Fiction, On Your Radio, Solo (So Low), Rush Across the Road, Real Men, The Uptown Train, Scary Monsters (and Super Creeps) (cover of David Bowie), It's Different for Girls, Good Bad Boy, Blaze of Glory, [Encore 1], You Can't Get What You Want (Till You Know What You Want), Is She Really Going Out With Him?, A Slow Song",19.0,https://www.setlist.fm/setlist/joe-jackson/2008/la-cigale-paris-france-bcd652a.html,,,https://www.setlist.fm/setlist/joe-jackson/2008/la-cigale-paris-france-bcd652a.html,tour-tour-2008,2008 * Tour 2008,,,
TICKET_0523,SHOW_2008-03-05_BRUSSELS,2008-03-05,Brussels,Belgium,Ancienne Belgique,tickets,kk-joe-jackson-2008-03-05.jpg,"Gert Schaumlöffel, Germany","Joe Jackson (vocals, piano) ; Graham Maby (bass, backing vocals) ; Dave Houghton (drums, backing vocals)","Steppin' Out, Invisible Man, Too Tough, Not Here, Not Now, Cancer, Awkward Age (cover of Joe Jackson Band), Rush Across the Road, On Your Radio, Solo (So Low), The Uptown Train, Chinatown, Reelin' In the Years (cover of Steely Dan), It's Different for Girls, Good Bad Boy, One More Time, A Place in the Rain, [Encore 1], You Can't Get What You Want (Till You Know What You Want), Is She Really Going Out With Him?, A Slow Song",20.0,https://www.setlist.fm/setlist/joe-jackson/2008/ancienne-belgique-brussels-belgium-5bd4b34c.html,,,https://www.setlist.fm/setlist/joe-jackson/2008/ancienne-belgique-brussels-belgium-5bd4b34c.html,tour-tour-2008,2008 * Tour 2008,,,
TICKET_0524,SHOW_2008-03-07_AMSTERDAM,2008-03-07,Amsterdam,Netherlands,Paradiso,tickets,kk-gs-joe-jackson-2008-03-07.jpg,"Gert Schaumlöffel, Germany","Joe Jackson (vocals, piano) ; Graham Maby (bass, backing vocals) ; Dave Houghton (drums, backing vocals)","Steppin' Out, Invisible Man, Too Tough, Real Men, Chinatown, Wasted Time, Cancer, On Your Radio, Solo (So Low), The Uptown Train, It's Different for Girls, Reelin' In the Years (cover of Steely Dan), Awkward Age (cover of Joe Jackson Band), Good Bad Boy, One More Time, A Place in the Rain, [Encore 1], Scary Monsters (and Super Creeps) (cover of David Bowie), Is She Really Going Out With Him?, A Slow Song",19.0,https://www.setlist.fm/setlist/joe-jackson/2008/grote-zaal-amsterdam-netherlands-3dd4d83.html,,,https://www.setlist.fm/setlist/joe-jackson/2008/grote-zaal-amsterdam-netherlands-3dd4d83.html,tour-tour-2008,2008 * Tour 2008,,,
TICKET_0525,SHOW_2008-03-08_AMSTERDAM,2008-03-08,Amsterdam,Netherlands,Paradiso,tickets,kk-gs-joe-jackson-2008-03-08.jpg,"Gert Schaumlöffel, Germany","Joe Jackson (vocals, piano) ; Graham Maby (bass, backing vocals) ; Dave Houghton (drums, backing vocals)","Steppin' Out, Too Tough, Citizen Sane, Breaking Us in Two, Rush Across the Road, Stranger Than Fiction, Dirty Martini (cover of Joe Jackson Band), Take It Like a Man (cover of Joe Jackson Band), Solo (So Low), The Uptown Train, Knowing Me, Knowing You (cover of ABBA), King Pleasure Time, It's Different for Girls, Obvious Song, One More Time, A Place in the Rain, [Encore 1], You Can't Get What You Want (Till You Know What You Want), Is She Really Going Out With Him?, A Slow Song",20.0,https://www.setlist.fm/setlist/joe-jackson/2008/grote-zaal-amsterdam-netherlands-23d2407f.html,,,https://www.setlist.fm/setlist/joe-jackson/2008/grote-zaal-amsterdam-netherlands-23d2407f.html,tour-tour-2008,2008 * Tour 2008,,,
TICKET_0526,SHOW_2008-03-10_HAMBURG,2008-03-10,Hamburg,Germany,Fabrik,tickets,kk-joe-jackson-2008-03-10.jpg,"Rolf Thalmann, Germany","Joe Jackson (vocals, piano) ; Graham Maby (bass, backing vocals) ; Dave Houghton (drums, backing vocals)","Intro: Swirly   Steppin' Out, Invisible Man, Too Tough, Chinatown / Caravan, Cancer, Dirty Martini (cover of Joe Jackson Band), King Pleasure Time, On Your Radio, Solo (So Low), Breaking Us in Two, The Uptown Train, Awkward Age (cover of Joe Jackson Band), Reelin' In the Years (cover of Steely Dan), Good Bad Boy, One More Time, A Place in the Rain, [Encore 1], You Can't Get What You Want (Till You Know What You Want), Is She Really Going Out With Him?, A Slow Song",19.0,https://www.setlist.fm/setlist/joe-jackson/2008/fabrik-hamburg-germany-7bfd2618.html,,,https://www.setlist.fm/setlist/joe-jackson/2008/fabrik-hamburg-germany-7bfd2618.html,tour-tour-2008,2008 * Tour 2008,,,
TICKET_0527,SHOW_2008-03-11_BERLIN,2008-03-11,Berlin,Germany,Schiller Theater,tickets,kk-joe-jackson-2008-03-11.jpg,"Björn Krüger, Germany","Joe Jackson (vocals, piano) ; Graham Maby (bass, backing vocals) ; Dave Houghton (drums, backing vocals)","Steppin' Out, Invisible Man, Wasted Time, Real Men, Obvious Song, Cancer, King Pleasure Time, Take It Like a Man (cover of Joe Jackson Band), Solo (So Low), Rush Across the Road, Stranger Than Fiction, Scary Monsters (and Super Creeps) (cover of David Bowie), It's Different for Girls, Good Bad Boy, One More Time, A Place in the Rain, [Encore 1], You Can't Get What You Want (Till You Know What You Want), Is She Really Going Out With Him?, A Slow Song",19.0,https://www.setlist.fm/setlist/joe-jackson/2008/schiller-theater-berlin-germany-6bfd261e.html,,,https://www.setlist.fm/setlist/joe-jackson/2008/schiller-theater-berlin-germany-6bfd261e.html,tour-tour-2008,2008 * Tour 2008,,,
TICKET_0528,SHOW_2008-03-14_ZRICH,2008-03-14,Zürich,Switzerland,Kaufleuten,tickets,kk-joe-jackson-2008-03-14.jpg,"Robert Keller, Germany","Joe Jackson (vocals, piano) ; Graham Maby (bass, backing vocals) ; Dave Houghton (drums, backing vocals)","Home Town, Steppin' Out, Too Tough, Citizen Sane, Not Here, Not Now, Cancer, King Pleasure Time, On Your Radio, Solo (So Low), Rush Across the Road, Stranger Than Fiction, Scary Monsters (and Super Creeps) (cover of David Bowie), It's Different for Girls, Take It Like a Man (cover of Joe Jackson Band), One More Time, A Place in the Rain, [Encore 1], Don't Get Around Much Anymore (cover of Duke Ellington and His Orchestra), You Can't Get What You Want (Till You Know What You Want), Is She Really Going Out With Him?, A Slow Song",21.0,https://www.setlist.fm/setlist/joe-jackson/2008/kaufleuten-zurich-switzerland-63fd2613.html,,,https://www.setlist.fm/setlist/joe-jackson/2008/kaufleuten-zurich-switzerland-63fd2613.html,tour-tour-2008,2008 * Tour 2008,,,
TICKET_0529,SHOW_2008-03-19_ROME,2008-03-19,Rome,Italy,Auditorium - Parco della musica,tickets,kk-joe-jackson-2008-03-19.jpg,"Bernardini, Italy","Joe Jackson (vocals, piano) ; Graham Maby (bass, backing vocals) ; Dave Houghton (drums, backing vocals)","Steppin' Out, Citizen Sane, Wasted Time, Real Men, Cancer, King Pleasure Time, Stranger Than Fiction, On Your Radio, Solo (So Low), The Uptown Train, Chinatown / Caravan, Dirty Martini (cover of Joe Jackson Band), It's Different for Girls, You Can't Get What You Want (Till You Know What You Want), One More Time, Good Bad Boy, [Encore 1], Don't Get Around Much Anymore (cover of Duke Ellington and His Orchestra), Is She Really Going Out With Him?, A Slow Song",19.0,https://www.setlist.fm/setlist/joe-jackson/2008/sala-sinopoli-auditorium-parco-della-musica-rome-italy-438efb73.html,,,https://www.setlist.fm/setlist/joe-jackson/2008/sala-sinopoli-auditorium-parco-della-musica-rome-italy-438efb73.html,tour-tour-2008,2008 * Tour 2008,,,
TICKET_0530,SHOW_2008-03-21_VIENNA,2008-03-21,Vienna,Austria,Joe Zawinul's Birdland,tickets,kk-joe-jackson-2008-03-21.jpg,"Thomas Wiesinger, Austria","Joe Jackson (vocals, piano) ; Graham Maby (bass, backing vocals) ; Dave Houghton (drums, backing vocals)","Home Town, Steppin' Out, Another World, Invisible Man, Wasted Time, It's Different for Girls, Cancer, King Pleasure Time, On Your Radio, Solo (So Low), The Uptown Train, Chinatown, Dirty Martini (cover of Joe Jackson Band), Good Bad Boy, You Can't Get What You Want (Till You Know What You Want), One More Time, A Place in the Rain, [Encore 1], Don't Get Around Much Anymore (cover of Duke Ellington and His Orchestra), Is She Really Going Out With Him?, A Slow Song",20.0,https://www.setlist.fm/setlist/joe-jackson/2008/birdland-vienna-austria-4b8efb76.html,,,https://www.setlist.fm/setlist/joe-jackson/2008/birdland-vienna-austria-4b8efb76.html,tour-tour-2008,2008 * Tour 2008,,,
TICKET_0531,SHOW_2008-03-26_TELAVIV,2008-03-26,Tel Aviv,Israel,Hangar 11,tickets,"kk-joe-jackson-2008-03-26.jpg, kk-joe-jackson-2008-03-26-2.jpg","Gert Schaumlöffel, Germany","Joe Jackson (vocals, piano) ; Graham Maby (bass, backing vocals) ; Dave Houghton (drums, backing vocals)","Invisible Man, Too Tough, It's Different for Girls, Sunday Papers, Citizen Sane, Breaking Us in Two, Wasted Time, Be My Number Two, Solo (So Low), Is She Really Going Out With Him?, You Can't Get What You Want (Till You Know What You Want), Good Bad Boy, Steppin' Out, Real Men, A Slow Song",15.0,https://www.setlist.fm/setlist/joe-jackson/2008/hangar-11-tel-aviv-israel-13cf018d.html,,,https://www.setlist.fm/setlist/joe-jackson/2008/hangar-11-tel-aviv-israel-13cf018d.html,tour-tour-2008,2008 * Tour 2008,,,
TICKET_0532,SHOW_2008-04-01_TORONTO,2008-04-01,Toronto,Canada,The Music Hall,tickets,kk-joe-jackson-2008-04-01.jpg,"John Wild, Canada","Joe Jackson (vocals, piano) ; Graham Maby (bass, backing vocals) ; Dave Houghton (drums, backing vocals)","Home Town, Steppin' Out, Another World, Too Tough, Citizen Sane, Wasted Time, Cancer, On Your Radio, Solo (So Low), The Uptown Train, Chinatown, Scary Monsters (and Super Creeps) (cover of David Bowie), It's Different for Girls, Good Bad Boy, You Can't Get What You Want (Till You Know What You Want), One More Time, A Place in the Rain, [Encore 1], Is She Really Going Out With Him?, A Slow Song",19.0,https://www.setlist.fm/setlist/joe-jackson/2008/danforth-music-hall-toronto-on-canada-53f40379.html,,,https://www.setlist.fm/setlist/joe-jackson/2008/danforth-music-hall-toronto-on-canada-53f40379.html,tour-tour-2008,2008 * Tour 2008,,,
TICKET_0533,SHOW_2008-04-04_GLENSIDE,2008-04-04,Glenside,PA,Keswick Theatre,tickets,"kk-joe-jackson-2008-04-04.jpg, kk-joe-jackson-2008-04-04-2.jpg","Gert Schaumlöffel, Germany","Joe Jackson (vocals, piano) ; Graham Maby (bass, backing vocals) ; Dave Houghton (drums, backing vocals)",,0.0,https://www.setlist.fm/setlist/joe-jackson/2008/keswick-theatre-glenside-pa-1bdf75f8.html,,,https://www.setlist.fm/setlist/joe-jackson/2008/keswick-theatre-glenside-pa-1bdf75f8.html,tour-tour-2008,2008 * Tour 2008,,,
TICKET_0534,SHOW_2008-04-05_NORTHAMPTON,2008-04-05,Northampton,MA,Calvin Theatre,tickets,kk-joe-jackson-2008-04-05.jpg,"Ken Van Tassell, U.S.A.","Joe Jackson (vocals, piano) ; Graham Maby (bass, backing vocals) ; Dave Houghton (drums, backing vocals)","Steppin' Out, Another World, Too Tough, Citizen Sane, Real Men, Goin' Downtown, King Pleasure Time, On Your Radio, Solo (So Low), The Uptown Train, Obvious Song, Reelin' In the Years (cover of Steely Dan), It's Different for Girls, Take It Like a Man (cover of Joe Jackson Band), One More Time, A Place in the Rain, [Encore 1], You Can't Get What You Want (Till You Know What You Want), Is She Really Going Out With Him?, A Slow Song",19.0,https://www.setlist.fm/setlist/joe-jackson/2008/calvin-theatre-northampton-ma-6be22ec6.html,,,https://www.setlist.fm/setlist/joe-jackson/2008/calvin-theatre-northampton-ma-6be22ec6.html,tour-tour-2008,2008 * Tour 2008,,,
TICKET_0535,SHOW_2008-04-09_REDBANK,2008-04-09,Red Bank,NJ,Count Basie Theatre,tickets,kk-joe-jackson-2008-04-09.jpg,"Gert Schaumlöffel, Germany","Joe Jackson (vocals, piano) ; Graham Maby (bass, backing vocals) ; Dave Houghton (drums, backing vocals)","Steppin' Out, Invisible Man, Real Men, Wasted Time, The Uptown Train, Goin' Downtown, Stranger Than Fiction, On Your Radio, Be My Number Two, Solo (So Low), Rush Across the Road, Awkward Age (cover of Joe Jackson Band), Dirty Martini (cover of Joe Jackson Band), It's Different for Girls, Good Bad Boy, You Can't Get What You Want (Till You Know What You Want), One More Time, [Encore 1], Don't Get Around Much Anymore (cover of Duke Ellington and His Orchestra), Is She Really Going Out With Him?, A Slow Song",20.0,https://www.setlist.fm/setlist/joe-jackson/2008/count-basie-theatre-red-bank-nj-1bcc796c.html,,,https://www.setlist.fm/setlist/joe-jackson/2008/count-basie-theatre-red-bank-nj-1bcc796c.html,tour-tour-2008,2008 * Tour 2008,,,
TICKET_0536,SHOW_2008-04-12_KINGSTON,2008-04-12,Kingston,NY,Ulster Performing Arts Center,tickets,kk-joe-jackson-2008-04-12.jpg,"Gert Schaumlöffel, Germany","Joe Jackson (vocals, piano) ; Graham Maby (bass, backing vocals) ; Dave Houghton (drums, backing vocals)","Steppin' Out, Invisible Man, Another World, Too Tough, Not Here, Not Now, Frank & Ava (cover of Suzanne Vega), Goin' Downtown, The Uptown Train, On Your Radio, Be My Number Two, Solo (So Low), Rush Across the Road, Reelin' In the Years (cover of Steely Dan), It's Different for Girls, Good Bad Boy, One More Time, Blaze of Glory, [Encore 1], You Can't Get What You Want (Till You Know What You Want), Is She Really Going Out With Him?, A Slow Song",21.0,https://www.setlist.fm/setlist/joe-jackson/2008/ulster-performing-arts-centre-kingston-ny-5b8efb58.html,,,https://www.setlist.fm/setlist/joe-jackson/2008/ulster-performing-arts-centre-kingston-ny-5b8efb58.html,tour-tour-2008,2008 * Tour 2008,,,
TICKET_0537,SHOW_2008-04-15_NEWYORK,2008-04-15,New York,NY,Apollo Theater,tickets,kk-joe-jackson-2008-04-15.jpg,"John Nyman, U.S.A.","Joe Jackson (vocals, piano) ; Graham Maby (bass, backing vocals) ; Dave Houghton (drums, backing vocals)","Steppin' Out, Invisible Man, Too Tough, Not Here, Not Now, Dirty Martini (cover of Joe Jackson Band), Cancer, King Pleasure Time, On Your Radio, Solo (So Low), The Uptown Train, Knowing Me, Knowing You (cover of ABBA), Chinatown, It's Different for Girls, Good Bad Boy, One More Time, A Place in the Rain, [Encore 1], You Can't Get What You Want (Till You Know What You Want), Is She Really Going Out With Him?, A Slow Song",21.0,https://www.setlist.fm/setlist/joe-jackson/2008/apollo-theater-new-york-ny-2bcc2cfe.html,,,https://www.setlist.fm/setlist/joe-jackson/2008/apollo-theater-new-york-ny-2bcc2cfe.html,tour-tour-2008,2008 * Tour 2008,,,
TICKET_0538,SHOW_2008-04-16_NEWYORK,2008-04-16,New York,NY,The Town Hall,tickets,"kk-joe-jackson-2008-04-16.jpg, kk-joe-jackson-2008-04-16-2.jpg","Gert Schaumlöffel, Germany","Joe Jackson (vocals, piano) ; Graham Maby (bass, backing vocals) ; Dave Houghton (drums, backing vocals)","Steppin' Out, Invisible Man, Goin' Downtown, Wasted Time, Rush Across the Road, Frank & Ava (cover of Suzanne Vega), Stranger Than Fiction, On Your Radio, Solo (So Low), The Uptown Train, Chinatown / Caravan, Scary Monsters (and Super Creeps) (cover of David Bowie), It's Different for Girls, Good Bad Boy, One More Time, A Place in the Rain, [Encore 1], You Can't Get What You Want (Till You Know What You Want), Is She Really Going Out With Him?, A Slow Song",19.0,https://www.setlist.fm/setlist/joe-jackson/2008/the-town-hall-new-york-ny-3bdf186c.html,,,https://www.setlist.fm/setlist/joe-jackson/2008/the-town-hall-new-york-ny-3bdf186c.html,tour-tour-2008,2008 * Tour 2008,,,
TICKET_0539,SHOW_2008-04-20_ANNARBOR,2008-04-20,Ann Arbor,MI,Michigan Theater,tickets,kk-joe-jackson-2008-04-20.jpg,"Gert Schaumlöffel, Germany","Joe Jackson (vocals, piano) ; Graham Maby (bass, backing vocals) ; Dave Houghton (drums, backing vocals)","Steppin' Out, Invisible Man, Goin' Downtown, Breaking Us in Two, Wasted Time, The Uptown Train, Chinatown, On Your Radio, Solo (So Low), Rush Across the Road, Inbetweenies (cover of Ian Dury), Awkward Age (cover of Joe Jackson Band), It's Different for Girls, Good Bad Boy, You Can't Get What You Want (Till You Know What You Want), One More Time, [Encore 1], Don't Get Around Much Anymore (cover of Duke Ellington and His Orchestra), Is She Really Going Out With Him?, A Slow Song",19.0,https://www.setlist.fm/setlist/joe-jackson/2008/michigan-theatre-ann-arbor-mi-bdbc51a.html,,,https://www.setlist.fm/setlist/joe-jackson/2008/michigan-theatre-ann-arbor-mi-bdbc51a.html,tour-tour-2008,2008 * Tour 2008,,,
TICKET_0540,SHOW_2008-04-24_CHICAGO,2008-04-24,Chicago,IL,Vic Theatre,tickets,kk-joe-jackson-2008-04-24.jpg,"Erica Eisner Kosova, U.S.A.","Joe Jackson (vocals, piano) ; Graham Maby (bass, backing vocals) ; Dave Houghton (drums, backing vocals)","Steppin' Out, Invisible Man, Real Men, Rush Across the Road, Awkward Age (cover of Joe Jackson Band), Stranger Than Fiction, King Pleasure Time, On Your Radio, Solo (So Low), The Uptown Train, Chinatown, Knowing Me, Knowing You (cover of ABBA), It's Different for Girls, Good Bad Boy, You Can't Get What You Want (Till You Know What You Want), One More Time, [Encore 1], Dirty Love (cover of Frank Zappa), Is She Really Going Out With Him?, A Slow Song",20.0,https://www.setlist.fm/setlist/joe-jackson/2008/vic-theatre-chicago-il-53ca9f49.html,,,https://www.setlist.fm/setlist/joe-jackson/2008/vic-theatre-chicago-il-53ca9f49.html,tour-tour-2008,2008 * Tour 2008,,,
TICKET_0541,SHOW_2008-05-01_BOULDER,2008-05-01,Boulder,CO,Boulder Theater,tickets,kk-joe-jackson-2008-05-01.jpg,"Patrick Sullivan, U.S.A.","Joe Jackson (vocals, piano) ; Graham Maby (bass, backing vocals) ; Dave Houghton (drums, backing vocals)","Steppin' Out, Invisible Man, Wasted Time, The Uptown Train, Good Bad Boy, Is She Really Going Out With Him?, You Can't Get What You Want (Till You Know What You Want), One More Time",8.0,https://www.setlist.fm/setlist/joe-jackson/2008/boulder-theater-boulder-co-be5154a.html,,,https://www.setlist.fm/setlist/joe-jackson/2008/boulder-theater-boulder-co-be5154a.html,tour-tour-2008,2008 * Tour 2008,,,
TICKET_0542,SHOW_2008-05-05_VANCOUVER,2008-05-05,Vancouver,Canada,Chan Shun Concert Hall,tickets,kk-joe-jackson-2008-05-05.jpg,"Richard Sheehy, Canada","Joe Jackson (vocals, piano) ; Graham Maby (bass, backing vocals) ; Dave Houghton (drums, backing vocals)","Steppin' Out, Too Tough, Citizen Sane, Goin' Downtown, Wasted Time, Another World, Dirty Martini (cover of Joe Jackson Band), On Your Radio, Solo (So Low), The Uptown Train, Scary Monsters (and Super Creeps) (cover of David Bowie), It's Different for Girls, Good Bad Boy, You Can't Get What You Want (Till You Know What You Want), One More Time, [Encore 1], Don't Get Around Much Anymore (cover of Duke Ellington and His Orchestra), Is She Really Going Out With Him?, A Slow Song",18.0,https://www.setlist.fm/setlist/joe-jackson/2008/chan-centre-for-performing-arts-vancouver-bc-canada-5b8efb4c.html,,,https://www.setlist.fm/setlist/joe-jackson/2008/chan-centre-for-performing-arts-vancouver-bc-canada-5b8efb4c.html,tour-tour-2008,2008 * Tour 2008,,,
TICKET_0543,SHOW_2008-05-11_SANDIEGO,2008-05-11,San Diego,CA,Humphreys,tickets,kk-joe-jackson-2008-05-11.jpg,"Jenniffer Woodson, U.S.A.","Joe Jackson (vocals, piano) ; Graham Maby (bass, backing vocals) ; Dave Houghton (drums, backing vocals)","Be My Number Two, Another World, Too Tough, Citizen Sane, Wasted Time, It's Different for Girls, Goin' Downtown, On Your Radio, Solo (So Low), Steppin' Out, Awkward Age (cover of Joe Jackson Band), Reelin' In the Years (cover of Steely Dan), Good Bad Boy, You Can't Get What You Want (Till You Know What You Want), One More Time, [Encore 1], Is She Really Going Out With Him?, A Slow Song",17.0,https://www.setlist.fm/setlist/joe-jackson/2008/humphreys-san-diego-ca-3ff21b7.html,,,https://www.setlist.fm/setlist/joe-jackson/2008/humphreys-san-diego-ca-3ff21b7.html,tour-tour-2008,2008 * Tour 2008,,,
TICKET_0544,SHOW_2008-05-13_LOSANGELES,2008-05-13,Los Angeles,CA,Orpheum Theatre,tickets,kk-joe-jackson-2008-05-13.jpg,"Jenniffer Woodson, U.S.A.","Joe Jackson (vocals, piano) ; Graham Maby (bass, backing vocals) ; Dave Houghton (drums, backing vocals)","Steppin' Out, Invisible Man, Not Here, Not Now, Rush Across the Road, Dirty Martini (cover of Joe Jackson Band), Stranger Than Fiction, On Your Radio, Solo (So Low), The Uptown Train, Chinatown / Caravan, Scary Monsters (and Super Creeps) (cover of David Bowie), It's Different for Girls, Good Bad Boy, You Can't Get What You Want (Till You Know What You Want), One More Time, A Place in the Rain, [Encore 1], Is She Really Going Out With Him?, A Slow Song",19.0,https://www.setlist.fm/setlist/joe-jackson/2008/orpheum-theatre-los-angeles-ca-bc2417e.html,,,https://www.setlist.fm/setlist/joe-jackson/2008/orpheum-theatre-los-angeles-ca-bc2417e.html,tour-tour-2008,2008 * Tour 2008,,,
TICKET_0545,SHOW_2008-05-20_BRISBANE,2008-05-20,Brisbane,Australia,Convention Centre,tickets,kk-joe-jackson-2008-05-20.jpg,"Anna (Nineteen forever), Australia","Joe Jackson (vocals, piano) ; Graham Maby (bass, backing vocals) ; Dave Houghton (drums, backing vocals)","Steppin' Out, Invisible Man, Wasted Time, Real Men, Goin' Downtown, King Pleasure Time, On Your Radio, Solo (So Low), The Uptown Train, Chinatown, Scary Monsters (and Super Creeps) (cover of David Bowie), It's Different for Girls, You Can't Get What You Want (Till You Know What You Want), One More Time, A Place in the Rain, [Encore 1], Don't Get Around Much Anymore (cover of Duke Ellington and His Orchestra), Is She Really Going Out With Him?, A Slow Song",18.0,https://www.setlist.fm/setlist/joe-jackson/2008/brisbane-convention-centre-brisbane-australia-6bf4964e.html,,,https://www.setlist.fm/setlist/joe-jackson/2008/brisbane-convention-centre-brisbane-australia-6bf4964e.html,tour-tour-2008,2008 * Tour 2008,,,
TICKET_0546,SHOW_2008-06-04_JOHANNESBURG,2008-06-04,Johannesburg,South Africa,Teatro Montecasino,tickets,"kk-joe-jackson-2008-06-04.jpg, kk-joe-jackson-2008-06-03.jpg","Ian Bowes, South Africa","Joe Jackson (vocals, piano) ; Graham Maby (bass, backing vocals) ; Dave Houghton (drums, backing vocals)","Home Town, Steppin' Out, Invisible Man, Breaking Us in Two, Wasted Time, Stranger Than Fiction, King Pleasure Time, On Your Radio, Be My Number Two, Solo (So Low), The Uptown Train, Chinatown, Scary Monsters (and Super Creeps) (cover of David Bowie), It's Different for Girls, You Can't Get What You Want (Till You Know What You Want), One More Time, A Place in the Rain, [Encore 1], Don't Get Around Much Anymore (cover of Duke Ellington and His Orchestra), Is She Really Going Out With Him?, A Slow Song",20.0,https://www.setlist.fm/setlist/joe-jackson/2008/teatro-montecasino-johannesburg-south-africa-be1b11e.html,,,https://www.setlist.fm/setlist/joe-jackson/2008/teatro-montecasino-johannesburg-south-africa-be1b11e.html,tour-tour-2008,2008 * Tour 2008,,,
TICKET_0547,SHOW_2008-06-05_JOHANNESBURG,2008-06-05,Johannesburg,South Africa,Teatro Montecasino,tickets,kk-joe-jackson-2008-06-05.jpg,"Ian Bowes, South Africa","Joe Jackson (vocals, piano) ; Graham Maby (bass, backing vocals) ; Dave Houghton (drums, backing vocals)","Be My Number Two, Another World, Too Tough, Citizen Sane, Real Men, Rush Across the Road, Fools in Love / For Your Love, On Your Radio, Solo (So Low), Steppin' Out, The Uptown Train, Knowing Me, Knowing You (cover of ABBA), It's Different for Girls, Good Bad Boy, You Can't Get What You Want (Till You Know What You Want), One More Time, [Encore 1], Is She Really Going Out With Him?, A Slow Song",19.0,https://www.setlist.fm/setlist/joe-jackson/2008/teatro-montecasino-johannesburg-south-africa-438efb0f.html,,,https://www.setlist.fm/setlist/joe-jackson/2008/teatro-montecasino-johannesburg-south-africa-438efb0f.html,tour-tour-2008,2008 * Tour 2008,,,
TICKET_0548,SHOW_2008-06-07_CAPETOWN,2008-06-07,Cape Town,South Africa,"Grand Arena, GrandWest",tickets,kk-joe-jackson-2008-06-07.jpg,"Ian Bowes, South Africa","Joe Jackson (vocals, piano) ; Graham Maby (bass, backing vocals) ; Dave Houghton (drums, backing vocals)","Steppin' Out, Invisible Man, Real Men, Wasted Time, Goin' Downtown, Fools in Love / For Your Love, King Pleasure Time, On Your Radio, Be My Number Two, Solo (So Low), The Uptown Train, Chinatown, Scary Monsters (and Super Creeps) (cover of David Bowie), It's Different for Girls, You Can't Get What You Want (Till You Know What You Want), One More Time, A Place in the Rain, [Encore 1], Is She Really Going Out With Him?, A Slow Song",19.0,https://www.setlist.fm/setlist/joe-jackson/2008/grand-arena-cape-town-south-africa-538efb0d.html,,,https://www.setlist.fm/setlist/joe-jackson/2008/grand-arena-cape-town-south-africa-538efb0d.html,tour-tour-2008,2008 * Tour 2008,,,
TICKET_0549,SHOW_2008-06-16_WOLVERHAMPTON,2008-06-16,Wolverhampton,U.K.,Civic Hall,tickets,kk-joe-jackson-2008-06-16.jpg,"Mike Baggaley, U.K.","Joe Jackson (vocals, piano) ; Graham Maby (bass, backing vocals) ; Dave Houghton (drums, backing vocals)",,0.0,https://www.setlist.fm/setlist/joe-jackson/2008/civic-hall-wolverhampton-U.K.-53ea2b49.html,,,https://www.setlist.fm/setlist/joe-jackson/2008/civic-hall-wolverhampton-england-53ea2b49.html,tour-tour-2008,2008 * Tour 2008,,,
TICKET_0550,SHOW_2008-06-19_MANCHESTER,2008-06-19,Manchester,U.K.,Bridgewater Hall,tickets,"kk-joe-jackson-2008-06-19.jpg, kk-joe-jackson-2008-06-19-folder.jpg","Nick Gould, U.K.","Joe Jackson (vocals, piano) ; Graham Maby (bass, backing vocals) ; Dave Houghton (drums, backing vocals)",,0.0,https://www.setlist.fm/setlist/joe-jackson/2008/the-bridgewater-hall-manchester-U.K.-63cd2243.html,,,https://www.setlist.fm/setlist/joe-jackson/2008/the-bridgewater-hall-manchester-england-63cd2243.html,tour-tour-2008,2008 * Tour 2008,,,
TICKET_0551,SHOW_2008-06-21_EDINBURGH,2008-06-21,Edinburgh,Scotland,The Queenshall,tickets,"kk-joe-jackson-2008-06-21.jpg, kk-joe-jackson-2008-06-21-online.jpg","Gert Schaumlöffel, Germany","Joe Jackson (vocals, piano) ; Graham Maby (bass, backing vocals) ; Dave Houghton (drums, backing vocals)","Be My Number Two, Steppin' Out, Invisible Man, Goin' Downtown, Fools in Love / For Your Love, The Uptown Train, King Pleasure Time, On Your Radio, Solo (So Low), Wasted Time, Stranger Than Fiction, Scary Monsters (and Super Creeps) (cover of David Bowie), It's Different for Girls, You Can't Get What You Want (Till You Know What You Want), One More Time, A Place in the Rain, [Encore 1], Don't Get Around Much Anymore (cover of Duke Ellington and His Orchestra), Is She Really Going Out With Him?, A Slow Song",19.0,https://www.setlist.fm/setlist/joe-jackson/2008/the-queens-hall-edinburgh-scotland-439dfb8b.html,,,https://www.setlist.fm/setlist/joe-jackson/2008/the-queens-hall-edinburgh-scotland-439dfb8b.html,tour-tour-2008,2008 * Tour 2008,,,
TICKET_0552,SHOW_2008-06-22_LONDON,2008-06-22,London,U.K.,Cadogan Hall,tickets,"kk-joe-jackson-2008-06-22-3.jpg, kk-joe-jackson-2008-06-22.jpg, kk-joe-jackson-2008-06-22-2.jpg","Steve Whitbread, U.K.","Joe Jackson (vocals, piano) ; Graham Maby (bass, backing vocals) ; Dave Houghton (drums, backing vocals)","Be My Number Two, Steppin' Out, Invisible Man, Not Here, Not Now, Goin' Downtown, The Uptown Train, Fools in Love / For Your Love, On Your Radio, Solo (So Low), Wasted Time, Reelin' In the Years (cover of Steely Dan), Good Bad Boy, It's Different for Girls, You Can't Get What You Want (Till You Know What You Want), One More Time, A Place in the Rain, [Encore 1], What’s the Use of Getting Sober (When You’re Gonna Get Drunk Again)? (cover of Louis Jordan and His Tympany Five), Is She Really Going Out With Him?, A Slow Song",20.0,https://www.setlist.fm/setlist/joe-jackson/2008/cadogan-hall-london-england-63f37a43.html,,,https://www.setlist.fm/setlist/joe-jackson/2008/cadogan-hall-london-england-63f37a43.html,tour-tour-2008,2008 * Tour 2008,,,
TICKET_0553,SHOW_2008-07-02_FREIBURG,2008-07-02,Freiburg,Germany,Festivalgelände am Mundenhof,tickets,kk-joe-jackson-2008-07-02.jpg,"Jürgen Haberer, Germany","Joe Jackson (vocals, piano) ; Graham Maby (bass, backing vocals) ; Dave Houghton (drums, backing vocals)","Not Here, Not Now, Fools in Love / For Your Love, The Uptown Train, Steppin' Out, Invisible Man, King Pleasure Time, Take It Like a Man (cover of Joe Jackson Band), On Your Radio, Solo (So Low), Rush Across the Road, Goin' Downtown, Scary Monsters (and Super Creeps) (cover of David Bowie), It's Different for Girls, You Can't Get What You Want (Till You Know What You Want), One More Time, A Place in the Rain, [Encore 1], Don't Get Around Much Anymore (cover of Duke Ellington and His Orchestra), Is She Really Going Out With Him?, A Slow Song",20.0,https://www.setlist.fm/setlist/joe-jackson/2008/mundenhof-gelande-freiburg-germany-73f29299.html,,,https://www.setlist.fm/setlist/joe-jackson/2008/mundenhof-gelande-freiburg-germany-73f29299.html,tour-tour-2008,2008 * Tour 2008,,,
TICKET_0554,SHOW_2008-07-09_KASSEL,2008-07-09,Kassel,Germany,Kulturzelt,tickets,kk-joe-jackson-2008-07-09.jpg,"Gert Schaumlöffel, Germany","Joe Jackson (vocals, piano) ; Graham Maby (bass, backing vocals) ; Dave Houghton (drums, backing vocals)","Home Town, Steppin' Out, Too Tough, Citizen Sane, Real Men, Goin' Downtown, King Pleasure Time, On Your Radio, Solo (So Low), The Uptown Train, Knowing Me, Knowing You (cover of ABBA), Obvious Song, It's Different for Girls, You Can't Get What You Want (Till You Know What You Want), One More Time, A Place in the Rain, [Encore 1], Dirty Love (cover of Frank Zappa), Is She Really Going Out With Him?, A Slow Song",20.0,https://www.setlist.fm/setlist/joe-jackson/2008/kulturzelt-kassel-germany-63d5963f.html,,,https://www.setlist.fm/setlist/joe-jackson/2008/kulturzelt-kassel-germany-63d5963f.html,tour-tour-2008,2008 * Tour 2008,,,
TICKET_0555,SHOW_2008-11-05_TARRYTOWN,2008-11-05,Tarrytown,NY,Music Hall,tickets,kk-joe-jackson-2008-11-05.jpg,"Gert Schaumlöffel, Germany","Joe Jackson (vocals, piano) ; Graham Maby (bass, backing vocals) ; Dave Houghton (drums, backing vocals)",,0.0,https://www.setlist.fm/setlist/joe-jackson/2008/tarrytown-music-hall-tarrytown-ny-438efbdf.html,,,https://www.setlist.fm/setlist/joe-jackson/2008/tarrytown-music-hall-tarrytown-ny-438efbdf.html,tour-tour-2008,2008 * Tour 2008,,,
TICKET_0556,SHOW_2008-11-07_NEWYORK,2008-11-07,New York,NY,Grand Ballroom at Manhattan Center,tickets,kk-joe-jackson-2008-11-07.jpg,"John Nyman, U.S.A.","Joe Jackson (vocals, piano) ; Graham Maby (bass, backing vocals) ; Dave Houghton (drums, backing vocals)","Not Here, Not Now, Fools in Love / For Your Love, Too Tough, Citizen Sane, Still Alive (cover of Joe Jackson Band), Take It Like a Man (cover of Joe Jackson Band), The Uptown Train, It's Different for Girls, On Your Radio, Solo (So Low), Steppin' Out, Inbetweenies (cover of Ian Dury), Good Bad Boy, You Can't Get What You Want (Till You Know What You Want), One More Time, A Place in the Rain, [Encore 1], Yeh, Yeh (cover of Mongo Santamaría), Is She Really Going Out With Him?, A Slow Song",21.0,https://www.setlist.fm/setlist/joe-jackson/2008/the-grand-ballroom-at-manhattan-center-new-york-ny-538efbd1.html,,,https://www.setlist.fm/setlist/joe-jackson/2008/the-grand-ballroom-at-manhattan-center-new-york-ny-538efbd1.html,tour-tour-2008,2008 * Tour 2008,,,
TICKET_0557,SHOW_2008-11-15_MIAMIBEACH,2008-11-15,Miami Beach,FL,The Fillmore at the Jackie Gleason Theater,tickets,kk-joe-jackson-2008-11-15.jpg,"David Gartner, U.S.A.","Joe Jackson (vocals, piano) ; Graham Maby (bass, backing vocals) ; Dave Houghton (drums, backing vocals)","Steppin' Out, Too Tough, Citizen Sane, Fools in Love / For Your Love, Still Alive (cover of Joe Jackson Band), Goin' Downtown, King Pleasure Time, On Your Radio, Solo (So Low), The Uptown Train, Chinatown, It's Different for Girls, You Can't Get What You Want (Till You Know What You Want), One More Time, A Place in the Rain, [Encore 1], Don't Get Around Much Anymore (cover of Duke Ellington and His Orchestra), Is She Really Going Out With Him?, A Slow Song",18.0,https://www.setlist.fm/setlist/joe-jackson/2008/the-fillmore-miami-beach-at-jackie-gleason-theater-miami-beach-fl-43da2fd7.html,,,https://www.setlist.fm/setlist/joe-jackson/2008/the-fillmore-miami-beach-at-jackie-gleason-theater-miami-beach-fl-43da2fd7.html,tour-tour-2008,2008 * Tour 2008,,,
TICKET_0558,SHOW_2008-07-02_FREIBURGIMBREISGAU,2008-07-02,Freiburg im Breisgau,Germany,Zelt-Musik-Festival 2.-21.Juli 2008,passes,kk-joe-jackson-2008-pass-1.jpg,"Gert Schaumlöffel, Germany","Joe Jackson (vocals, piano) ; Graham Maby (bass, backing vocals) ; Dave Houghton (drums, backing vocals)","Not Here, Not Now, Fools in Love / For Your Love, The Uptown Train, Steppin' Out, Invisible Man, King Pleasure Time, Take It Like a Man (cover of Joe Jackson Band), On Your Radio, Solo (So Low), Rush Across the Road, Goin' Downtown, Scary Monsters (and Super Creeps) (cover of David Bowie), It's Different for Girls, You Can't Get What You Want (Till You Know What You Want), One More Time, A Place in the Rain, [Encore 1], Don't Get Around Much Anymore (cover of Duke Ellington and His Orchestra), Is She Really Going Out With Him?, A Slow Song",20.0,https://www.setlist.fm/setlist/joe-jackson/2008/mundenhof-gelande-freiburg-germany-73f29299.html,,,https://www.setlist.fm/setlist/joe-jackson/2008/mundenhof-gelande-freiburg-germany-73f29299.html,tour-2008-tour-2008,2008 * Tour 2008,,,
TICKET_0559,SHOW_2008-07-04_LUGANO,2008-07-04,Lugano,IT,Lugano Festival Jazz 2008,passes,kk-joe-jackson-2008-pass-2.jpg,"Gert Schaumlöffel, Germany","Joe Jackson (vocals, piano) ; Graham Maby (bass, backing vocals) ; Dave Houghton (drums, backing vocals)","Home Town, Steppin' Out, Invisible Man, Wasted Time, Goin' Downtown, King Pleasure Time, On Your Radio, Be My Number Two, The Uptown Train, Scary Monsters (and Super Creeps) (cover of David Bowie), It's Different for Girls, Good Bad Boy, You Can't Get What You Want (Till You Know What You Want), One More Time, Don't Get Around Much Anymore (cover of Duke Ellington and His Orchestra), Is She Really Going Out With Him?, A Slow Song",17.0,https://www.setlist.fm/setlist/joe-jackson/2008/piazza-della-riforma-lugano-switzerland-63f6b2c7.html,,,https://www.setlist.fm/setlist/joe-jackson/2008/piazza-della-riforma-lugano-switzerland-63f6b2c7.html,tour-2008-tour-2008,2008 * Tour 2008,,,
TICKET_0560,SHOW_2008-07-10_TUTTLINGEN,2008-07-10,Tuttlingen,Germany,Honberg Sommer 2008,passes,kk-joe-jackson-2008-pass-3.jpg,"Gert Schaumlöffel, Germany","Joe Jackson (vocals, piano) ; Graham Maby (bass, backing vocals) ; Dave Houghton (drums, backing vocals)",,0.0,,,,https://www.setlist.fm/setlist/joe-jackson/2008/festivalzelt-in-der-ruine-tuttlingen-germany-438efbfb.html,tour-2008-tour-2008,2008 * Tour 2008,,,
TICKET_0561,SHOW_1998-02-03_SEATTLE,1998-02-03,Seattle,WA,Moore Theatre,tickets,kk-joe-jackson-1998-02-03.jpg,"Gert Schaumlöffel, Germany","Joe Jackson (vocals, keyboards) ; Elise Morris (keyboards, vocals) ; Valerie Vigoda (violin, vocals) ; Mary Rowell (violin)",,0.0,https://www.setlist.fm/setlist/joe-jackson/1998/the-moore-theatre-seattle-wa-6be142e6.html,,,https://www.setlist.fm/setlist/joe-jackson/1998/the-moore-theatre-seattle-wa-6be142e6.html,tour-heaven-hell-1998,1998 * Heaven & Hell,,,
TICKET_0562,SHOW_1998-02-15_SAINTPAUL,1998-02-15,Saint Paul,MN,The O'Shaughnessy,tickets,kk-joe-jackson-1998-02-15.jpg,"Ian Bowes, South Africa","Joe Jackson (vocals, keyboards) ; Elise Morris (keyboards, vocals) ; Valerie Vigoda (violin, vocals) ; Mary Rowell (violin)",,0.0,https://www.setlist.fm/setlist/joe-jackson/1998/oshaughnessy-auditorium-st-paul-mn-5b8eff48.html,,,https://www.setlist.fm/setlist/joe-jackson/1998/oshaughnessy-auditorium-st-paul-mn-5b8eff48.html,tour-heaven-hell-1998,1998 * Heaven & Hell,,,
TICKET_0563,SHOW_1998-03-29_MNCHENMUNICH,1998-03-29,München (Munich),Germany,Prinzregententheater,tickets,kk-joe-jackson-1998-03-29.jpg,"Robert Keller, Germany","Joe Jackson (vocals, keyboards) ; Elise Morris (keyboards, vocals) ; Valerie Vigoda (violin, vocals) ; Mary Rowell (violin)",,0.0,https://www.setlist.fm/setlist/joe-jackson/1998/prinzregententheater-munich-germany-53edf7fd.html,,,https://www.setlist.fm/setlist/joe-jackson/1998/prinzregententheater-munich-germany-53edf7fd.html,tour-heaven-hell-1998,1998 * Heaven & Hell,,,
TICKET_0564,SHOW_1998-03-30_KLNCOLOGNE,1998-03-30,Köln (Cologne),Germany,Gürzenich,tickets,kk-joe-jackson-1998-03-30.jpg,"Gert Schaumlöffel, Germany","Joe Jackson (vocals, keyboards) ; Elise Morris (keyboards, vocals) ; Valerie Vigoda (violin, vocals) ; Mary Rowell (violin)","Is She Really Going Out With Him? / It's Different for Girls, Real Men, Be My Number Two, You Can't Get What You Want / Eleanor Rigby, Home Town, The Human Touch, Stranger Than Fiction, Ever After, Prelude, Fugue 1/More Is More, Angel, Tuzla, Passacaglia/A Bud and a Slice, Right, The Bridge, Fugue 2/Song of Daedalus, Steppin' Out, A Slow Song",18.0,https://www.setlist.fm/setlist/joe-jackson/1998/gurzenich-cologne-germany-1bed89ac.html,,,https://www.setlist.fm/setlist/joe-jackson/1998/gurzenich-cologne-germany-1bed89ac.html,tour-heaven-hell-1998,1998 * Heaven & Hell,,,
TICKET_0565,SHOW_1998-04-01_BERLIN,1998-04-01,Berlin,Germany,Hochschule der Künste,tickets,kk-bk-017.jpg,"Björn Krüger, Germany","Joe Jackson (vocals, keyboards) ; Elise Morris (keyboards, vocals) ; Valerie Vigoda (violin, vocals) ; Mary Rowell (violin)","Is She Really Going Out With Him? / It's Different for Girls, Real Men, Nineteen Forever, Stranger Than Fiction, Be My Number Two, You Can't Get What You Want / Eleanor Rigby, Home Town, Ever After, Prelude, Fugue 1/More Is More, Angel, Tuzla, Passacaglia/A Bud and a Slice, Right, The Bridge, Fugue 2/Song of Daedalus, Steppin' Out, A Slow Song",18.0,https://www.setlist.fm/setlist/joe-jackson/1998/hochschule-der-kunste-berlin-germany-43edf7eb.html,,,https://www.setlist.fm/setlist/joe-jackson/1998/hochschule-der-kunste-berlin-germany-43edf7eb.html,tour-heaven-hell-1998,1998 * Heaven & Hell,,,
TICKET_0566,SHOW_1998-04-13_GRONINGEN,1998-04-13,Groningen,Netherlands,De Oosterpoort,tickets,kk-joe-jackson-1998-04-13.jpg,"Johan Gerlach, Netherlands","Joe Jackson (vocals, keyboards) ; Elise Morris (keyboards, vocals) ; Valerie Vigoda (violin, vocals) ; Mary Rowell (violin)",,0.0,https://www.setlist.fm/setlist/joe-jackson/1998/de-oosterpoort-groningen-netherlands-2beff0c6.html,,,https://www.setlist.fm/setlist/joe-jackson/1998/de-oosterpoort-groningen-netherlands-2beff0c6.html,tour-heaven-hell-1998,1998 * Heaven & Hell,,,
TICKET_0567,SHOW_2005-04-13_MELBOURNE,2005-04-13,Melbourne,FL,King Center,tickets,kk-trf-01.jpg,Todd Rundgren Forum - Mockpo,"Joe Jackson (vocals, piano, keyboards) ; Graham Maby (bass, backing vocals) ; Dave Houghton (drums, backing vocals)","Home Town, Steppin' Out, Awkward Age (cover of Joe Jackson Band), Take It Like a Man (cover of Joe Jackson Band), Be My Number Two, Obvious Song, Love at First Light (cover of Joe Jackson Band), Girl (cover of The Beatles), Citizen Sane, Is She Really Going Out With Him?, It's Different for Girls, [Encore 1], Real Men",12.0,https://www.setlist.fm/setlist/joe-jackson/2005/maxwell-c-king-center-for-the-performing-arts-melbourne-fl-7b843e2c.html,,,https://www.setlist.fm/setlist/joe-jackson/2005/maxwell-c-king-center-for-the-performing-arts-melbourne-fl-7b843e2c.html,tour-joe-jackson-todd-rundgren-2005,2005 * Tour with Todd Rundgren,,,
TICKET_0568,SHOW_2005-04-15_CLEARWATER,2005-04-15,Clearwater,FL,Richard B. Baumgardner Center For The Performing Arts,tickets,kk-joe-jackson-2005-04-15.jpg,"Gert Schaumlöffel, Germany","Joe Jackson (vocals, piano, keyboards) ; Graham Maby (bass, backing vocals) ; Dave Houghton (drums, backing vocals)",,0.0,https://www.setlist.fm/setlist/joe-jackson/2005/ruth-eckerd-hall-clearwater-fl-238570fb.html,,,https://www.setlist.fm/setlist/joe-jackson/2005/ruth-eckerd-hall-clearwater-fl-238570fb.html,tour-joe-jackson-todd-rundgren-2005,2005 * Tour with Todd Rundgren,,,
TICKET_0569,SHOW_2005-04-16_POMPANOBEACH,2005-04-16,Pompano Beach,FL,Pompano Beach Amphitheatre,tickets,kk-joe-jackson-2005-04-16.jpg,"Lisa Caplan, U.S.A.","Joe Jackson (vocals, piano, keyboards) ; Graham Maby (bass, backing vocals) ; Dave Houghton (drums, backing vocals)","Home Town, Steppin' Out, Awkward Age (cover of Joe Jackson Band), Take It Like a Man (cover of Joe Jackson Band), It's Different for Girls, Obvious Song, Girl (cover of The Beatles), Be My Number Two, Love at First Light (cover of Joe Jackson Band), Citizen Sane, Is She Really Going Out With Him?",11.0,https://www.setlist.fm/setlist/joe-jackson/2005/pompano-beach-amphitheater-pompano-beach-fl-6bc0464a.html,,,https://www.setlist.fm/setlist/joe-jackson/2005/pompano-beach-amphitheater-pompano-beach-fl-6bc0464a.html,tour-joe-jackson-todd-rundgren-2005,2005 * Tour with Todd Rundgren,,,
TICKET_0570,SHOW_2005-04-23_BALTIMORE,2005-04-23,Baltimore,MD,Rams Head Live,tickets,kk-joe-jackson-2005-04-23.jpg,"Richard Roys, U.S.A.","Joe Jackson (vocals, piano, keyboards) ; Graham Maby (bass, backing vocals) ; Dave Houghton (drums, backing vocals)","Home Town, Steppin' Out, Awkward Age (cover of Joe Jackson Band), Take It Like a Man (cover of Joe Jackson Band), It's Different for Girls, Obvious Song, Be My Number Two, Love at First Light (cover of Joe Jackson Band), Girl (cover of The Beatles), Citizen Sane, Is She Really Going Out With Him?, [Encore 1], Real Men",12.0,https://www.setlist.fm/setlist/joe-jackson/2005/rams-head-live-baltimore-md-13f7095d.html,,,https://www.setlist.fm/setlist/joe-jackson/2005/rams-head-live-baltimore-md-13f7095d.html,tour-2005-tour-with-todd-rundgren,2005 * Tour with Todd Rundgren,,,Todd
TICKET_0571,SHOW_2005-04-29_NEWBRUNSWICK,2005-04-29,New Brunswick,NJ,State Theatre,tickets,kk-jn-22.jpg,"John Nyman, U.S.A.","Joe Jackson (vocals, piano, keyboards) ; Graham Maby (bass, backing vocals) ; Dave Houghton (drums, backing vocals)","Home Town, Steppin' Out, Awkward Age (cover of Joe Jackson Band), Take It Like a Man (cover of Joe Jackson Band), It's Different for Girls, Obvious Song, Love at First Light (cover of Joe Jackson Band), Girl (cover of The Beatles), Be My Number Two, Citizen Sane, Is She Really Going Out With Him?, [Encore 1], The Other Me",12.0,https://www.setlist.fm/setlist/joe-jackson/2005/state-theatre-new-brunswick-nj-4384d7ab.html,,,https://www.setlist.fm/setlist/joe-jackson/2005/state-theatre-new-brunswick-nj-4384d7ab.html,tour-joe-jackson-todd-rundgren-2005,2005 * Tour with Todd Rundgren,,,
TICKET_0572,SHOW_2005-04-30_MASHANTUCKET,2005-04-30,Mashantucket,CT,Foxwoods Casino,tickets,kk-trf-03.jpg,Todd Rundgren Forum - MikeB,"Joe Jackson (vocals, piano, keyboards) ; Graham Maby (bass, backing vocals) ; Dave Houghton (drums, backing vocals)","Home Town, Steppin' Out, Awkward Age (cover of Joe Jackson Band), Take It Like a Man (cover of Joe Jackson Band), It's Different for Girls, Obvious Song, Love at First Light (cover of Joe Jackson Band), Life on Mars? (cover of David Bowie), Be My Number Two, Citizen Sane, Is She Really Going Out With Him?",11.0,https://www.setlist.fm/setlist/joe-jackson/2005/fox-theater-mashantucket-ct-6bf70e82.html,,,https://www.setlist.fm/setlist/joe-jackson/2005/fox-theater-mashantucket-ct-6bf70e82.html,tour-joe-jackson-todd-rundgren-2005,2005 * Tour with Todd Rundgren,,,
TICKET_0573,SHOW_2005-05-03_CLEVELAND,2005-05-03,Cleveland,OH,Playhouse Square Center,tickets,"kk-hd-01.jpg, kk-joe-jackson-2005-05-03.jpg","Henri Dessauvagie, NL","Joe Jackson (vocals, piano, keyboards) ; Graham Maby (bass, backing vocals) ; Dave Houghton (drums, backing vocals)",,0.0,https://www.setlist.fm/setlist/joe-jackson/2005/allen-theatre-cleveland-oh-63d532af.html,,,https://www.setlist.fm/setlist/joe-jackson/2005/allen-theatre-cleveland-oh-63d532af.html,tour-joe-jackson-todd-rundgren-2005,2005 * Tour with Todd Rundgren,,,
TICKET_0574,SHOW_2005-05-13_MILWAUKEE,2005-05-13,Milwaukee,WI,Pabst Theater,tickets,kk-joe-jackson-2005-05-13.jpg,"Gert Schaumlöffel, Germany","Joe Jackson (vocals, piano, keyboards) ; Graham Maby (bass, backing vocals) ; Dave Houghton (drums, backing vocals)",,0.0,https://www.setlist.fm/setlist/joe-jackson/2005/pabst-theater-milwaukee-wi-338ef8e1.html,,,https://www.setlist.fm/setlist/joe-jackson/2005/pabst-theater-milwaukee-wi-338ef8e1.html,tour-joe-jackson-todd-rundgren-2005,2005 * Tour with Todd Rundgren,,,
TICKET_0575,SHOW_2005-05-14_CHICAGO,2005-05-14,Chicago,IL,Cadillac Palace Theatre,tickets,kk-joe-jackson-2005-05-14.jpg,"Erica Eisner Kosova, U.S.A.","Joe Jackson (vocals, piano, keyboards) ; Graham Maby (bass, backing vocals) ; Dave Houghton (drums, backing vocals)",,0.0,https://www.setlist.fm/setlist/joe-jackson/2005/cadillac-palace-chicago-il-5bf2bb98.html,,,https://www.setlist.fm/setlist/joe-jackson/2005/cadillac-palace-chicago-il-5bf2bb98.html,tour-joe-jackson-todd-rundgren-2005,2005 * Tour with Todd Rundgren,,,
TICKET_0576,SHOW_2005-05-17_LOSANGELES,2005-05-17,Los Angeles,CA,Wilshire Theatre,tickets,kk-jw-01.jpg,"Jenniffer Woodson, U.S.A.","Joe Jackson (vocals, piano, keyboards) ; Graham Maby (bass, backing vocals) ; Dave Houghton (drums, backing vocals)","Home Town, Steppin' Out, Awkward Age (cover of Joe Jackson Band), Take It Like a Man (cover of Joe Jackson Band), It's Different for Girls, Obvious Song, Love at First Light (cover of Joe Jackson Band), Hello, Hello, Who's Your Lady Friend? (cover of Harry Fragson), Citizen Sane, Is She Really Going Out With Him?, [Encore 1], The Other Me",13.0,https://www.setlist.fm/setlist/joe-jackson/2005/wilshire-theatre-beverly-hills-beverly-hills-ca-6bc2460a.html,,,https://www.setlist.fm/setlist/joe-jackson/2005/wilshire-theatre-beverly-hills-beverly-hills-ca-6bc2460a.html,tour-joe-jackson-todd-rundgren-2005,2005 * Tour with Todd Rundgren,,,
TICKET_0577,SHOW_2005-05-30_PORTSMOUTH,2005-05-30,Portsmouth,U.K.,The Guildhall,tickets,kk-joe-jackson-2005-05-30.jpg,"Martin Ayling, U.K.","Joe Jackson (vocals, piano, keyboards) ; Graham Maby (bass, backing vocals) ; Dave Houghton (drums, backing vocals)",,0.0,https://www.setlist.fm/setlist/joe-jackson/2005/portsmouth-guildhall-portsmouth-U.K.-2b8ef8da.html,,,https://www.setlist.fm/setlist/joe-jackson/2005/portsmouth-guildhall-portsmouth-england-2b8ef8da.html,tour-joe-jackson-todd-rundgren-2005,2005 * Tour with Todd Rundgren,,,
TICKET_0578,SHOW_2005-06-05_LONDON,2005-06-05,London,U.K.,Hammersmith Apollo,tickets,kk-joe-jackson-2005-06-05.jpg,"Steve Whitbread, U.K.","Joe Jackson (vocals, piano, keyboards) ; Graham Maby (bass, backing vocals) ; Dave Houghton (drums, backing vocals)","Home Town, Steppin' Out, Awkward Age (cover of Joe Jackson Band), Take It Like a Man (cover of Joe Jackson Band), It's Different for Girls, On Your Radio, Love at First Light (cover of Joe Jackson Band), Hello, Hello, Who's Your Lady Friend? (cover of Harry Fragson), Drowning, Citizen Sane, Is She Really Going Out With Him?",13.0,https://www.setlist.fm/setlist/joe-jackson/2005/carling-apollo-hammersmith-london-england-7bdbc67c.html,,,https://www.setlist.fm/setlist/joe-jackson/2005/carling-apollo-hammersmith-london-england-7bdbc67c.html,tour-joe-jackson-todd-rundgren-2005,2005 * Tour with Todd Rundgren,,,
TICKET_0579,SHOW_2005-06-06_GATESHEAD,2005-06-06,Gateshead,U.K.,The Sage,tickets,kk-joe-jackson-2005-06-06.jpg,"Gert Schaumlöffel, Germany","Joe Jackson (vocals, piano, keyboards) ; Graham Maby (bass, backing vocals) ; Dave Houghton (drums, backing vocals)",,0.0,https://www.setlist.fm/setlist/joe-jackson/2005/sage-gateshead-gateshead-U.K.-3b8ef8dc.html,,,https://www.setlist.fm/setlist/joe-jackson/2005/sage-gateshead-gateshead-england-3b8ef8dc.html,tour-joe-jackson-todd-rundgren-2005,2005 * Tour with Todd Rundgren,,,
TICKET_0580,SHOW_2005-06-09_LIVERPOOL,2005-06-09,Liverpool,U.K.,Philharmonic Hall,tickets,kk-joe-jackson-2005-06-09.jpg,"Mike Baggaley, U.K.","Joe Jackson (vocals, piano, keyboards) ; Graham Maby (bass, backing vocals) ; Dave Houghton (drums, backing vocals)","Home Town, Steppin' Out, Awkward Age (cover of Joe Jackson Band), Take It Like a Man (cover of Joe Jackson Band), It's Different for Girls, On Your Radio, Love at First Light (cover of Joe Jackson Band), Hello, Hello, Who's Your Lady Friend? (cover of Harry Fragson), Drowning (with cello from Ethel), Citizen Sane, Is She Really Going Out With Him?",13.0,https://www.setlist.fm/setlist/joe-jackson/2005/liverpool-philharmonic-hall-liverpool-england-63cd225f.html,,,https://www.setlist.fm/setlist/joe-jackson/2005/liverpool-philharmonic-hall-liverpool-england-63cd225f.html,tour-joe-jackson-todd-rundgren-2005,2005 * Tour with Todd Rundgren,,,
TICKET_0581,SHOW_2005-06-11_AMSTERDAM,2005-06-11,Amsterdam,Netherlands,Carré,tickets,kk-hd-02.jpg,"Henri Dessauvagie, NL","Joe Jackson (vocals, piano, keyboards) ; Graham Maby (bass, backing vocals) ; Dave Houghton (drums, backing vocals)","Home Town, Steppin' Out, Awkward Age (cover of Joe Jackson Band), Take It Like a Man (cover of Joe Jackson Band), It's Different for Girls, On Your Radio, Love at First Light (cover of Joe Jackson Band), Real Men, Citizen Sane (new song), Is She Really Going Out With Him?",10.0,https://www.setlist.fm/setlist/joe-jackson/2005/koninklijk-theater-carre-amsterdam-netherlands-53cd1b81.html,,,https://www.setlist.fm/setlist/joe-jackson/2005/koninklijk-theater-carre-amsterdam-netherlands-53cd1b81.html,tour-joe-jackson-todd-rundgren-2005,2005 * Tour with Todd Rundgren,,,
TICKET_0582,SHOW_2005-06-12_AMSTERDAM,2005-06-12,Amsterdam,Netherlands,Carré,tickets,kk-hd-03.jpg,"Henri Dessauvagie, NL","Joe Jackson (vocals, piano, keyboards) ; Graham Maby (bass, backing vocals) ; Dave Houghton (drums, backing vocals)","Home Town, Steppin' Out, Awkward Age (cover of Joe Jackson Band), Take It Like a Man (cover of Joe Jackson Band), It's Different for Girls, On Your Radio, Love at First Light (cover of Joe Jackson Band), Drowning, Citizen Sane, Is She Really Going Out With Him?",10.0,https://www.setlist.fm/setlist/joe-jackson/2005/koninklijk-theater-carre-amsterdam-netherlands-23d24077.html,,,https://www.setlist.fm/setlist/joe-jackson/2005/koninklijk-theater-carre-amsterdam-netherlands-23d24077.html,tour-joe-jackson-todd-rundgren-2005,2005 * Tour with Todd Rundgren,,,
TICKET_0583,SHOW_2005-06-14_PARIS,2005-06-14,Paris,France,Bataclan,tickets,kk-hudu-03.jpg,"Hubert Duhautois, France","Joe Jackson (vocals, piano, keyboards) ; Graham Maby (bass, backing vocals) ; Dave Houghton (drums, backing vocals)",,0.0,https://www.setlist.fm/setlist/joe-jackson/2005/le-bataclan-paris-france-3b8ef8d4.html,,,https://www.setlist.fm/setlist/joe-jackson/2005/le-bataclan-paris-france-3b8ef8d4.html,tour-joe-jackson-todd-rundgren-2005,2005 * Tour with Todd Rundgren,,,
TICKET_0584,SHOW_2005-06-15_PARIS,2005-06-15,Paris,France,Bataclan,tickets,"kk-hudu-04.jpg, kk-trf-02.jpg",Todd Rundgren Forum - lapino,"Joe Jackson (vocals, piano, keyboards) ; Graham Maby (bass, backing vocals) ; Dave Houghton (drums, backing vocals)",,0.0,https://www.setlist.fm/setlist/joe-jackson/2005/le-bataclan-paris-france-2b8ef8ca.html,,,https://www.setlist.fm/setlist/joe-jackson/2005/le-bataclan-paris-france-2b8ef8ca.html,tour-joe-jackson-todd-rundgren-2005,2005 * Tour with Todd Rundgren,,,
TICKET_0585,SHOW_2005-06-16_BOCHUM,2005-06-16,Bochum,Germany,Jahrhunderthalle,tickets,kk-joe-jackson-2005-06-16.jpg,"Gert Schaumlöffel, Germany","Joe Jackson (vocals, piano, keyboards) ; Graham Maby (bass, backing vocals) ; Dave Houghton (drums, backing vocals)",,0.0,https://www.setlist.fm/setlist/joe-jackson/2005/jahrhunderthalle-bochum-germany-3edadef.html,,,https://www.setlist.fm/setlist/joe-jackson/2005/jahrhunderthalle-bochum-germany-3edadef.html,tour-joe-jackson-todd-rundgren-2005,2005 * Tour with Todd Rundgren,,,
TICKET_0586,SHOW_2005-06-18_BRUSSELS,2005-06-18,Brussels,Belgium,Palais des Beaux-Arts,tickets,kk-ep-01.jpg,"Els Pannecoucque, Belgium","Joe Jackson (vocals, piano, keyboards) ; Graham Maby (bass, backing vocals) ; Dave Houghton (drums, backing vocals)",,0.0,https://www.setlist.fm/setlist/joe-jackson/2005/paleis-voor-schone-kunsten-palais-des-beaux-arts-brussels-belgium-33c8e4c9.html,,,https://www.setlist.fm/setlist/joe-jackson/2005/paleis-voor-schone-kunsten-palais-des-beaux-arts-brussels-belgium-33c8e4c9.html,tour-joe-jackson-todd-rundgren-2005,2005 * Tour with Todd Rundgren,,,
TICKET_0587,SHOW_2005-06-23_MNCHENMUNICH,2005-06-23,München (Munich),Germany,Circus Krone,tickets,kk-joe-jackson-2005-06-23.jpg,"Robert Keller, Germany","Joe Jackson (vocals, piano, keyboards) ; Graham Maby (bass, backing vocals) ; Dave Houghton (drums, backing vocals)",,0.0,https://www.setlist.fm/setlist/joe-jackson/2005/circus-krone-munich-germany-13edade1.html,,,https://www.setlist.fm/setlist/joe-jackson/2005/circus-krone-munich-germany-13edade1.html,tour-joe-jackson-todd-rundgren-2005,2005 * Tour with Todd Rundgren,,,
TICKET_0588,SHOW_2005-06-25_HAMBURG,2005-06-25,Hamburg,Germany,Laeiszhalle (Musikhalle),tickets,kk-rt-111.jpg,"Rolf Thalmann, Germany","Joe Jackson (vocals, piano, keyboards) ; Graham Maby (bass, backing vocals) ; Dave Houghton (drums, backing vocals)",,0.0,https://www.setlist.fm/setlist/joe-jackson/2005/laeiszhalle-hamburg-germany-bedade6.html,,,https://www.setlist.fm/setlist/joe-jackson/2005/laeiszhalle-hamburg-germany-bedade6.html,tour-2005-tour-with-todd-rundgren,2005 * Tour with Todd Rundgren,,,
TICKET_0589,SHOW_2005-06-26_BERLIN,2005-06-26,Berlin,Germany,Universität der Künste,tickets,"kk-bk-020.jpg,kk-joe-jackson-2005-06-26.jpg","Björn Krüger, Germany","Joe Jackson (vocals, piano, keyboards) ; Graham Maby (bass, backing vocals) ; Dave Houghton (drums, backing vocals)","Home Town, Steppin' Out, Awkward Age (cover of Joe Jackson Band), Take It Like a Man (cover of Joe Jackson Band), It's Different for Girls, On Your Radio, Love at First Light (cover of Joe Jackson Band), Be My Number Two, Citizen Sane, Is She Really Going Out With Him?",10.0,https://www.setlist.fm/setlist/joe-jackson/2005/universitat-der-kunste-konzertsaal-berlin-germany-bedadea.html,,,https://www.setlist.fm/setlist/joe-jackson/2005/universitat-der-kunste-konzertsaal-berlin-germany-bedadea.html,tour-joe-jackson-todd-rundgren-2005,2005 * Tour with Todd Rundgren,,,
TICKET_0590,SHOW_2005-07-04_BARCELONA,2005-07-04,Barcelona,Spain,Barcelona Teatre Musical,tickets,kk-joe-jackson-barcelona-2005.jpg,"Joan Farran, Spain","Joe Jackson (vocals, piano, keyboards) ; Graham Maby (bass, backing vocals) ; Dave Houghton (drums, backing vocals)","Home Town, Steppin' Out, Awkward Age (cover of Joe Jackson Band), Take It Like a Man (cover of Joe Jackson Band), It's Different for Girls, On Your Radio, Love at First Light (cover of Joe Jackson Band), Be My Number Two, Citizen Sane, Is She Really Going Out With Him?",10.0,https://www.setlist.fm/setlist/joe-jackson/2005/barcelona-teatre-musical-barcelona-spain-538e9be5.html,,,https://www.setlist.fm/setlist/joe-jackson/2005/barcelona-teatre-musical-barcelona-spain-538e9be5.html,tour-joe-jackson-todd-rundgren-2005,2005 * Tour with Todd Rundgren,,,
TICKET_0591,SHOW_2005-01-01_2005,,,,,passes,kk-joe-jackson-2005-pass-1.jpg,"Gert Schaumlöffel, Germany","Joe Jackson (vocals, piano, keyboards) ; Graham Maby (bass, backing vocals) ; Dave Houghton (drums, backing vocals)",,0.0,,,,,tour-2005-joe-jackson-todd-rundgren,2005 * Tour with Todd Rundgren,,,
TICKET_0592,SHOW_2005-06-05_LONDON,2005-06-05,London,U.K.,,passes,kk-joe-jackson-2005-pass-2.jpg,"Gert Schaumlöffel, Germany","Joe Jackson (vocals, piano, keyboards) ; Graham Maby (bass, backing vocals) ; Dave Houghton (drums, backing vocals)","Home Town, Steppin' Out, Awkward Age (cover of Joe Jackson Band), Take It Like a Man (cover of Joe Jackson Band), It's Different for Girls, On Your Radio, Love at First Light (cover of Joe Jackson Band), Hello, Hello, Who's Your Lady Friend? (cover of Harry Fragson), Drowning, Citizen Sane, Is She Really Going Out With Him?",13.0,https://www.setlist.fm/setlist/joe-jackson/2005/carling-apollo-hammersmith-london-england-7bdbc67c.html,,,https://www.setlist.fm/setlist/joe-jackson/2005/carling-apollo-hammersmith-london-england-7bdbc67c.html,tour-2005-joe-jackson-todd-rundgren,2005 * Tour with Todd Rundgren,,,
TICKET_0593,SHOW_1994-11-25_REDBANK,1994-11-25,Red Bank,NJ,Count Basie Theatre,tickets,"kk-joe-jackson-1994-11-25.jpg, kk-joe-jackson-1994-11-25-2.jpg","Benjamin Davis, U.S.A.","Joe Jackson (vocals, piano, keyboards) ; Graham Maby (bass, vocals) ; Mary Rowell (violin) ; Dan Hickey (drums)",,0.0,https://www.setlist.fm/setlist/joe-jackson/1994/count-basie-theatre-red-bank-nj-5b848f64.html,,,https://www.setlist.fm/setlist/joe-jackson/1994/count-basie-theatre-red-bank-nj-5b848f64.html,tour-night-music-1995,"1994 / 1995 * The ""Night Music"" Tour",,,
TICKET_0594,SHOW_1994-11-28_NEWYORK,1994-11-28,New York,NY,Beacon Theater,tickets,"kk-joe-jackson-1994-11-28.jpg, kk-jn-13.jpg","John Nyman, U.S.A.","Joe Jackson (vocals, piano, keyboards) ; Graham Maby (bass, vocals) ; Mary Rowell (violin) ; Dan Hickey (drums)","Flying, Home Town, Real Men, Nocturne No. 4, Is She Really Going Out With Him? / It's Different for Girls, The Other Me, Stranger Than Fiction, The Man Who Wrote Danny Boy, Sea of Secrets, Nocturne No. 2, Down to London, Ever After, Lullaby, Only the Future, Another World, Chinatown, Breaking Us in Two, You Can't Get What You Want (Till You Know What You Want), [Encore 1], Got the Time (Joe on electric guitar), I'm the Man (Joe on electric guitar), Steppin' Out",21.0,https://www.setlist.fm/setlist/joe-jackson/1994/beacon-theatre-new-york-ny-23cdbc9b.html,,,https://www.setlist.fm/setlist/joe-jackson/1994/beacon-theatre-new-york-ny-23cdbc9b.html,tour-night-music-1995,"1994 / 1995 * The ""Night Music"" Tour",,,
TICKET_0595,SHOW_1994-12-05_MINNEAPOLIS,1994-12-05,Minneapolis,MN,Guthrie Theater,tickets,kk-joe-jackson-1994-12-05.jpg,"Shan Lines, U.S.A.","Joe Jackson (vocals, piano, keyboards) ; Graham Maby (bass, vocals) ; Mary Rowell (violin) ; Dan Hickey (drums)",,0.0,https://www.setlist.fm/setlist/joe-jackson/1994/guthrie-theater-minneapolis-mn-1bd52d64.html,,,https://www.setlist.fm/setlist/joe-jackson/1994/guthrie-theater-minneapolis-mn-1bd52d64.html,tour-night-music-1995,"1994 / 1995 * The ""Night Music"" Tour",,,
TICKET_0596,SHOW_1994-12-06_CHICAGO,1994-12-06,Chicago,IL,Bismarck,tickets,kk-joe-jackson-1994-12-06.jpg,"Gert Schaumlöffel, Germany","Joe Jackson (vocals, piano, keyboards) ; Graham Maby (bass, vocals) ; Mary Rowell (violin) ; Dan Hickey (drums)","Flying, Home Town, Real Men, Nocturne No. 4, Is She Really Going Out With Him? / It's Different for Girls, The Other Me, Stranger Than Fiction, The Man Who Wrote Danny Boy, Sea of Secrets, Nocturne No. 2, Down to London, Tango Atlantico, Ever After, Lullaby (partially from tape), Only the Future, Another World, Chinatown, Breaking Us in Two, You Can't Get What You Want (Till You Know What You Want), [Encore 1], Got the Time, I'm the Man, Steppin' Out",22.0,https://www.setlist.fm/setlist/joe-jackson/1994/bismarck-theatre-chicago-il-bd52d5a.html,,,https://www.setlist.fm/setlist/joe-jackson/1994/bismarck-theatre-chicago-il-bd52d5a.html,tour-night-music-1995,"1994 / 1995 * The ""Night Music"" Tour",,,
TICKET_0597,SHOW_1994-12-12_SANFRANCISCO,1994-12-12,San Francisco,CA,The Warfield,tickets,kk-gs-joe-jackson-1994-12-12.jpg,"Gert Schaumlöffel, Germany","Joe Jackson (vocals, piano, keyboards) ; Graham Maby (bass, vocals) ; Mary Rowell (violin) ; Dan Hickey (drums)","Is She Really Going Out With Him? / It's Different for Girls, The Man Who Wrote Danny Boy, [Encore 1], I'm the Man, Steppin' Out",4.0,https://www.setlist.fm/setlist/joe-jackson/1994/the-warfield-san-francisco-ca-53fce369.html,,,https://www.setlist.fm/setlist/joe-jackson/1994/the-warfield-san-francisco-ca-53fce369.html,tour-night-music-1995,"1994 / 1995 * The ""Night Music"" Tour",,,
TICKET_0598,SHOW_1994-12-14_LOSANGELES,1994-12-14,Los Angeles,CA,The Wiltern Theatre,tickets,kk-joe-jackson-1994-12-14.jpg,anonymous,"Joe Jackson (vocals, piano, keyboards) ; Graham Maby (bass, vocals) ; Mary Rowell (violin) ; Dan Hickey (drums)",,0.0,https://www.setlist.fm/setlist/joe-jackson/1994/wiltern-theatre-los-angeles-ca-33eb0c9d.html,,,https://www.setlist.fm/setlist/joe-jackson/1994/wiltern-theatre-los-angeles-ca-33eb0c9d.html,tour-night-music-1995,"1994 / 1995 * The ""Night Music"" Tour",,,
TICKET_0599,SHOW_1982-06-29_LONDON,1982-06-29,London,U.K.,Dominion Theatre,tickets,kk-joe-jackson-1982-06-29.jpg,"Gert Schaumlöffel, Germany","Joe Jackson (vocals, keyboards, alto sax) ; Graham Maby (bass, vocals) ; Larry Tolfree (drums) ; Sue Hadjopoulos (percussion) ; Joy Askew (keyboards, vocals)","One to One (cover of Joe Jackson Band), On Your Radio, Sunday Papers, Cancer, Is She Really Going Out With Him?, Real Men, Breaking Us in Two, It's Different for Girls, Tuxedo Junction (cover of Erskine Hawkins and His Orchestra), [Encore 1], The Motown Medley (Medley of Tamla Motown covers, e.g. Uptight, The Tears Of A Clown, Heat Wave, etc.)",14.0,https://www.setlist.fm/setlist/joe-jackson/1982/dominion-theatre-london-england-3cf515b.html,,,https://www.setlist.fm/setlist/joe-jackson/1982/dominion-theatre-london-england-3cf515b.html,tour-1982-night-day,1982 / 1983 * Night and Day World Tour,,,
TICKET_0600,SHOW_1982-07-17_SAINTPABU,1982-07-17,Saint-Pabu,France,Elixir Festival,tickets,kk-jj-hl-1.jpg,"Hervé Lenoach, France","Joe Jackson (vocals, keyboards, alto sax) ; Graham Maby (bass, vocals) ; Larry Tolfree (drums) ; Sue Hadjopoulos (percussion) ; Joy Askew (keyboards, vocals)","On Your Radio, Sunday Papers, Look Sharp!, Real Men, Is She Really Going Out With Him?, Breaking Us in Two, Target, T.V. Age, It's Different for Girls, Tuxedo Junction (cover of Erskine Hawkins and His Orchestra), Steppin' Out, Friday, One More Time, A Slow Song, I'm the Man, Uptight (Everything's Alright) (cover of Stevie Wonder), The Tears of a Clown (cover of Smokey Robinson & The Miracles), I'm Gonna Make You Love Me (cover of Dee Dee Warwick), How Sweet It Is (To Be Loved by You) (cover of Marvin Gaye), Heat Wave (cover of Martha Reeves and the Vandellas)",20.0,https://www.setlist.fm/setlist/joe-jackson/1982/site-du-festival-saint-pabu-france-53fa134d.html,,,https://www.setlist.fm/setlist/joe-jackson/1982/site-du-festival-saint-pabu-france-53fa134d.html,tour-1982-night-day,1982 / 1983 * Night and Day World Tour,,,
TICKET_0601,SHOW_1982-07-25_LEEDS,1982-07-25,Leeds,U.K.,Roundhay Park Arena Support for the Rolling Stones,tickets,kk-joe-jackson-1982-07-25.jpg,"Gert Schaumlöffel, Germany","Joe Jackson (vocals, keyboards, alto sax) ; Graham Maby (bass, vocals) ; Larry Tolfree (drums) ; Sue Hadjopoulos (percussion) ; Joy Askew (keyboards, vocals)","Look Sharp!, Target, T.V. Age, It's Different for Girls, Is She Really Going Out With Him?, Another World, Breaking Us in Two, Steppin' Out",8.0,https://www.setlist.fm/setlist/joe-jackson/1982/roundhay-park-leeds-england-33df0851.html,,,https://www.setlist.fm/setlist/joe-jackson/1982/roundhay-park-leeds-england-33df0851.html,tour-1982-night-day,1982 / 1983 * Night and Day World Tour,,,
TICKET_0602,SHOW_1982-08-08_GLASGOW,1982-08-08,Glasgow,Scotland,Pavilion Theatre,tickets,kk-joe-jackson-1982-08-08.jpg,"Gert Schaumlöffel, Germany","Joe Jackson (vocals, keyboards, alto sax) ; Graham Maby (bass, vocals) ; Larry Tolfree (drums) ; Sue Hadjopoulos (percussion) ; Joy Askew (keyboards, vocals)","One to One (cover of Joe Jackson Band), On Your Radio, Sunday Papers, Look Sharp!, Cancer, Real Men, Is She Really Going Out With Him?, Friday, Breaking Us in Two, Fools in Love, Another World, Target, T.V. Age, It's Different for Girls, Steppin' Out, Beat Crazy (cover of Joe Jackson Band), One More Time, A Slow Song",18.0,https://www.setlist.fm/setlist/joe-jackson/1982/pavilion-theatre-glasgow-scotland-bcf514a.html,https://youtu.be/vp2GWYog6Kw,,https://www.setlist.fm/setlist/joe-jackson/1982/pavilion-theatre-glasgow-scotland-bcf514a.html,tour-1982-night-day,1982 / 1983 * Night and Day World Tour,,,
TICKET_0603,SHOW_1982-08-12_SOUTHAMPTON,1982-08-12,Southampton,U.K.,Gaumont Theatre,tickets,kk-joe-jackson-1982-08-12.jpg,"Martin Ayling, U.K.","Joe Jackson (vocals, keyboards, alto sax) ; Graham Maby (bass, vocals) ; Larry Tolfree (drums) ; Sue Hadjopoulos (percussion) ; Joy Askew (keyboards, vocals)",,0.0,https://www.setlist.fm/setlist/joe-jackson/1982/gaumont-theatre-southampton-U.K.-bcf5142.html,,,https://www.setlist.fm/setlist/joe-jackson/1982/gaumont-theatre-southampton-england-bcf5142.html,tour-1982-night-day,1982 / 1983 * Night and Day World Tour,,,
TICKET_0604,SHOW_1982-08-13_BRIGHTON,1982-08-13,Brighton,U.K.,The Dome,tickets,kk-joe-jackson-1982-08-13.jpg,"Gert Schaumlöffel, Germany","Joe Jackson (vocals, keyboards, alto sax) ; Graham Maby (bass, vocals) ; Larry Tolfree (drums) ; Sue Hadjopoulos (percussion) ; Joy Askew (keyboards, vocals)",,0.0,https://www.setlist.fm/setlist/joe-jackson/1982/brighton-dome-brighton-U.K.-bcf5146.html,,,https://www.setlist.fm/setlist/joe-jackson/1982/brighton-dome-brighton-england-bcf5146.html,tour-1982-night-day,1982 / 1983 * Night and Day World Tour,,,
TICKET_0605,SHOW_1982-08-15_LONDON,1982-08-15,London,U.K.,Hammersmith Odeon,tickets,"kk-joe-jackson-1982-08-15-1.jpg, kk-joe-jackson-1982-08-15-2.jpg","Gert Schaumlöffel, Germany","Joe Jackson (vocals, keyboards, alto sax) ; Graham Maby (bass, vocals) ; Larry Tolfree (drums) ; Sue Hadjopoulos (percussion) ; Joy Askew (keyboards, vocals)","Look Sharp!, Cancer, Real Men, Friday, Breaking Us in Two, Fools in Love, Chinatown, Target, T.V. Age, It's Different for Girls, Tuxedo Junction (cover of Erskine Hawkins and His Orchestra), Steppin' Out",12.0,https://www.setlist.fm/setlist/joe-jackson/1982/hammersmith-odeon-london-england-1bcf5144.html,,,https://www.setlist.fm/setlist/joe-jackson/1982/hammersmith-odeon-london-england-1bcf5144.html,tour-1982-night-day,1982 / 1983 * Night and Day World Tour,,,
TICKET_0606,SHOW_1982-08-28_NEWYORK,1982-08-28,New York,NY,Pier 84,tickets,kk-joe-jackson-1982-08-28.jpg,"Gert Schaumlöffel, Germany","Joe Jackson (vocals, keyboards, alto sax) ; Graham Maby (bass, vocals) ; Larry Tolfree (drums) ; Sue Hadjopoulos (percussion) ; Joy Askew (keyboards, vocals)","On Your Radio, Another World, Sunday Papers, Look Sharp!, Cancer, Real Men, Is She Really Going Out With Him?, Target, T.V. Age, Tuxedo Junction (cover of Erskine Hawkins and His Orchestra), Steppin' Out, Beat Crazy (cover of Joe Jackson Band), One More Time, A Slow Song, [Encore 1], Friday, [Encore 2], I'm the Man",16.0,https://www.setlist.fm/setlist/joe-jackson/1982/pier-84-new-york-ny-53f2f745.html,,,https://www.setlist.fm/setlist/joe-jackson/1982/pier-84-new-york-ny-53f2f745.html,tour-1982-night-day,1982 / 1983 * Night and Day World Tour,,,
TICKET_0607,SHOW_1982-08-31_COLUMBIA,1982-08-31,Columbia,MD,Merriweather Post Pavilion,tickets,kk-joe-jackson-1982-08-31.jpg,"Gert Schaumlöffel, Germany","Joe Jackson (vocals, keyboards, alto sax) ; Graham Maby (bass, vocals) ; Larry Tolfree (drums) ; Sue Hadjopoulos (percussion) ; Joy Askew (keyboards, vocals)",,0.0,https://www.setlist.fm/setlist/joe-jackson/1982/merriweather-post-pavilion-columbia-md-2b8ea0fe.html,,,https://www.setlist.fm/setlist/joe-jackson/1982/merriweather-post-pavilion-columbia-md-2b8ea0fe.html,tour-1982-night-day,1982 / 1983 * Night and Day World Tour,,,
TICKET_0608,SHOW_1982-09-06_BERKELEY,1982-09-06,Berkeley,CA,Greek Theatere,tickets,kk-joe-jackson-1982-09-06.jpg,"Gert Schaumlöffel, Germany","Joe Jackson (vocals, keyboards, alto sax) ; Graham Maby (bass, vocals) ; Larry Tolfree (drums) ; Sue Hadjopoulos (percussion) ; Joy Askew (keyboards, vocals)","On Your Radio, Another World, Sunday Papers, Look Sharp!, Real Men, Is She Really Going Out With Him?, Breaking Us in Two, Target, T.V. Age, Tuxedo Junction (cover of Erskine Hawkins and His Orchestra), Steppin' Out, Beat Crazy (cover of Joe Jackson Band), One More Time, Friday, A Slow Song, I'm the Man, Uptight (Everything's Alright) / The Tears of a Clown / I'm Gonna Make You Love Me / How Sweet It Is (To Be Loved by You) / Heat Wave",17.0,https://www.setlist.fm/setlist/joe-jackson/1982/greek-theatre-los-angeles-ca-238048ab.html,,,https://www.setlist.fm/setlist/joe-jackson/1982/greek-theatre-los-angeles-ca-238048ab.html,tour-1982-night-day,1982 / 1983 * Night and Day World Tour,,,
TICKET_0609,SHOW_1982-09-09_CONCORD,1982-09-09,Concord,CA,Concord Pavilion,tickets,kk-joe-jackson-1982-09-09.jpg,"Gert Schaumlöffel, Germany","Joe Jackson (vocals, keyboards, alto sax) ; Graham Maby (bass, vocals) ; Larry Tolfree (drums) ; Sue Hadjopoulos (percussion) ; Joy Askew (keyboards, vocals)",,0.0,https://www.setlist.fm/setlist/joe-jackson/1982/concord-pavilion-concord-ca-7b8e9638.html,,,https://www.setlist.fm/setlist/joe-jackson/1982/concord-pavilion-concord-ca-7b8e9638.html,tour-1982-night-day,1982 / 1983 * Night and Day World Tour,,,
TICKET_0610,SHOW_1982-09-11_SEATTLEWA,1982-09-11,Seattle WA,U.S.A.,The Paramount,tickets,kk-joe-jackson-1982-09-11.jpg,"Björn Krüger, Germany","Joe Jackson (vocals, keyboards, alto sax) ; Graham Maby (bass, vocals) ; Larry Tolfree (drums) ; Sue Hadjopoulos (percussion) ; Joy Askew (keyboards, vocals)","On Your Radio, Another World, Sunday Papers, Look Sharp!, Cancer, Real Men, Is She Really Going Out With Him?, Friday, [Set 2], Breaking Us in Two, Fools in Love, Chinatown, Target, T.V. Age, It's Different for Girls, Tuxedo Junction (cover of Erskine Hawkins and His Orchestra), Steppin' Out, Beat Crazy (cover of Joe Jackson Band), One More Time, A Slow Song, [Encore 1], Uptight / Tears of a Clown / I'm Gonna Make You Love Me / How Sweet It Is (To Be Loved By You) / Heatwave, I'm the Man",21.0,https://www.setlist.fm/setlist/joe-jackson/1982/paramount-theatre-portland-or-1bd3c1e4.html,,,https://www.setlist.fm/setlist/joe-jackson/1982/paramount-theatre-portland-or-1bd3c1e4.html,tour-1982-night-day,1982 / 1983 * Night and Day World Tour,,,
TICKET_0611,SHOW_1982-09-13_VANCOUVER,1982-09-13,Vancouver,Canada,Queen Elizabeth Theatre,tickets,kk-joe-jackson-1982-09-13.jpg,"Doug Collett, Canada","Joe Jackson (vocals, keyboards, alto sax) ; Graham Maby (bass, vocals) ; Larry Tolfree (drums) ; Sue Hadjopoulos (percussion) ; Joy Askew (keyboards, vocals)",,0.0,https://www.setlist.fm/setlist/joe-jackson/1982/queen-elizabeth-theatre-vancouver-bc-canada-6b8e9632.html,,,https://www.setlist.fm/setlist/joe-jackson/1982/queen-elizabeth-theatre-vancouver-bc-canada-6b8e9632.html,tour-1982-night-day,1982 / 1983 * Night and Day World Tour,,,
TICKET_0612,SHOW_1982-09-24_CHICAGO,1982-09-24,Chicago,IL,Aragon Ballroom,tickets,kk-joe-jackson-1982-09-24.jpg,"Gert Schaumlöffel, Germany","Joe Jackson (vocals, keyboards, alto sax) ; Graham Maby (bass, vocals) ; Larry Tolfree (drums) ; Sue Hadjopoulos (percussion) ; Joy Askew (keyboards, vocals)",Another World,1.0,https://www.setlist.fm/setlist/joe-jackson/1982/aragon-ballroom-chicago-il-33c2507d.html,,,https://www.setlist.fm/setlist/joe-jackson/1982/aragon-ballroom-chicago-il-33c2507d.html,tour-1982-night-day,1982 / 1983 * Night and Day World Tour,,,
TICKET_0613,SHOW_1982-10-01_ANNARBOR,1982-10-01,Ann Arbor,MI,Hill Auditorium,tickets,kk-joe-jackson-1982-10-01.jpg,"Gert Schaumlöffel, Germany","Joe Jackson (vocals, keyboards, alto sax) ; Graham Maby (bass, vocals) ; Larry Tolfree (drums) ; Sue Hadjopoulos (percussion) ; Joy Askew (keyboards, vocals)",,0.0,https://www.setlist.fm/setlist/joe-jackson/1982/hill-auditorium-ann-arbor-mi-73d7ba91.html,,,https://www.setlist.fm/setlist/joe-jackson/1982/hill-auditorium-ann-arbor-mi-73d7ba91.html,tour-1982-night-day,1982 / 1983 * Night and Day World Tour,,,
TICKET_0614,SHOW_1982-10-09_TORONTO,1982-10-09,Toronto,Canada,Exhibition Stadium - Support for THE WHO,tickets,"kk-joe-jackson-1982-10-09-2.jpg, kk-joe-jackson-1982-10-09.jpg","Gert Schaumlöffel, Germany","Joe Jackson (vocals, keyboards, alto sax) ; Graham Maby (bass, vocals) ; Larry Tolfree (drums) ; Sue Hadjopoulos (percussion) ; Joy Askew (keyboards, vocals)","One More Time, Sunday Papers, Look Sharp!, Fools in Love, On Your Radio, Is She Really Going Out With Him?, Beat Crazy (cover of Joe Jackson Band), Tuxedo Junction (cover of Erskine Hawkins and His Orchestra), Friday, I'm the Man, It's Different for Girls, Another World, T.V. Age, Target, Steppin' Out, Cancer, Breaking Us in Two, Real Men, A Slow Song, Uptight / Tears of a Clown / I'm Gonna Make You Love Me / How Sweet It Is (To Be Loved By You) / Heatwave",20.0,https://www.setlist.fm/setlist/joe-jackson/1982/theatre-st-denis-montreal-qc-canada-3b99347c.html,,,https://www.setlist.fm/setlist/joe-jackson/1982/theatre-st-denis-montreal-qc-canada-3b99347c.html,tour-1982-night-day,1982 / 1983 * Night and Day World Tour,,,
TICKET_0615,SHOW_1982-10-15_SYRACUSE,1982-10-15,Syracuse,NY,Landmark Theatre,tickets,kk-joe-jackson-1982-10-15.jpg,"Gert Schaumlöffel, Germany","Joe Jackson (vocals, keyboards, alto sax) ; Graham Maby (bass, vocals) ; Larry Tolfree (drums) ; Sue Hadjopoulos (percussion) ; Joy Askew (keyboards, vocals)","On Your Radio, Another World, Sunday Papers, Look Sharp!, Fools in Love, Real Men, Is She Really Going Out With Him? (a capella), One More Time, Breaking Us in Two, It's Different for Girls, Cancer, Target, T.V. Age, Tuxedo Junction (cover of Erskine Hawkins and His Orchestra), Steppin' Out, Beat Crazy (cover of Joe Jackson Band), Friday, A Slow Song, [Set 2], Uptight (Everything's Alright) (cover of Stevie Wonder), The Tears of a Clown (cover of Smokey Robinson & The Miracles), I'm Gonna Make You Love Me (cover of Dee Dee Warwick), How Sweet It Is (To Be Loved by You) (cover of Marvin Gaye), Heat Wave (cover of Martha Reeves and the Vandellas), Uptight (Everything's Alright) (cover of Stevie Wonder), [Encore 1], I'm the Man",25.0,https://www.setlist.fm/setlist/joe-jackson/1982/landmark-theatre-syracuse-ny-13fb3569.html,,,https://www.setlist.fm/setlist/joe-jackson/1982/landmark-theatre-syracuse-ny-13fb3569.html,tour-1982-night-day,1982 / 1983 * Night and Day World Tour,,,
TICKET_0616,SHOW_1982-10-23_MILLERSVILLE,1982-10-23,Millersville,PA,Millersville State College,tickets,kk-joe-jackson-1982-10-23.jpg,"Gert Schaumlöffel, Germany","Joe Jackson (vocals, keyboards, alto sax) ; Graham Maby (bass, vocals) ; Larry Tolfree (drums) ; Sue Hadjopoulos (percussion) ; Joy Askew (keyboards, vocals)",,0.0,https://www.setlist.fm/setlist/joe-jackson/1982/millersville-state-college-millersville-pa-638e962b.html,,,https://www.setlist.fm/setlist/joe-jackson/1982/millersville-state-college-millersville-pa-638e962b.html,tour-1982-night-day,1982 / 1983 * Night and Day World Tour,,,
TICKET_0617,SHOW_1982-11-01_UNKNOWN,1982-11-02,Boulder,CO,Macky Auditorium,tickets,kk-joe-jackson-1982-11-01.jpg,"Gert Schaumlöffel, Germany","Joe Jackson (vocals, keyboards, alto sax) ; Graham Maby (bass, vocals) ; Larry Tolfree (drums) ; Sue Hadjopoulos (percussion) ; Joy Askew (keyboards, vocals)","Sunday Papers, Look Sharp!, Fools in Love, Real Men, Cha Cha Loco, Is She Really Going Out With Him?, On Your Radio, Breaking Us in Two, It's Different for Girls, Cancer, Target, T.V. Age, Tuxedo Junction, Steppin' Out, Beat Crazy, One More Time, A Slow Song, Uptight (Everything's Alright), The Tears of a Clown, I'm Gonna Make You Love Me, How Sweet It Is (To Be Loved by You), Heat Wave, Uptight (Everything's Alright), I'm the Man",24.0,https://www.setlist.fm/setlist/joe-jackson/1982/macky-auditorium-boulder-co-3b875c70.html,,,https://www.setlist.fm/setlist/joe-jackson/1982/macky-auditorium-boulder-co-3b875c70.html,tour-1982-night-day,1982 / 1983 * Night and Day World Tour,,,
TICKET_0618,SHOW_1982-11-06_UNKNOWN,1982-11-06,Berkeley,CA,Community Theatre,tickets,kk-joe-jackson-1982-11-06.jpg,"Gert Schaumlöffel, Germany","Joe Jackson (vocals, keyboards, alto sax) ; Graham Maby (bass, vocals) ; Larry Tolfree (drums) ; Sue Hadjopoulos (percussion) ; Joy Askew (keyboards, vocals)","Another World, Sunday Papers, Look Sharp!, Fools in Love, Real Men, Cha Cha Loco, Is She Really Going Out With Him? (doo-wop style), On Your Radio, [Set 2], Night & Day, Breaking Us in Two, It's Different for Girls, Cancer, Target, T.V. Age, Tuxedo Junction (cover of Erskine Hawkins and His Orchestra), Steppin' Out, Beat Crazy (cover of Joe Jackson Band), One More Time, A Slow Song, [Encore 1], Uptight (Everything's Alright) (cover of Stevie Wonder), The Tears of a Clown (cover of Smokey Robinson & The Miracles), I'm Gonna Make You Love Me (cover of Dee Dee Warwick), How Sweet It Is (To Be Loved by You) (cover of Marvin Gaye), Heat Wave (cover of Martha Reeves and the Vandellas), [Encore 2], I'm the Man",25.0,https://www.setlist.fm/setlist/joe-jackson/1982/berkeley-community-theatre-berkeley-ca-2bdf600a.html,,,https://www.setlist.fm/setlist/joe-jackson/1982/berkeley-community-theatre-berkeley-ca-2bdf600a.html,tour-1982-night-day,1982 / 1983 * Night and Day World Tour,,,
TICKET_0619,SHOW_1982-11-12_TEMPE,1982-11-12,Tempe,AZ,Gammage Center,tickets,kk-joe-jackson-1982-11-12.jpg,"Gert Schaumlöffel, Germany","Joe Jackson (vocals, keyboards, alto sax) ; Graham Maby (bass, vocals) ; Larry Tolfree (drums) ; Sue Hadjopoulos (percussion) ; Joy Askew (keyboards, vocals)",,0.0,https://www.setlist.fm/setlist/joe-jackson/1982/gammage-auditorium-tempe-az-b93115e.html,,,https://www.setlist.fm/setlist/joe-jackson/1982/gammage-auditorium-tempe-az-b93115e.html,tour-1982-night-day,1982 / 1983 * Night and Day World Tour,,,
TICKET_0620,SHOW_1982-11-16_AUSTIN,1982-11-16,Austin,TX,Austin Coliseum,tickets,kk-joe-jackson-1982-11-16.jpg,"Gert Schaumlöffel, Germany","Joe Jackson (vocals, keyboards, alto sax) ; Graham Maby (bass, vocals) ; Larry Tolfree (drums) ; Sue Hadjopoulos (percussion) ; Joy Askew (keyboards, vocals)",,0.0,https://www.setlist.fm/setlist/joe-jackson/1982/city-coliseum-austin-tx-1b991198.html,,,https://www.setlist.fm/setlist/joe-jackson/1982/city-coliseum-austin-tx-1b991198.html,tour-1982-night-day,1982 / 1983 * Night and Day World Tour,,,
TICKET_0621,SHOW_1982-12-03_WASHINGTON,1982-12-03,Washington,DC,Warner Theatre,tickets,kk-joe-jackson-1982-12-03.jpg,"Gert Schaumlöffel, Germany","Joe Jackson (vocals, keyboards, alto sax) ; Graham Maby (bass, vocals) ; Larry Tolfree (drums) ; Sue Hadjopoulos (percussion) ; Joy Askew (keyboards, vocals)","On Your Radio, Another World, Sunday Papers, Look Sharp!, Fools in Love, Real Men, Is She Really Going Out With Him?, One More Time, Breaking Us in Two, It's Different for Girls, Cancer, Target, T.V. Age, Tuxedo Junction (cover of Erskine Hawkins and His Orchestra), Steppin' Out, Beat Crazy (cover of Joe Jackson Band)",16.0,https://www.setlist.fm/setlist/joe-jackson/1982/warner-theatre-washington-dc-5bb7e3ac.html,,,https://www.setlist.fm/setlist/joe-jackson/1982/warner-theatre-washington-dc-5bb7e3ac.html,tour-1982-night-day,1982 / 1983 * Night and Day World Tour,,,
TICKET_0622,SHOW_1982-12-09_BOSTON,1982-12-09,Boston,MA,Orpheum Theatre,tickets,kk-joe-jackson-1982-12-09.jpg,"cr8ed, U.S.A.","Joe Jackson (vocals, keyboards, alto sax) ; Graham Maby (bass, vocals) ; Larry Tolfree (drums) ; Sue Hadjopoulos (percussion) ; Joy Askew (keyboards, vocals)","On Your Radio, Another World, Sunday Papers, Look Sharp!, Fools in Love, Real Men, Is She Really Going Out With Him? (A cappella version), One More Time, [Set 2], Breaking Us in Two, It's Different for Girls, Cancer, Target, T.V. Age, Tuxedo Junction (cover of Erskine Hawkins and His Orchestra), Steppin' Out, Beat Crazy (cover of Joe Jackson Band), Got the Time, A Slow Song, [Encore 1], Motown Medley:, [Encore 2], I'm the Man",20.0,https://www.setlist.fm/setlist/joe-jackson/1982/orpheum-theatre-boston-ma-53e143b9.html,,,https://www.setlist.fm/setlist/joe-jackson/1982/orpheum-theatre-boston-ma-53e143b9.html,tour-1982-night-day,1982 / 1983 * Night and Day World Tour,,,
TICKET_0623,SHOW_1982-12-12_EASTRUTHERFORD,1982-12-12,East Rutherford,NJ,Brendan Byrne Arena,tickets,kk-joe-jackson-1982-12-12.jpg,"Gert Schaumlöffel, Germany","Joe Jackson (vocals, keyboards, alto sax) ; Graham Maby (bass, vocals) ; Larry Tolfree (drums) ; Sue Hadjopoulos (percussion) ; Joy Askew (keyboards, vocals)","On Your Radio, Another World, Sunday Papers, Look Sharp!, Fools in Love, Real Men, Is She Really Going Out With Him? (a cappella), One More Time, Breaking Us in Two, It's Different for Girls, Cancer, Target, T.V. Age, Tuxedo Junction (cover of Erskine Hawkins and His Orchestra), Steppin' Out, Beat Crazy (cover of Joe Jackson Band), Got the Time, [Encore 1], A Slow Song, Uptight / Tears of a Clown / I'm Gonna Make You Love Me / How Sweet It Is (To Be Loved By You) / Heatwave, I'm the Man",20.0,https://www.setlist.fm/setlist/joe-jackson/1982/brendan-byrne-arena-east-rutherford-nj-73df0af5.html,,,https://www.setlist.fm/setlist/joe-jackson/1982/brendan-byrne-arena-east-rutherford-nj-73df0af5.html,tour-1982-night-day,1982 / 1983 * Night and Day World Tour,,,
TICKET_0624,SHOW_1982-10-16_1982,1982-10-16,Passaic,NJ,Capitol Theatre,passes,kk-joe-jackson-1982-10-16-pass.jpg,"Gert Schaumlöffel, Germany","Joe Jackson (vocals, keyboards, alto sax) ; Graham Maby (bass, vocals) ; Larry Tolfree (drums) ; Sue Hadjopoulos (percussion) ; Joy Askew (keyboards, vocals)",,0.0,,,,,tour-1982-1983-night-and-day-world-tour,1982 / 1983 * Night and Day World Tour,,,
TICKET_0625,SHOW_1982-12-12_EASTRUTHERFORD,1982-12-12,East Rutherford,NJ,Brendan Byrne Arena,passes,kk-joe-jackson-1982-12-12-pass.jpg,"Gert Schaumlöffel, Germany","Joe Jackson (vocals, keyboards, alto sax) ; Graham Maby (bass, vocals) ; Larry Tolfree (drums) ; Sue Hadjopoulos (percussion) ; Joy Askew (keyboards, vocals)","On Your Radio, Another World, Sunday Papers, Look Sharp!, Fools in Love, Real Men, Is She Really Going Out With Him? (a cappella), One More Time, Breaking Us in Two, It's Different for Girls, Cancer, Target, T.V. Age, Tuxedo Junction (cover of Erskine Hawkins and His Orchestra), Steppin' Out, Beat Crazy (cover of Joe Jackson Band), Got the Time, [Encore 1], A Slow Song, Uptight / Tears of a Clown / I'm Gonna Make You Love Me / How Sweet It Is (To Be Loved By You) / Heatwave, I'm the Man",20.0,https://www.setlist.fm/setlist/joe-jackson/1982/brendan-byrne-arena-east-rutherford-nj-73df0af5.html,,,https://www.setlist.fm/setlist/joe-jackson/1982/brendan-byrne-arena-east-rutherford-nj-73df0af5.html,tour-1982-1983-night-and-day-world-tour,1982 / 1983 * Night and Day World Tour,,,
TICKET_0626,SHOW_1982-11-16_AUSTIN,1982-11-16,Austin,TX,Austin Coliseum,posters,pp_Austin_11_16_1982.webp,ebay,"Joe Jackson (vocals, keyboards, alto sax) ; Graham Maby (bass, vocals) ; Larry Tolfree (drums) ; Sue Hadjopoulos (percussion) ; Joy Askew (keyboards, vocals)",,0.0,,,,https://www.setlist.fm/setlist/joe-jackson/1982/city-coliseum-austin-tx-1b991198.html,tour-1982-1983-night-and-day-world-tour,1982 / 1983 * Night and Day World Tour,,,
TICKET_0627,SHOW_2003-03-24_SANFRANCISCO,2003-03-24,San Francisco,CA,The Fillmore,posters,pp_SF_03_24_2003.webp,ebay,"Joe Jackson (vocals, piano, keyboards) ; Gary Sanford (guitar, backing vocals) ; Graham Maby (bass, backing vocals) ; Dave Houghton (drums, backing vocals)","One More Time, Take It Like a Man (cover of Joe Jackson Band), Awkward Age (cover of Joe Jackson Band), Look Sharp!, Fools in Love / For Your Love, Obvious Song, Bright Grey (cover of Joe Jackson Band), Is She Really Going Out With Him?, Love at First Light (cover of Joe Jackson Band), Girl (solo, cover of The Beatles), Real Men (demo), It's Different for Girls, Fairy Dust (cover of Joe Jackson Band), Beat Crazy (cover of Joe Jackson Band), Little Bit Stupid (cover of Joe Jackson Band), Sunday Papers, Got the Time, [Encore 1], Blaze of Glory, I'm the Man",20.0,https://www.setlist.fm/setlist/joe-jackson/2003/the-fillmore-san-francisco-ca-33de5485.html,,,https://www.setlist.fm/setlist/joe-jackson/2003/the-fillmore-san-francisco-ca-33de5485.html,tour-2003-volume-4-tour,2003 * Volume 4 Tour,,,
TICKET_0628,SHOW_2001-01-14_HAMBURG,2001-01-14,Hamburg,Germany,CCH Saal 2,posters,pp_Hamburg_01_14_2001.webp,ebay,"Joe Jackson (vocals, keyboards) ; Graham Maby (bass, vocals) ; Sue Hadjopoulos (percussion) ; Allison Cornell (violin, keyboards, vocals) ; Andy Ezrin (keyboards) ; Catherine Bent (cello) ; Robert Rodriguez (drums)","Prelude / Hell of a Town, You Can't Get What You Want (Till You Know What You Want), Dear Mom, Stranger Than You, Another World, Chinatown, Is She Really Going Out With Him?, Breaking Us in Two, Be My Number Two (Solo), Home Town (Solo), For No One (cover of The Beatles), Drowning, It's Different for Girls (Solo), Love Got Lost, Real Men, Stranger Than Fiction, Glamour and Pain, Target, Just Because..., Got the Time, Stay / Steppin' Out, Blaze of Glory, A Slow Song",23.0,https://www.setlist.fm/setlist/joe-jackson/2001/saal-2-hamburg-germany-6bd2fa9e.html,,,https://www.setlist.fm/setlist/joe-jackson/2001/saal-2-hamburg-germany-6bd2fa9e.html,tour-2001-night-day-ii-tour,2001 * Night & Day II Tour,,,
TICKET_0629,SHOW_2006-07-12_HAMBURG,2006-07-12,Hamburg,Germany,Fabrik,posters,pp_Hamburg_07_12_2006.webp,ebay,"Joe Jackson (vocals, piano, keyboards) ; Graham Maby (bass, backing vocals) ; Dave Houghton (drums, backing vocals)","Home Town, Steppin' Out, It's Different for Girls, Too Tough, Citizen Sane, Another World, Goin' Downtown, Rush Across the Road, On Your Radio, Real Men, Drunk Song, Invisible Man, Dirty Martini (cover of Joe Jackson Band), Take It Like a Man (cover of Joe Jackson Band), You Can't Get What You Want (Till You Know What You Want), One More Time, [Encore 1], Inbetweenies (cover of Ian Dury), Is She Really Going Out With Him?, A Slow Song",19.0,https://www.setlist.fm/setlist/joe-jackson/2006/fabrik-hamburg-germany-1bedad3c.html,,,https://www.setlist.fm/setlist/joe-jackson/2006/fabrik-hamburg-germany-1bedad3c.html,tour-2007-joe-jackson-trio-tour,2007 * Joe Jackson Trio Tour,,,
TICKET_0630,SHOW_2001-03-13_UPPERDARBY,2001-03-13,Upper Darby,PA,Tower Theater,posters,pp_Upper_Darby_03_13_2001.webp,ebay,"Joe Jackson (vocals, keyboards) ; Graham Maby (bass, vocals) ; Sue Hadjopoulos (percussion) ; Allison Cornell (violin, keyboards, vocals) ; Andy Ezrin (keyboards) ; Catherine Bent (cello) ; Robert Rodriguez (drums)",,0.0,https://www.setlist.fm/setlist/joe-jackson/2001/tower-theatre-upper-darby-pa-7b8efe6c.html,,,https://www.setlist.fm/setlist/joe-jackson/2001/tower-theatre-upper-darby-pa-7b8efe6c.html,tour-2001-night-day-ii-tour,2001 * Night & Day II Tour,,,
TICKET_0631,SHOW_1984-05-07_PARIS,1984-05-07,Paris,France,Le Zenith,posters,pp_Zenith_05_07_1984.webp,ebay,"Joe Jackson (vocals, piano, alto sax) ; Graham Maby (bass, vocals) ; Gary Burke (drums) ; Vinnie Zummo (guitar) ; Tony Aiello (sax, flute) ; Michael Morreale (trumpet) ; Joy Askew (keyboards)","Be My Number Two, Breaking Us in Two, Real Men",3.0,https://www.setlist.fm/setlist/joe-jackson/1984/le-zenith-paris-france-7bfea2e0.html,,,https://www.setlist.fm/setlist/joe-jackson/1984/le-zenith-paris-france-7bfea2e0.html,tour-1984-body-and-soul-tour,1984 * Body and Soul Tour,,,
TICKET_0632,SHOW_1982-09-06_BERKELEY,1982-09-06,Berkeley,CA,Greek Theatere,posters,pp_Greek_Theatre_09_06_82.webp,"Gert Schaumlöffel, Germany","Joe Jackson (vocals, keyboards, alto sax) ; Graham Maby (bass, vocals) ; Larry Tolfree (drums) ; Sue Hadjopoulos (percussion) ; Joy Askew (keyboards, vocals)","On Your Radio, Another World, Sunday Papers, Look Sharp!, Real Men, Is She Really Going Out With Him?, Breaking Us in Two, Target, T.V. Age, Tuxedo Junction (cover of Erskine Hawkins and His Orchestra), Steppin' Out, Beat Crazy (cover of Joe Jackson Band), One More Time, Friday, A Slow Song, I'm the Man, Uptight (Everything's Alright) / The Tears of a Clown / I'm Gonna Make You Love Me / How Sweet It Is (To Be Loved by You) / Heat Wave",17.0,https://www.setlist.fm/setlist/joe-jackson/1982/greek-theatre-los-angeles-ca-238048ab.html,,,https://www.setlist.fm/setlist/joe-jackson/1982/greek-theatre-los-angeles-ca-238048ab.html,tour-1982-1983-night-and-day-world-tour,1982 / 1983 * Night and Day World Tour,,,
TICKET_0633,SHOW_1984-07-12_ROME,1984-07-12,Rome,Italy,Ex Mattatoio,tickets,kk-joe-jackson-1984-07-12.jpg,"Gert Schaumlöffel, Germany","Joe Jackson (vocals, piano, alto sax) ; Graham Maby (bass, vocals) ; Gary Burke (drums) ; Vinnie Zummo (guitar) ; Tony Aiello (sax, flute) ; Michael Morreale (trumpet) ; Joy Askew (keyboards)","Body and Soul (cover of Ambrose and His Orchestra), Heart of Ice, Another World, Sunday Papers, It's Different for Girls, The Verdict, Cha Cha Loco, Breaking Us in Two, Be My Number Two, Is She Really Going Out With Him?, Soul Makossa / T.V. Age (cover of Manu Dibango), Beat Crazy (cover of Joe Jackson Band), Steppin' Out, You Can't Get What You Want (Till You Know What You Want), Jumpin' Jive (cover of Cab Calloway and His Orchestra), Go for It, A Slow Song",17.0,https://www.setlist.fm/setlist/joe-jackson/1984/ex-mattatoio-di-testaccio-rome-italy-63c936eb.html,,,https://www.setlist.fm/setlist/joe-jackson/1984/ex-mattatoio-di-testaccio-rome-italy-63c936eb.html,tour-1984-body-soul,1984 * Body and Soul Tour,,,
TICKET_0634,SHOW_2006-06-16_STPAUL,2006-06-16,St. Paul,MN,Fitzgerald Theater,tickets,kk_Fitzgerald_Theatre_06_16_2006.jpg,"Marek Kraus, Czechia","Joe Jackson (vocals, piano, keyboards) ; Graham Maby (bass, backing vocals) ; Dave Houghton (drums, backing vocals)","Home Town, Steppin' Out, It's Different for Girls, Too Tough, Citizen Sane, Another World, On Your Radio, Invisible Man, Take It Like a Man (cover of Joe Jackson Band), Drunk Song, Goin' Downtown, Life on Mars? (cover of David Bowie), Awkward Age (cover of Joe Jackson Band), You Can't Get What You Want (Till You Know What You Want), Real Men, One More Time, [Encore 1], Dirty Love (cover of Frank Zappa), Is She Really Going Out With Him?, A Slow Song",19.0,https://www.setlist.fm/setlist/joe-jackson/2006/fitzgerald-theater-st-paul-mn-3b8ef8bc.html,https://youtu.be/14VKbqvVHpM,,https://www.setlist.fm/setlist/joe-jackson/2006/fitzgerald-theater-st-paul-mn-3b8ef8bc.html,tour-trio-tour-2007,2007 * Joe Jackson Trio Tour,,,
TICKET_0635,SHOW_2006-06-16_STPAUL,2006-06-16,St. Paul,MN,Fitzgerald Theater,posters,pp_Fitzgerald_06_16_2006.jpg,"Marek Kraus, Czechia","Joe Jackson (vocals, piano, keyboards) ; Graham Maby (bass, backing vocals) ; Dave Houghton (drums, backing vocals)","Home Town, Steppin' Out, It's Different for Girls, Too Tough, Citizen Sane, Another World, On Your Radio, Invisible Man, Take It Like a Man (cover of Joe Jackson Band), Drunk Song, Goin' Downtown, Life on Mars? (cover of David Bowie), Awkward Age (cover of Joe Jackson Band), You Can't Get What You Want (Till You Know What You Want), Real Men, One More Time, [Encore 1], Dirty Love (cover of Frank Zappa), Is She Really Going Out With Him?, A Slow Song",19.0,https://www.setlist.fm/setlist/joe-jackson/2006/fitzgerald-theater-st-paul-mn-3b8ef8bc.html,,,https://www.setlist.fm/setlist/joe-jackson/2006/fitzgerald-theater-st-paul-mn-3b8ef8bc.html,tour-2007-joe-jackson-trio-tour,2007 * Joe Jackson Trio Tour,,,
TICKET_0636,SHOW_1982-10-04_LONDON,1982-10-04,London,Canada,Alumni Hall,tickets,kk_London_Ontario_Alumni_10_04_1982.jpg,"Gert Schaumlöffel, Germany","Joe Jackson (vocals, keyboards, alto sax) ; Graham Maby (bass, vocals) ; Larry Tolfree (drums) ; Sue Hadjopoulos (percussion) ; Joy Askew (keyboards, vocals)",,0.0,https://www.setlist.fm/setlist/joe-jackson/1982/alumni-hall-london-on-canada-53f6eb25.html,,,https://www.setlist.fm/setlist/joe-jackson/1982/alumni-hall-london-on-canada-53f6eb25.html,tour-1982-night-day,1982 / 1983 * Night and Day World Tour,,,
TICKET_0637,SHOW_1994-12-08_DENVER,1994-12-08,Denver,Colorado,Paramount Theatre,tickets,,"Gert Schaumlöffel, Germany","Joe Jackson (vocals, piano, keyboards) ; Graham Maby (bass, vocals) ; Mary Rowell (violin) ; Dan Hickey (drums)","Home Town, Real Men, Nocturne No. 4, Is She Really Going Out With Him? / It's Different for Girls, Not Here, Not Now, Down to London, The Man Who Wrote Danny Boy, Sea of Secrets, Nocturne No. 2, Stranger Than Fiction, Got the Time, Ever After, Lullaby (Joe solo), Only the Future, Another World, Chinatown, Breaking Us in Two, You Can't Get What You Want (Till You Know What You Want), What’s the Use of Getting Sober (When You’re Gonna Get Drunk Again)? (cover of Louis Jordan and His Tympany Five), I'm the Man (Joe on guitar!!), Steppin' Out",22.0,https://www.setlist.fm/setlist/joe-jackson/1994/paramount-theatre-denver-co-73f96ec1.html,https://youtu.be/_aQYnbt_1sE,,https://www.setlist.fm/setlist/joe-jackson/1994/paramount-theatre-denver-co-73f96ec1.html,tour-night-music-1995,"1994 / 1995 * The ""Night Music"" Tour",,,
TICKET_0638,SHOW_1980-05-30_HANLEY,1980-05-26,Geleen,Netherlands,Burgemeester Damen Sportpark - Pink Pop Festival,memorabilia,mm_Geleen_1980_05_26.jpg,anonymous,"Joe Jackson (vocals, piano, keyboards) ; Gary Sanford (guitar, backing vocals) ; Graham Maby (bass, backing vocals) ; Dave Houghton (drums, backing vocals)",,0.0,https://www.setlist.fm/setlist/joe-jackson/1980/victoria-hall-hanley-U.K.-538e9791.html,,,https://www.setlist.fm/setlist/joe-jackson/1980/victoria-hall-hanley-england-538e9791.html,tour-1979-1980-i-m-the-man-tour,1979 / 1980 * I´m The Man Tour,,,"<b>The Jam/J. Geils Band/Van Halen/The Specials/Joe Jackson</b><br><b>Holland</b><br><br><i>A GOOD LINE up, huh? You bet. But as any of the 50,000 who came along to the eleventh Pink Pop Festival would have told you, it's quite a trek to the little town of Geleen in the most south easterly part of Holland. Since Netherlands Railways didn't run any extra trains for this capacity crowd, it was no surprise that sardine-sized fans fell out of the carriages only to find that they'd missed one or two of the bands; I got there for Joe Jackson.</i><br><i>In fine vocal form, Joe sports pillar box red drapes — every inch the spiv. Brash as usual, he launches into 'On Your Radio', followed by a couple of new ones. ""You don't mind new ones do ya?"" he shouts. The response is pretty non-committal; Jackson is cheesed off, does he ever smile?</i><br><i>'Look Sharp' and the new single, Jimmy Cliff's 'The Harder They Come', loosen up the crowd, finally really warming to 'One More Time' and 'Is She Really Going Out With Him?'. The latter has been re-worked (too much airplay?) and includes some subtle harmonies, but lacks the stamina which put it in the charts last year.</i><br><i>Once again our own John Peel was master of ceremonies. And he actually played some music inbetween enlightening the audience on the virtues of Kenny Dalglish and reprimanding the West Ham supporters who had chanted outside his room the previous night.</i><br><i>Now putting the Specials on at Pink Pop would be like expecting Sham 69 to play at Reading without a riot. 2 Tone fever is not exactly rampant in Holland, black and white checks being somewhat drowned in a sea of denim. After all, Pink Pop is to Holland what Knebworth is to Britain — head bashing, beer-swigging good fun. Good fun, that is, for everyone except the Specials. Much of the set was bland, lacking the usual vitality.</i><br><i>But let's be fair, 20 feet up on stage front of 50,000 ain't the local palais. Ska seemed a million miles away, and for one ghastly moment there was a hint that the Specials had been trading riffs with Van Halen backstage. The band made no bones about how they felt — they just weren't enjoying the set. They ploughed on, further aggravating the crowd. ""This is our new single, 'Rat Race'. ""It's sold 12 copies in Holland you bastards,"" said frontman Dammers. 'Too Much Too Young' and 'Message To Rudy' prompted some response, but it was too late for a resurrection.</i><br><i>By way of a contrast, Van Halen won before they even started, and the fact that Alex and Edward Van Halen were once from the land of tulips had very little to do with it. As the band played tracks from their 'Women And Children First' album an aeroplane flew over the arena with a sign advertising the LP trailing behind; it was pure show.</i><br><i>Some of the songs may be new, but they had the same tired old riffs. But with all the hand clapping and waving of Van Halen banners, it was obvious to all that these exponents of HM were the reason for the gathering of the clans; a Union Jack even stood high above the crowd.</i><br><i>So I may be a little bored with all this guitar thrashing but, credit where credit's due, there wasn't a person whose attention was distracted during Edward Van Halen's final guitar solo; and the version of the Kinks 'You Really Got Me' was a treat.</i><br><i>It's about 6.30 pm and the crowd is already thinning out (those damn trains, I guess). More's the pity, for Geleen is in for a rare treat; the J Geils Band. They're heavier and tighter than before, but they've not lost that base that gives them such pulling power. Lead singer Peter Wolfe prances about stage like there's no tomorrow, joined every so often by Magic Dick on some fine blues harp. His blowin' leads into a few choruses of 'Peachy Tree' before the band launch into the title track of their last album, 'Love Stinks'.</i><br><i>Judging by the cheering the crowd's just as pleased to hear a bit of good old rock 'n' roll as I am. Geils are a joy to watch; good musicianship, good times, all wrapped up in a parcel of fun. If there had been aisles then everyone would have danced in them.</i><br><i>Following that was a problem. The adrenalin was running high, but the crowds were thinning out. The Jam played a well-rehearsed, predictable set. Out came the message through numbers like 'Eton Rifles' and 'Going Underground', echoing the band's increasing commerciality.</i><br><i>But the Jam's vibrant crispness was less than was needed. A quick pick-me-up from the ashes of Van Halen and the J Geils Band was doomed from the start. From a sell-out British tour to a depleted Dutch audience into HM — it's a cruel world.</i><br><b>NIK OAKLEY</b>"
TICKET_0639,SHOW_1995-03-13_DSSELDORF,1995-03-13,Düsseldorf,Germany,Philipshalle,posters,pp_Duesseldorf_1995_03_13_wm.jpg,ebay,"Joe Jackson (vocals, piano, keyboards) ; Graham Maby (bass, vocals) ; Mary Rowell (violin) ; Dan Hickey (drums)","Lullaby, Home Town, Real Men, Nocturne No. 4, Is She Really Going Out With Him? / It's Different for Girls, Wild West, Stranger Than Fiction, Down to London, Sea of Secrets, Nocturne No. 2, The Man Who Wrote Danny Boy, Ever After, Only the Future, Another World, Chinatown, Breaking Us in Two, You Can't Get What You Want (Till You Know What You Want), [Encore 1], Got the Time, I'm the Man, Steppin' Out",21.0,https://www.setlist.fm/setlist/joe-jackson/1995/philipshalle-dusseldorf-germany-23f3b0db.html,,,https://www.setlist.fm/setlist/joe-jackson/1995/philipshalle-dusseldorf-germany-23f3b0db.html,tour-1994-1995-the-night-music-tour,"1994 / 1995 * The ""Night Music"" Tour",,,
TICKET_0640,,2006-11-10,Berlin,Germany,Eissporthalle,posters,pp_Berlin_11_10_1986.webp,ebay,"Joe Jackson (vocals, piano, accordion) ; Graham Maby (bass, vocals) ; Gary Burke (drums) ; Vinnie Zummo (guitars, vocals)",,,,,,,tour-1986-big-world-tour,1986 * Big World Tour,,,
TICKET_0641,,2001-04-09,San Francisco,CA,The Fillmore,posters,pp_SF_04_09_2001.webp,ebay,"Joe Jackson (vocals, keyboards) ; Graham Maby (bass, vocals) ; Sue Hadjopoulos (percussion) ; Allison Cornell (violin, keyboards, vocals) ; Andy Ezrin (keyboards) ; Catherine Bent (cello) ; Robert Rodriguez (drums)","Steppin' Out, Home Town, Blue Flame (cover of Joe Jackson Band), Any Major Dude Will Tell You (cover of Steely Dan), Be My Number Two, Eleanor Rigby (cover of The Beatles), It's Different for Girls, The Man Who Wrote Danny Boy, Drowning, The Other Me, Real Men, Love Got Lost, Cancer, Stranger Than You, Satin Doll (cover of Duke Ellington and His Orchestra), Is She Really Going Out With Him?, Sea of Secrets",17,https://www.setlist.fm/setlist/joe-jackson/2001/the-fillmore-san-francisco-ca-63eb9a6f.html,,,https://www.setlist.fm/setlist/joe-jackson/2001/the-fillmore-san-francisco-ca-63eb9a6f.html,tour-2001-night-day-ii-tour,2001 * Night & Day II Tour,,,
TICKET_0642,,2001-04-10,San Francisco,CA,The Fillmore,posters,pp_SF_04_09_2001.webp,ebay,"Joe Jackson (vocals, keyboards) ; Graham Maby (bass, vocals) ; Sue Hadjopoulos (percussion) ; Allison Cornell (violin, keyboards, vocals) ; Andy Ezrin (keyboards) ; Catherine Bent (cello) ; Robert Rodriguez (drums)","Prelude / Hell of a Town, You Can't Get What You Want (Till You Know What You Want), Happyland, Fools in Love, Stranger Than You, Another World, Reelin' In the Years (cover of Steely Dan), Is She Really Going Out With Him?, Not Here, Not Now, Be My Number Two, For No One (cover of The Beatles), Home Town, Love Got Lost, Down to London / The ""In"" Crowd, It's Different for Girls, Glamour and Pain, Target, Just Because..., Got the Time, Stay / Steppin' Out, [Encore 1], ""Heroes"" (cover of David Bowie), One More Time, A Slow Song",23,https://www.setlist.fm/setlist/joe-jackson/2001/the-warfield-san-francisco-ca-4bca876a.html,,,https://www.setlist.fm/setlist/joe-jackson/2001/the-warfield-san-francisco-ca-4bca876a.html,tour-2001-night-day-ii-tour,2001 * Night & Day II Tour,,,
TICKET_0643,,1998-03-30,Köln (Cologne),Germany,Gürzenich,posters,pp_Koeln_03_03_1998.webp,ebay,"Joe Jackson (vocals, keyboards) ; Elise Morris (keyboards, vocals) ; Valerie Vigoda (violin, vocals) ; Mary Rowell (violin)","Is She Really Going Out With Him? / It's Different for Girls, Real Men, Be My Number Two, You Can't Get What You Want / Eleanor Rigby, Home Town, The Human Touch, Stranger Than Fiction, Ever After, Prelude, Fugue 1/More Is More, Angel, Tuzla, Passacaglia/A Bud and a Slice, Right, The Bridge, Fugue 2/Song of Daedalus, Steppin' Out, A Slow Song",18,https://www.setlist.fm/setlist/joe-jackson/1998/gurzenich-cologne-germany-1bed89ac.html,,,https://www.setlist.fm/setlist/joe-jackson/1998/gurzenich-cologne-germany-1bed89ac.html,tour-1998-heaven-hell,1998 * Heaven & Hell,,,
TICKET_0644,,2019-04-01,München (Munich),Germany,Muffathalle,posters,pp_Munich_04_01_2019.webp,,"Joe Jackson (vocals, keyboards) ; Graham Maby (bass, vocals) ; Teddy Kumpel (guitar, vocals) ; Doug Yowell (drums, vocals)","Alchemy, One More Time, Is She Really Going Out With Him?, Another World, Fabulously Absolute, Strange Land, Stranger Than Fiction, Real Men, Cancer, Rain (cover of The Beatles), Invisible Man, Wasted Time, Friend Better, Fool, Sunday Papers, King of the World (cover of Steely Dan), You Can't Get What You Want (Till You Know What You Want), Ode to Joy, I'm the Man, [Encore 1], Home Town, Steppin' Out, Got the Time, Alchemy (reprise)",23,https://www.setlist.fm/setlist/joe-jackson/2019/muffathalle-munich-germany-13938565.html,,,https://www.setlist.fm/setlist/joe-jackson/2019/muffathalle-munich-germany-13938565.html,tour-2019-four-decade-tour,2019 * Four Decade Tour,,,
TICKET_0645,,2022-07-21,Hamburg,Germany,Stadtpark,posters,pp_Hamburg_07_21_2022.webp,,"Joe Jackson (vocals, keyboards) ; Graham Maby (bass, vocals) ; Teddy Kumpel (guitar, vocals) ; Doug Yowell (drums, vocals)","One More Time, Big Black Cloud, Sunday Papers, Dave, Look Sharp!, Fabulously Absolute, Solo (So Low) (Joe Jackson solo), Knowing Me, Knowing You (Joe Jackson solo, cover of ABBA), Real Men, Kings of the City, Blaze of Glory, Fool, Sing You Sinners (cover of The Charleston Chasers), Is She Really Going Out With Him?, It's Different for Girls, I'm the Man, [Encore 1], You Can't Get What You Want (Till You Know What You Want), Steppin' Out",18,https://www.setlist.fm/setlist/joe-jackson/2022/stadtpark-freilichtbuhne-hamburg-germany-bb2c9c2.html,,,https://www.setlist.fm/setlist/joe-jackson/2022/stadtpark-freilichtbuhne-hamburg-germany-bb2c9c2.html,tour-2022-sing-you-sinners-tour,"2022 * ""Sing, You Sinners!"" Tour",,,
TICKET_0646,,1984-06-12,Cleveland,OH,Blossom Music Center,posters,pp_Cleveland_06_12_1984.webp,,,,,https://www.setlist.fm/setlist/joe-jackson/1984/blossom-music-center-cuyahoga-falls-oh-5bcd6f2c.html,,,https://www.setlist.fm/setlist/joe-jackson/1984/blossom-music-center-cuyahoga-falls-oh-5bcd6f2c.html,tour-1984-body-and-soul-tour,1984 * Body and Soul Tour,,,
TICKET_0647,,1979-06-17,Amsterdam,Netherlands,Paradiso,posters,pp_Paradiso_06_17_1979.webp,,,"Look Sharp!, Geraldine and John, Get That Girl, Sunday Papers, Baby Stick Around, Don't Wanna Be Like That, Fools in Love, Is She Really Going Out With Him?, Happy Loving Couples, I'm the Man, Throw It Away, Got the Time, [Encore 1], Pressure Drop (cover of The Maytals), Come On (cover of Chuck Berry), Ain't That a Shame (cover of Fats Domino)",15,https://www.setlist.fm/setlist/joe-jackson/1979/grote-zaal-amsterdam-netherlands-63cd1a23.html,,,https://www.setlist.fm/setlist/joe-jackson/1979/grote-zaal-amsterdam-netherlands-63cd1a23.html,tour-1979-look-sharp-tour,1979 * Look Sharp Tour,,,
TICKET_0648,,1991-06-17,München (Munich),Germany,Circus Krone,posters,pp_Munich_06_17_1991.webp,,"Joe Jackson (vocals, keyboards) ; Graham Maby (bass) ; Dan Hickey (drums) ; Tom Teeley (guitar) ; Sue Hadjopoulos (percussion)",,,https://www.setlist.fm/setlist/joe-jackson/1991/circus-krone-munich-germany-3bfe90a8.html,,,https://www.setlist.fm/setlist/joe-jackson/1991/circus-krone-munich-germany-3bfe90a8.html,tour-1990-1991-laughter-lust-tour,1990 / 1991 * Laughter & Lust Tour,,,
TICKET_0649,,2007-05-12,Düsseldorf,Germany,Philipshalle,posters,pp_Duesseldorf_05_12_2007.webp,,"Joe Jackson (vocals, piano, keyboards) ; Graham Maby (bass, backing vocals) ; Dave Houghton (drums, backing vocals)","Steppin' Out, Another World, Citizen Sane, Not Here, Not Now, The Uptown Train, King Pleasure Time, On Your Radio, Solo (So Low), It's Different for Girls, Wasted Time, Chinatown / Caravan, I'm Looking Through You (cover of The Beatles), Good Bad Boy, You Can't Get What You Want (Till You Know What You Want), One More Time, [Encore 1], Don't Get Around Much Anymore (cover of Duke Ellington and His Orchestra), Is She Really Going Out With Him?, A Slow Song",18,https://www.setlist.fm/setlist/joe-jackson/2007/philipshalle-dusseldorf-germany-43edbb37.html,,,https://www.setlist.fm/setlist/joe-jackson/2007/philipshalle-dusseldorf-germany-43edbb37.html,tour-2007-joe-jackson-trio-tour,2007 * Joe Jackson Trio Tour,,,
TICKET_0650,,1982-11-22,Atlanta,GA,Fox Theatre,tickets,"kk_1982_Atlanta_f.webp, kk_1982_Atlanta_b.webp",ebay,,,,https://www.setlist.fm/setlist/joe-jackson/1982/fox-theatre-atlanta-ga-7b8e962c.html,,,,tour-1982-night-day,1982 / 1983 * Night and Day World Tour,,,
TICKET_0651,,,,Germany,,posters,pp_LLTour_Germany_1991.webp,,"Joe Jackson (vocals, keyboards) ; Graham Maby (bass) ; Dan Hickey (drums) ; Tom Teeley (guitar) ; Sue Hadjopoulos (percussion)",,,,,,,tour-1990-1991-laughter-lust-tour,1990 / 1991 * Laughter & Lust Tour,,,
TICKET_0652,,2016-02-18,Paris,France,L'Olympia,posters,pp_Paris_2016_02_18.webp,,"Joe Jackson (vocals, keyboards) ; Graham Maby (bass, vocals) ; Teddy Kumpel (guitar, vocals) ; Doug Yowell (drums, vocals)","It's Different for Girls, Home Town, Be My Number Two, Big Yellow Taxi (cover of Joni Mitchell), Fast Forward, Is She Really Going Out With Him?, Real Men, You Can't Get What You Want (Till You Know What You Want), If It Wasn't for You, Kings of the City, A Little Smile, Another World, The Blue Time, Scary Monsters (and Super Creeps) (cover of David Bowie), Sunday Papers, Keep On Dreaming, Ode to Joy, Steppin' Out, [Encore 1], See No Evil (cover of Television), One More Time, A Slow Song",21,https://www.setlist.fm/setlist/joe-jackson/2016/lolympia-bruno-coquatrix-paris-france-53f367d9.html,,,https://www.setlist.fm/setlist/joe-jackson/2016/lolympia-bruno-coquatrix-paris-france-53f367d9.html,tour-2016-fast-forward-tour,2016 * Fast Forward Tour,,,
TICKET_0653,,2001-01-31,München (Munich),Germany,Philharmonie,posters,pp_München_2001_01_31.webp,,"Joe Jackson (vocals, keyboards) ; Graham Maby (bass, vocals) ; Sue Hadjopoulos (percussion) ; Allison Cornell (violin, keyboards, vocals) ; Andy Ezrin (keyboards) ; Catherine Bent (cello) ; Robert Rodriguez (drums)",,,https://www.setlist.fm/setlist/joe-jackson/2001/philharmonie-im-gasteig-munich-germany-738efe7d.html,,,https://www.setlist.fm/setlist/joe-jackson/2001/philharmonie-im-gasteig-munich-germany-738efe7d.html,tour-2001-night-day-ii-tour,2001 * Night & Day II Tour,,,
TICKET_0654,,,Milano,Italy,Teatro Tenda Lampugnano,posters,pp_Milano_1986_05_12.jpg,,"Joe Jackson (vocals, piano, accordion) ; Graham Maby (bass, vocals) ; Gary Burke (drums) ; Vinnie Zummo (guitars, vocals)",,,,,,,tour-1986-big-world-tour,1986 * Big World Tour,,,
TICKET_0655,,2010-11-08,Köln (Cologne),Germany,Gloria Theater,posters,pp_Köln_2010_11_08.webp,,"Joe Jackson (vocals, piano) ; Graham Maby (bass, backing vocals) ; Dave Houghton (drums, backing vocals)","It's Different for Girls, Tomorrow's World, Citizen Sane, Fools in Love, Invisible Man, Anyone Who Had a Heart (cover of Burt Bacharach), Cancer (Released on ""Live Music - Europe 2010""), Chinatown, Another World, Sunday Papers, Girl (Released on ""Live Music - Europe 2010"", cover of The Beatles), Real Men, Rush Across the Road, Inbetweenies (cover of Ian Dury), Good Bad Boy, Is She Really Going Out With Him?, Got the Time, [Encore 1], Oh Well (cover of Fleetwood Mac), Steppin' Out, A Slow Song",20,https://www.setlist.fm/setlist/joe-jackson/2010/gloria-theater-cologne-germany-5bcebfcc.html,,,https://www.setlist.fm/setlist/joe-jackson/2010/gloria-theater-cologne-germany-5bcebfcc.html,tour-2010-live-2010,2010 * Live 2010,,,
TICKET_0656,,1980-11-26,Köln (Cologne),Germany,Stadthalle,posters,pp_Köln_1980_11_26.webp,,"Joe Jackson (vocals, piano, keyboards) ; Gary Sanford (guitar, backing vocals) ; Graham Maby (bass, backing vocals) ; Dave Houghton (drums, backing vocals)","One to One (cover of Joe Jackson Band), Is She Really Going Out With Him?, On Your Radio, Look Sharp!, Beat Crazy (cover of Joe Jackson Band), One More Time, I'm the Man, Sunday Papers, Got the Time, Biology (cover of Joe Jackson Band)",10,https://www.setlist.fm/setlist/joe-jackson/1980/stadthalle-koln-mulheim-cologne-germany-2bed90c2.html,,,https://www.setlist.fm/setlist/joe-jackson/1980/stadthalle-koln-mulheim-cologne-germany-2bed90c2.html,tour-1980-beat-crazy-tour,1980 * Beat Crazy Tour,,,
TICKET_0657,,2008-03-10,Hamburg,Germany,Fabrik,posters,pp_Hamburg_2008_03_10.webp,,"Joe Jackson (vocals, piano) ; Graham Maby (bass, backing vocals) ; Dave Houghton (drums, backing vocals)","Intro: Swirly   Steppin' Out, Invisible Man, Too Tough, Chinatown / Caravan, Cancer, Dirty Martini (cover of Joe Jackson Band), King Pleasure Time, On Your Radio, Solo (So Low), Breaking Us in Two, The Uptown Train, Awkward Age (cover of Joe Jackson Band), Reelin' In the Years (cover of Steely Dan), Good Bad Boy, One More Time, A Place in the Rain, [Encore 1], You Can't Get What You Want (Till You Know What You Want), Is She Really Going Out With Him?, A Slow Song",19,https://www.setlist.fm/setlist/joe-jackson/2008/fabrik-hamburg-germany-7bfd2618.html,,,https://www.setlist.fm/setlist/joe-jackson/2008/fabrik-hamburg-germany-7bfd2618.html,tour-2008-tour-2008,2008 * Tour 2008,,,
TICKET_0658,,2019-04-19,Glasgow,U.K.,Glasgow City Hall,posters,pp_Glasgow_2019_04_19.webp,,"Joe Jackson (vocals, keyboards) ; Graham Maby (bass, vocals) ; Teddy Kumpel (guitar, vocals) ; Doug Yowell (drums, vocals)",,,https://www.setlist.fm/setlist/joe-jackson/2019/glasgow-city-halls-glasgow-scotland-339370e1.html,,,https://www.setlist.fm/setlist/joe-jackson/2019/glasgow-city-halls-glasgow-scotland-339370e1.html,tour-2019-four-decade-tour,2019 * Four Decade Tour,,,
TICKET_0659,,2001-01-08,Düsseldorf,Germany,Philipshalle,posters,pp_Düsseldorf_2001_01_08.webp,,"Joe Jackson (vocals, keyboards) ; Graham Maby (bass, vocals) ; Sue Hadjopoulos (percussion) ; Allison Cornell (violin, keyboards, vocals) ; Andy Ezrin (keyboards) ; Catherine Bent (cello) ; Robert Rodriguez (drums)","Prelude / Hell of a Town, You Can't Get What You Want (Till You Know What You Want), Happyland, Stranger Than You, Another World, Reelin' In the Years (cover of Steely Dan), Is She Really Going Out With Him?, Breaking Us in Two, [Set 2], Be My Number Two, Home Town, For No One (cover of The Beatles), You Can't Be Too Strong (cover of Graham Parker & The Rumour), [Set 3], Love Got Lost, Real Men, Blaze of Glory, Glamour and Pain, Target, Just Because..., Got the Time, Stay, Steppin' Out, [Encore 1], Stranger Than Fiction, One More Time, A Slow Song",24,https://www.setlist.fm/setlist/joe-jackson/2001/philipshalle-dusseldorf-germany-6bde6ee6.html,,,https://www.setlist.fm/setlist/joe-jackson/2001/philipshalle-dusseldorf-germany-6bde6ee6.html,tour-2001-night-day-ii-tour,2001 * Night & Day II Tour,,,
TICKET_0660,,2016-03-16,Berlin,Germany,Universität der Künste,posters,pp_Berlin_2016_03_16.webp,,"Joe Jackson (vocals, keyboards) ; Graham Maby (bass, vocals) ; Teddy Kumpel (guitar, vocals) ; Doug Yowell (drums, vocals)","It's Different for Girls, Home Town, Take It Like a Man (cover of Joe Jackson Band), Be My Number Two, Big Yellow Taxi (cover of Joni Mitchell), Fast Forward, Is She Really Going Out With Him? (Graham Maby on bass joins in), [Set 2], Real Men (drummer Doug Yowell and guitarist Teddy Kumpel join in), You Can't Get What You Want (Till You Know What You Want), Kings of the City, A Little Smile, Another World, Junkie Diva, The Blue Time, Scary Monsters (and Super Creeps) (cover of David Bowie), Sunday Papers, Keep On Dreaming, Ode to Joy, Steppin' Out, [Encore 1], See No Evil (cover of Television), One More Time, A Slow Song (musicians leave one by one)",22,https://www.setlist.fm/setlist/joe-jackson/2016/universitat-der-kunste-konzertsaal-berlin-germany-33f0c061.html,,,https://www.setlist.fm/setlist/joe-jackson/2016/universitat-der-kunste-konzertsaal-berlin-germany-33f0c061.html,tour-2016-fast-forward-tour,2016 * Fast Forward Tour,,,
TICKET_0661,,,,,,passes,pass_BWTour.jpg,,"Joe Jackson (vocals, piano, accordion) ; Graham Maby (bass, vocals) ; Gary Burke (drums) ; Vinnie Zummo (guitars, vocals)",,,,,,,tour-1986-big-world-tour,1986 * Big World Tour,,,
TICKET_0662,,2003-08-19,Denver,CO,Gothic Theatre,posters,pp_Gothic_Denver_2002_08_19.webp,,"Joe Jackson (vocals, piano, keyboards) ; Gary Sanford (guitar, backing vocals) ; Graham Maby (bass, backing vocals) ; Dave Houghton (drums, backing vocals)","Steppin' Out, Throw It Away, Take It Like a Man (cover of Joe Jackson Band), Awkward Age (cover of Joe Jackson Band), Down to London, Beat Crazy (cover of Joe Jackson Band), Bright Grey (cover of Joe Jackson Band), Is She Really Going Out With Him?, Love at First Light (cover of Joe Jackson Band), Be My Number Two, Girl (cover of The Beatles), A Slow Song, Fairy Dust (cover of Joe Jackson Band), Little Bit Stupid (cover of Joe Jackson Band), Sunday Papers, On Your Radio, Got the Time, [Encore 1], Look Sharp!, I'm the Man",19,https://www.setlist.fm/setlist/joe-jackson/2003/gothic-theatre-englewood-co-be58956.html,,,https://www.setlist.fm/setlist/joe-jackson/2003/gothic-theatre-englewood-co-be58956.html,tour-2003-volume-4-tour,2003 * Volume 4 Tour,,,
TICKET_0663,,1984-04-12,London,U.K.,Hammersmith Odeon,tickets,"kk_London_1984_04_12.webp, kk_London_1984_04_12b.webp",,,"Body and Soul (cover of Ambrose and His Orchestra), Another World, Cha Cha Loco, You Can't Get What You Want (Till You Know What You Want), Not Here, Not Now, It's Different for Girls, The Verdict, Real Men, Is She Really Going Out With Him?, Happy Ending, Soul Makossa (cover of Manu Dibango), T.V. Age, Memphis, Steppin' Out, Heart of Ice, Is You Is or Is You Ain't (Ma' Baby) (cover of Louis Jordan and His Tympany Five), Go for It",17,https://www.setlist.fm/setlist/joe-jackson/1984/hammersmith-odeon-london-england-6b8e924e.html,,,,tour-1984-body-soul,1984 * Body and Soul Tour,,,
TICKET_0664,,1981-07-19,,,The Ritz,tickets,"kk_Ritz_1981_07_19.jpg, kk_Ritz_1981_07_19b.jpg",,,,,https://www.setlist.fm/setlist/joe-jackson/1981/the-ritz-new-york-ny-7b8e965c.html,,,,tour-1981-jumpin-jive-tour,1981 * Jumpin´Jive Tour,,,
TICKET_0665,SHOW_1980-05-30_HANLEY,1980-05-26,Geleen,Netherlands,Burgemeester Damen Sportpark - Pink Pop Festival,tickets,,anonymous,"Joe Jackson (vocals, piano, keyboards) ; Gary Sanford (guitar, backing vocals) ; Graham Maby (bass, backing vocals) ; Dave Houghton (drums, backing vocals)","DJ Intro, One To One, On Your Radio, Beat Crazy, Fit, Look Sharp!, Mad At You, The Harder They Come, Friday, One More Time, Is She Really Going Out With Him, Don´t Wanna Be Like That, I´m The Many (band intros), DJ Outro",14.0,https://www.setlist.fm/setlist/joe-jackson/1980/victoria-hall-hanley-england-538e9791.html,https://archive.org/details/joe-jackson-geleen-nl-pinkpop-festival-1980/01.+DJ+Intro.mp3,,https://www.setlist.fm/setlist/joe-jackson/1980/victoria-hall-hanley-england-538e9791.html,tour-i-m-the-man-tour-1979-1980,1979 / 1980 * I´m The Man Tour,,,
TICKET_0666,SHOW_1979-12-14_PORTSMOUTH,1979-12-14,Portsmouth,U.K.,The Guildhall,memorabilia,JJ_1980_Record_Mirror_concert_review.jpg,Andreas Wostrack,"Joe Jackson (vocals, piano, keyboards) ; Gary Sanford (guitar, backing vocals) ; Graham Maby (bass, backing vocals) ; Dave Houghton (drums, backing vocals)","Look Sharp!, Friday, Geraldine and John, Kinda Kute, The Harder They Come (cover of Jimmy Cliff), Pretty Boys (cover of Joe Jackson Band), Don't Wanna Be Like That, I'm the Man",8.0,https://www.setlist.fm/setlist/joe-jackson/1979/portsmouth-guildhall-portsmouth-england-43caaffb.html,https://youtu.be/7CbupQfJk-Y,,https://www.setlist.fm/setlist/joe-jackson/1979/portsmouth-guildhall-portsmouth-england-43caaffb.html,tour-1979-1980-i-m-the-man-tour,1979 / 1980 * I´m The Man Tour,,,"<b>JOE JACKSON</b><br><b>Paris Studios, London.</b><br><br>THERE'S TWO ways you can look at this gig: either as a BBC 'In Concert' broadcast or a taster for the upcoming tour. While ostensibly the former, it deputised as the latter, showing Ol' Joe in barn - storming form, evidently unspoiled by recent chart hits, overseas success and all the other ingredients of his new - found fame.<br>Verily did he dash round the stage like a cat on hot bricks, blazing a trail 'twixt microphone and keyboards as he bellowed his way through a concise set of unadulterated beefiness.<br>Opening with 'Look Sharp', Jackson and his impossibly tight backing band did their damnedest to practise what they preach, immaculately clad in black and red, for a crowd comprising coach - loads of school kids.<br>Joe knows he ain't the best - looking dude on a West End stage, something which is having an effect on his song - writing. Nowhere is this more obvious than in a new number, 'Pretty Boys' which was appropriately followed by 'Don't Wanna Be Like That', whose chorus echoes that of the Rats' 'Looking After No 1', a curious reversal in the theft stakes if ever there was one.<br>Jackson has got such a chip on his shoulder that he sardonically referred to his fashionably effete guitarist, Gary Sanford, as “honky tonk!” Elsewhere, however, he showed a healthy respect for the group, magnanimously demanding that they be acknowledged as “musicians.”<br>Meanwhile, his asides to the audience are frequently as cynical as the lyrics themselves. The excellent 'Geraldine And John' was touchingly introduced as “a song that could bring a tear to a glass eye”, whilst Graham Maby's instrument conking out was greeted with the remark “I usually only have to apologise for the bass player — not his equipment as well!”<br>Needless to say, that bit was edited out of the broadcast, unlike the poppy 'Kinda Kute' which Joe wasn't slow to introduce as the next single. Then came a pleasant surprise in the form of Jimmy Cliff's 'The Harder They Come', with Dave Haughton's drums realistically reggaematic.<br>Then the pace quickened for a rousing 'I'm The Man', the man in question leaping around and mercilessly mauling what's left of his hair. Following a Ramonic ending complete with “Hey ho! let's go!”, we grudgingly did go, having received enough to whet the appetite but leave the stomach demanding more. In all, a satisfying snack which augurs well for the banquet of later dates. MIKE NICHOLLS<br><br>photo caption: JJ and “Honky Tonk”?"
TICKET_0667,SHOW_1991-01-01_JOHNNYMAN,1991-07-15,,,,passes,kk-joe-jackson-1991-5.jpg,"Gert Schaumlöffel, Germany","Joe Jackson (vocals, keyboards) ; Graham Maby (bass) ; Dan Hickey (drums) ; Tom Teeley (guitar) ; Sue Hadjopoulos (percussion)",,0.0,,,,https://www.setlist.fm/setlist/joe-jackson/1991/lowell-memorial-auditorium-lowell-ma-4bfe93e2.html,tour-1990-1991-laughter-lust-tour,1990 / 1991 * Laughter & Lust Tour,,,July 15 & 16
TICKET_0668,,1979-05-16,Davis,CA,The  Coffeehouse,posters,pp_UCD_COFEEHOUSE_1979_05_18.jpg,,"Joe Jackson (vocals, piano, keyboards) ; Graham Maby (bass, backing vocals) ; Dave Houghton (drums, backing vocals)","Take It Like a Man, It's Different for Girls, Life Is Just a Bowl of Cherries, Got the Time",4.0,https://www.setlist.fm/setlist/joe-jackson/1979/the-coffee-house-davis-ca-7baa9a50.html,,,https://www.setlist.fm/setlist/joe-jackson/1979/the-coffee-house-davis-ca-7baa9a50.html,tour-1979-look-sharp-tour,1979 * Look Sharp Tour,,,typo on poster (18th May) - Wednesday in 1978 was 16th
TICKET_0669,SHOW_1980-05-03_PORTO,,,,,tour_items,pin_1979_a.jpeg,,"Joe Jackson (vocals, piano, keyboards) ; Gary Sanford (guitar, backing vocals) ; Graham Maby (bass, backing vocals) ; Dave Houghton (drums, backing vocals)",,0.0,,,,https://www.setlist.fm/setlist/joe-jackson/1980/pavilhao-infante-de-sagres-porto-portugal-be585ea.html,tour-1979-1980-i-m-the-man-tour,1979 / 1980 * I´m The Man Tour,,,
TICKET_0670,SHOW_1980-05-03_PORTO,,,,,tour_items,pin_1983_a.jpeg,,"Joe Jackson (vocals, piano, keyboards) ; Gary Sanford (guitar, backing vocals) ; Graham Maby (bass, backing vocals) ; Dave Houghton (drums, backing vocals)",,0.0,,,,https://www.setlist.fm/setlist/joe-jackson/1980/pavilhao-infante-de-sagres-porto-portugal-be585ea.html,tour-1982-1983-night-and-day-world-tour,1982 / 1983 * Night and Day World Tour,,,
TICKET_0671,SHOW_1980-05-03_PORTO,2009-10-20,Prague,Czechia,Lucerna Music Bar,memorabilia,sl_Prague_2009.jpeg,,"Joe Jackson (vocals, piano, keyboards) ; Gary Sanford (guitar, backing vocals) ; Graham Maby (bass, backing vocals) ; Dave Houghton (drums, backing vocals)",,0.0,,,,https://www.setlist.fm/setlist/joe-jackson/1980/pavilhao-infante-de-sagres-porto-portugal-be585ea.html,tour-2009-rain-summer-tour,2009 * Rain Summer Tour,,,Setlist taken after show from stage (with permission)
TICKET_0672,SHOW_2001-01-14_HAMBURG,2001-01-06,Leipzig,Germany,Gewandhaus,posters,pp_Leipzig_01_06.jpeg,Marek Kraus,"Joe Jackson (vocals, keyboards) ; Graham Maby (bass, vocals) ; Sue Hadjopoulos (percussion) ; Allison Cornell (violin, keyboards, vocals) ; Andy Ezrin (keyboards) ; Catherine Bent (cello) ; Robert Rodriguez (drums)","Prelude / Hell of a Town, You Can't Get What You Want (Till You Know What You Want), Happyland, Stranger Than You, Another World, Reelin' In the Years, Is She Really Going Out With Him?, Breaking Us in Two, Home Town, Be My Number Two, Drowning, Eleanor Rigby, It's Different for Girls, Love Got Lost, Real Men, Glamour and Pain, Stranger Than Fiction, Target, Just Because..., Got the Time, Stay / Steppin' Out, One More Time, A Slow Song",23,https://www.setlist.fm/setlist/joe-jackson/2001/gewandhaus-leipzig-germany-4bedf7a2.html,,,https://www.setlist.fm/setlist/joe-jackson/2001/saal-2-hamburg-germany-6bd2fa9e.html,tour-2001-night-day-ii-tour,2001 * Night & Day II Tour,,,
TICKET_0673,,1997-12-11,Hamburg,Germany,Musikhalle,posters,pp_Hamburg_1997_12_11.jpg,Marek Kraus,"Joe Jackson (vocals, keyboards) ; Elise Morris (keyboards, vocals) ; Valerie Vigoda (violin, vocals) ; Mary Rowell (violin)","Is She Really Going Out With Him? / It's Different for Girls, Real Men, Be My Number Two, You Can't Get What You Want / Eleanor Rigby, Home Town, Nineteen Forever, The Other Me, Danny Boy, The Man Who Wrote Danny Boy, Prelude, Fugue 1/More Is More, Angel, Tuzla, Passacaglia/A Bud and a Slice, Right, The Bridge, Fugue 2/Song of Daedalus, Steppin' Out, A Slow Song",19,https://www.setlist.fm/setlist/joe-jackson/1997/musikhalle-hamburg-germany-43c14feb.html,,,https://www.setlist.fm/setlist/joe-jackson/1998/gurzenich-cologne-germany-1bed89ac.html,tour-1998-heaven-hell,1998 * Heaven & Hell,,,
TICKET_0674,,,,,,posters,pp_Beat_Crazy.png,,"Joe Jackson (vocals, piano, keyboards) ; Gary Sanford (guitar, backing vocals) ; Graham Maby (bass, backing vocals) ; Dave Houghton (drums, backing vocals)",,0,,,,https://www.setlist.fm/setlist/joe-jackson/1980/stadthalle-koln-mulheim-cologne-germany-2bed90c2.html,tour-1980-beat-crazy-tour,1980 * Beat Crazy Tour,,,
TICKET_0675,SHOW_1979-04-20_NEWYORK,1979-04-20,New York,NY,The Bottom Line,memorabilia,,Marek Kraus,"Joe Jackson (vocals, piano, keyboards) ; Gary Sanford (guitar, backing vocals) ; Graham Maby (bass, backing vocals) ; Dave Houghton (drums, backing vocals)","One More Time, Pretty Girls, Look Sharp!, Geraldine and John, Sunday Papers, Baby Stick Around, Fools in Love, Is She Really Going Out With Him?, Happy Loving Couples, I'm the Man, Throw It Away, Got the Time",12.0,https://www.setlist.fm/setlist/joe-jackson/1979/the-bottom-line-new-york-ny-2bcc140a.html,,,https://www.setlist.fm/setlist/joe-jackson/1979/the-bottom-line-new-york-ny-2bcc140a.html,tour-1979-look-sharp-tour,1979 * Look Sharp Tour,,,"<b>Joe Jackson : the life of the party</b><br>Joe Jackson<br>The Bottom Line<br>New York City,br>April 20th, 1979<br>By John Milward<br><br>SOMEONE AT THE Bottom Line shouts out a request for Elvis Costello’s “Watching the Detectives,” and Joe Jackson responds with a cool, uppity glare that seems to say there’s one in every crowd. This isn’t just New Wave belligerence, however; rather, it’s Jackson baring his competitive instincts. And his resentment is understandable, especially since his appeal so closely mirrors Costello’s. Both men write pithy, melodic songs that shuffle proven pop styles like so many playing cards. But where Costello’s angry lyrics distance him from the crowd, Jackson sticks to the more traditional themes of romance and the advantages therein of “looking sharp.” Costello seeks to be the fly in the ointment; Jackson wants to be the life of the party.<br>Jackson opened the second of four sold-out Bottom Line shows with “One More Time,” and the song’s Who-cum-Kinks construction came on like a battle cry for another British invasion. Echoes of other old masters appeared throughout the set, from the bleating mannerisms of the Dave Clark Five (“Throw It Away”) to the low-smack charm of the early Beatles (the chorus to “Is She Really Going Out with Him?”). But Jackson is a talented thief, and the obvious influences can’t keep his good songs down.<br>Guitarist Gary Sanford is the sharpest of the power trio that backs Jackson, with his torrent of tightly choked chords pushing the singer’s cheap organ and giving the songs a feverish electric edge. The rhythm section, however, can be a bit sluggish; the band sometimes sounds as if it were chasing the arrangement instead of standing squarely on top of it. But experience should tighten Jackson’s act; Elvis Costello and the Attractions’ first two American tours were as different as night and day, and we should expect no less from Joe Jackson.<br>Though his lean-bones style and close-cropped hair put him squarely in the postpunk pop camp, his onstage personality is old-school ego. His patter was uncomfortably one-dimensional: he boasted about his hitbound chart position, asked who had bought his Look Sharp! LP and introduced a mediocre, sincere cover of Toots and the Maytals’ “Pressure Drop” as the “real” source of the reggae standard. When he introduced his song of media myopia, “Sunday Papers,” he quoted headlines from an easy target, the National Enquirer, instead of, say, the Sunday New York Times.<br>Joe Jackson is compatible with the other classically styled, commercially successful bands that have grown from the New Wave’s soil (e.g., the Police, Cars). The bold line on Jackson is that the mainstream AOR acceptance of his relatively low-key cabaret rock reads people to more adventurous New Wave performers like the Clash. This analysis standard-fails on experience, however; isn’t AOR as strong as Jackson’s best tunes. Jackson must yet prove that he will go deeper than his floor-plan pop framework, but his splashing debut has set an admirably high standard."
TICKET_0676,SHOW_1986-01-01_1986,,,,,t-shirts,tt_Volume4.jpeg,Marek Kraus,"Joe Jackson (vocals, piano, accordion) ; Graham Maby (bass, vocals) ; Gary Burke (drums) ; Vinnie Zummo (guitars, vocals)",,0.0,,,,,tour-2003-volume-4-tour,2003 * Volume 4 Tour,,,
TICKET_0677,SHOW_1986-01-01_1986,,,,,t-shirts,tt_Duke.jpeg,Marek Kraus,"Joe Jackson (vocals, piano, accordion) ; Graham Maby (bass, vocals) ; Gary Burke (drums) ; Vinnie Zummo (guitars, vocals)",,0.0,,,,,tour-2012-world-tour-2012,2012 * World Tour 2012,,,
TICKET_0678,SHOW_1991-08-03_BERKELEY,1991-08-03,Berkeley,CA,Greek Theatre (open air),posters,pp_Greek_Theatre__1991_08_03.jpg,"Gert Schaumlöffel, Germany","Joe Jackson (vocals, keyboards) ; Graham Maby (bass) ; Dan Hickey (drums) ; Tom Teeley (guitar) ; Sue Hadjopoulos (percussion)","Steppin' Out, It's Different for Girls, Got the Time, Obvious Song, Goin' Downtown, Fools in Love, Hit Single, Chinatown, Another World, Look Sharp!, The Other Me, Real Men, Right and Wrong, Rant and Rave, Nineteen Forever, Oh Well (cover of Fleetwood Mac), Jamie G., One More Time, [Encore 1], Stranger Than Fiction, I'm the Man, A Slow Song",21.0,https://www.setlist.fm/setlist/joe-jackson/1991/william-randolph-hearst-greek-theatre-berkeley-ca-53fce375.html,,,https://www.setlist.fm/setlist/joe-jackson/1991/william-randolph-hearst-greek-theatre-berkeley-ca-53fce375.html,tour-1990-1991-laughter-lust-tour,1990 / 1991 * Laughter & Lust Tour,,,
TICKET_0679,,,,,,t-shirts,tt_Max.jpeg,Marek Kraus,,,,,,,,tour-2024-max-champion-in-what-a-racket-tour,2024 * Max Champion in What A Racket Tour,,,
TICKET_0680,,2024-10-21,Dublin,Ireland,3Olympia Theatre,tickets,,Marek Kraus,,,,https://www.setlist.fm/setlist/joe-jackson/2024/3olympia-theatre-dublin-ireland-3505d1f.html,,,,tour-2024-max-champion-in-what-a-racket-tour,2024 * Max Champion in What A Racket Tour,,,
TICKET_0681,,,,,,t-shirts,"tt_1983_Night_Day.webp, tt_1983_Night_Day_bk.webp",ebay,,,,,,,,tour-1982-1983-night-and-day-world-tour,1982 / 1983 * Night and Day World Tour,,,
TICKET_0682,SHOW_2022-07-08_STUTTGART,2006-07-26,Stuttgart,Germany,Pariser Platz,tickets,,"Andreas Wostrack, Germany","Joe Jackson (vocals, keyboards) ; Graham Maby (bass, vocals) ; Teddy Kumpel (guitar, vocals) ; Doug Yowell (drums, vocals)","Home Town, Steppin Out, It´S Different For Girls, Another World, Going Downtown (Rhapsody In Blue), On Your Radio, Cancer, Take It Like A Man, You Can´t Get What You Want, One More Time, Don´T Get Around Much Anymore, Is She Really Going Out With Him, Slow Song",13,https://www.setlist.fm/setlist/joe-jackson/2022/altes-schloss-stuttgart-germany-3bb564e8.html,https://youtu.be/zgJ_i1yJ_VM,,https://www.setlist.fm/setlist/joe-jackson/2022/altes-schloss-stuttgart-germany-3bb564e8.html,tour-2007-joe-jackson-trio-tour,2007 * Joe Jackson Trio Tour,,,
TICKET_0683,,,,,,t-shirts,"tt_Summer.webp, tt_Summer_bk.webp",,"Joe Jackson (vocals, piano) ; Graham Maby (bass, backing vocals) ; Dave Houghton (drums, backing vocals)",,,,,,,tour-rain-summer-tour-2009,2009 * Rain Summer Tour,,,
TICKET_0684,,1982-10-16,Passaic,NJ,,t-shirts,"tt_Passaic_Night_Day_1982_10_16.webp, tt_Passaic_Night_Day_1982_10_16_bk.webp",ebay,,,,,,,,tour-1982-1983-night-and-day-world-tour,1982 / 1983 * Night and Day World Tour,,,
TICKET_0685,,,,,,posters,pp_promo_Summer_In_The_City.webp,,"Joe Jackson (vocals, piano) ; Graham Maby (bass, backing vocals) ; Dave Houghton (drums, backing vocals)",,,,,,,tour-rain-summer-tour-2009,2009 * Rain Summer Tour,,,"Promo poster with album release date (May 16, 2008)"
TICKET_0686,,1980-10-15,,,,memorabilia,ad_Beat_Crazy_MM_ad_better.jpg,,"Joe Jackson (vocals, piano, keyboards) ; Gary Sanford (guitar, backing vocals) ; Graham Maby (bass, backing vocals) ; Dave Houghton (drums, backing vocals)",,,,,,,tour-1980-beat-crazy-tour,1980 * Beat Crazy Tour,,,Magazine U.K. tour ad
TICKET_0687,,1979-02-07,,U.K.,,memorabilia,ad_Im_The_Man_NME_ad.jpg,,,,,,,,,tour-1979-look-sharp-tour,1979 * Look Sharp Tour,,,NME newspaper U.K. tour ad
TICKET_0688,,1982-11-06,Berkeley,CA,,passes,bp_Berkeley_1982_11_06.webp,,,,,,,,,tour-1982-1983-night-and-day-world-tour,1982 / 1983 * Night and Day World Tour,,,
TICKET_0689,,1991-05-23,,,,passes,bs_LL_1991_05_23.webp,,"Joe Jackson (vocals, keyboards) ; Graham Maby (bass) ; Dan Hickey (drums) ; Tom Teeley (guitar) ; Sue Hadjopoulos (percussion)",,,,,,,tour-1990-1991-laughter-lust-tour,1990 / 1991 * Laughter & Lust Tour,,,
TICKET_0690,,1979-05-20,Grosse Pointe Farms,MI,Punch And Judy Theater,tickets,kk-joe-jackson-1979-05-20.webp,,,,,,,,,tour-1979-look-sharp-tour,1979 * Look Sharp Tour,,,
TICKET_0691,,2001-02-12,Amsterdam,Netherlands,,tickets,kk_Amsterdam_2001_02_12.webp,,,,,,,,,tour-2001-night-day-ii-tour,2001 * Night & Day II Tour,,,
TICKET_0692,,2003-05-30,Amsterdam,Netherlands,,tickets,kk_Amsterdam_2001_05_30.webp,,,,,,,,,tour-2001-night-day-ii-tour,2001 * Night & Day II Tour,,,
TICKET_0693,,1985-06-18,Toronto,Canada,CNE Bandshell,tickets,kk_Bandshell_1984_06_18.webp,,,,,https://www.setlist.fm/setlist/joe-jackson/1984/cne-bandshell-toronto-on-canada-63f0c6df.html,,,,,,,,
TICKET_0694,,1986-09-27,New York,NY,Medason Square Garden,tickets,kk_Beacon_1986_09_27.webp,,,"One More Time, Wild West, Right and Wrong, It's Different for Girls, Steppin' Out, You Can't Get What You Want (Till You Know What You Want), The Jet Set, Jumpin' Jive, I'm the Man",9,https://www.setlist.fm/setlist/joe-jackson/1986/madison-square-garden-felt-forum-new-york-ny-5bdc0354.html,,,,,,,,Concert to save Beacon. <br>Other acts:<br>Yoko Ono<br>Julian Lennon<br>Lisa Lisa & Cult Jam<br>Jorma Kaukonen (former Jefferson Airplane / Hot Tuna)<br>Nona Hendryx (former Labelle)<br>Stanley Jordan
TICKET_0695,,1979-10-18,Detroit,MI,Masonic Temple Theatre,tickets,"kk_Detroit_1979_10_18.webp, kk_Detroit_1979_10_18_bk.webp",,"Joe Jackson (vocals, piano, keyboards) ; Gary Sanford (guitar, backing vocals) ; Graham Maby (bass, backing vocals) ; Dave Houghton (drums, backing vocals)",,,https://www.setlist.fm/setlist/joe-jackson/1979/masonic-temple-theatre-detroit-mi-13fd8dc1.html,,,,tour-1979-1980-i-m-the-man-tour,1979 / 1980 * I´m The Man Tour,,,Supporting Act: <br>The Reds and Ramones
TICKET_0696,,1980-05-23,Leicester,U.K.,De Montfort Hall,tickets,kk_Leicester_1980_05_23.webp,,"Joe Jackson (vocals, piano, keyboards) ; Gary Sanford (guitar, backing vocals) ; Graham Maby (bass, backing vocals) ; Dave Houghton (drums, backing vocals)",,,,,,,tour-1979-1980-i-m-the-man-tour,1979 / 1980 * I´m The Man Tour,,,
TICKET_0697,,1982-12-12,East Rutherford,NJ,Brendan Byrne Arena,tickets,kk_Meadowland_1982_12_12.webp,,,"On Your Radio, Another World, Sunday Papers, Look Sharp!, Fools in Love, Real Men, Is She Really Going Out With Him?, One More Time, Breaking Us in Two, It's Different for Girls, Cancer, Target, T.V. Age, Tuxedo Junction, Steppin' Out, Beat Crazy, Got the Time, A Slow Song, Uptight / Tears of a Clown / I'm Gonna Make You Love Me / How Sweet It Is (To Be Loved By You) / Heatwave, I'm the Man",20,https://www.setlist.fm/setlist/joe-jackson/1982/brendan-byrne-arena-east-rutherford-nj-73df0af5.html,,,,tour-1982-1983-night-and-day-world-tour,1982 / 1983 * Night and Day World Tour,,,
TICKET_0698,,1986-07-18,New York,,Radio City Music Hall,tickets,kk_Radio_City_1986_07_18.webp,,"Joe Jackson (vocals, piano, accordion) ; Graham Maby (bass, vocals) ; Gary Burke (drums) ; Vinnie Zummo (guitars, vocals)",,,,,,,tour-1986-big-world-tour,1986 * Big World Tour,,,
TICKET_0699,,1982-11-12,Tempe,AZ,Gammage Center,tickets,kk_Tampa_1982_11_12.webp,,,,,https://www.setlist.fm/setlist/joe-jackson/1982/gammage-auditorium-tempe-az-b93115e.html,,,,tour-1986-big-world-tour,1986 * Big World Tour,,,
TICKET_0700,,1998-04-01,Berlin,Germany,Hochschule der Künste,posters,pp_Berlin_1998_04_01.webp,,"Joe Jackson (vocals, keyboards) ; Elise Morris (keyboards, vocals) ; Valerie Vigoda (violin, vocals) ; Mary Rowell (violin)","Is She Really Going Out With Him? / It's Different for Girls, Real Men, Nineteen Forever, Stranger Than Fiction, Be My Number Two, You Can't Get What You Want / Eleanor Rigby, Home Town, Ever After, Prelude, Fugue 1/More Is More, Angel, Tuzla, Passacaglia/A Bud and a Slice, Right, The Bridge, Fugue 2/Song of Daedalus, Steppin' Out, A Slow Song",18,https://www.setlist.fm/setlist/joe-jackson/1998/hochschule-der-kunste-berlin-germany-43edf7eb.html,,,,tour-1998-heaven-hell,1998 * Heaven & Hell,,,
TICKET_0701,,1979-04-08,,,,memorabilia,mm_1986_concert_flyer.webp,,,,,,,,,tour-1979-look-sharp-tour,1979 * Look Sharp Tour,,,US concert flyer
TICKET_0702,,1980-08-09,Asbury Park,NJ,Convention Hall,programs,"mm_Boardwalk_concert_program_1980_a.webp, mm_Boardwalk_concert_program_1980_b.webp, mm_Boardwalk_concert_program_1980_c.webp, mm_Boardwalk_concert_program_1980_d.webp, mm_Boardwalk_concert_program_1980_e.webp, mm_Boardwalk_concert_program_1980_f.webp",,"Joe Jackson (vocals, piano, keyboards) ; Gary Sanford (guitar, backing vocals) ; Graham Maby (bass, backing vocals) ; Dave Houghton (drums, backing vocals)","I'm the Man, Beat Crazy, Look Sharp!, Mad at You, Kinda Kute, The Evil Eye, Pretty Boys, On Your Radio, Friday, Fit, Is She Really Going Out With Him?, Don't Wanna Be Like That, One More Time, The Harder They Come, Got the Time",15,https://www.setlist.fm/setlist/joe-jackson/1980/convention-hall-asbury-park-nj-43f8e7cb.html,,,,tour-1980-beat-crazy-tour,1980 * Beat Crazy Tour,,,Concert program for 2 days: Ramones and Joe Jackson Band (supported by Yachts)
TICKET_0703,,1981-08-18,,,,memorabilia,mm_Jumpin_Jive_concert_ad.webp,,"Joe Jackson (vocals, vibraphone, piano) ; Graham Maby (bass) ; Dave Houghton (drums) ; Bernie Bossu (guitar) ; Nick Weldon (piano) ; Pete Thomas (alto sax) ; Raul Rivera (congas)",,,,,,,tour-1981-jumpin-jive-tour,1981 * Jumpin´Jive Tour,,,"Newspaper U.K. tour ad:
<i>TBA Int. proudly present the</i>
BRING YOUR PARENTS TOUR featuring
<b>JOE JACKSON'S JUMPIN' JIVE</b> + Support

MANCHESTER RITZ – Tuesday 18th August 7.30pm £3
BIRMINGHAM LOCARNO – Wednesday 19th August 7.30pm £3
CHESTER NORTHGATE ARENA – Thursday 20th August 7.30pm £3
GLASGOW TIFFANYS – Sunday 23rd August 7.30pm £2.50
EDINBURGH COASTERS – Monday 24th August 11pm £3
SHEFFIELD TOP RANK – Wednesday 26th August 7.30pm £3
NEWCASTLE MAYFAIR SUITE – Thursday 27th August 7.30pm £3
DERBY ASSEMBLY ROOMS – Friday 28th August 7.30pm £3
ST. AUSTELL CORNWALL COLISEUM – Monday 31st August 7.30pm £3
PORTSMOUTH LOCARNO – Tuesday 1st September 7.30pm £3
BRIGHTON TOP RANK – Wednesday 2nd September 7.30pm £3
AYLESBURY FRIARS – Saturday 5th September 7.30pm £3
LONDON HAMMERSMITH PALAIS – Sunday 6th September 8pm £3

See local press for Box Office details"
TICKET_0704,,2022-07-24,Frankfurt,Germany,Jahrhunderthalle,posters,pp_Frankfurt_2022_07_24.webp,,"Joe Jackson (vocals, keyboards) ; Graham Maby (bass, vocals) ; Teddy Kumpel (guitar, vocals) ; Doug Yowell (drums, vocals)","Sing You Sinners, One More Time, Big Black Cloud, Sunday Papers, Dave, Look Sharp!, Fabulously Absolute, Solo (So Low), Real Men, Big Yellow Taxi, Kings of the City, Tomorrow's World, Blaze of Glory, Fool, Sing You Sinners, Is She Really Going Out With Him?, It's Different for Girls, I'm the Man, You Can't Get What You Want (Till You Know What You Want), Steppin' Out",20,https://www.setlist.fm/setlist/joe-jackson/2022/jahrhunderthalle-frankfurt-germany-6bb2ca32.html,,,,tour-2022-sing-you-sinners-tour,"2022 * ""Sing, You Sinners!"" Tour",,,
TICKET_0705,,1982-12-12,East Rutherford,NJ,Brendan Byrne Arena,programs,"mm_New_Jersey_concert_program_1982_02_1_a.webp, mm_New_Jersey_concert_program_1982_02_12_b.webp, mm_New_Jersey_concert_program_1982_02_12_c.webp",,,"On Your Radio, Another World, Sunday Papers, Look Sharp!, Fools in Love, Real Men, Is She Really Going Out With Him?, One More Time, Breaking Us in Two, It's Different for Girls, Cancer, Target, T.V. Age, Tuxedo Junction, Steppin' Out, Beat Crazy, Got the Time, A Slow Song, Uptight / Tears of a Clown / I'm Gonna Make You Love Me / How Sweet It Is (To Be Loved By You) / Heatwave, I'm the Man",20,https://www.setlist.fm/setlist/joe-jackson/1982/brendan-byrne-arena-east-rutherford-nj-73df0af5.html,,,,tour-1982-1983-night-and-day-world-tour,1982 / 1983 * Night and Day World Tour,,,
TICKET_0706,,2000-12-12,Los Angeles,CA,Wiltern Theatre,memorabilia,mm_Wiltern_handbill_2000_12_12.webp,,"Joe Jackson (vocals, keyboards) ; Graham Maby (bass, vocals) ; Sue Hadjopoulos (percussion) ; Allison Cornell (violin, keyboards, vocals) ; Andy Ezrin (keyboards) ; Catherine Bent (cello) ; Robert Rodriguez (drums)","Prelude / Hell of a Town, You Can't Get What You Want (Till You Know What You Want), Happyland, Stranger Than You, Another World, Reelin' In the Years, Is She Really Going Out With Him?, Breaking Us in Two, Not Here, Not Now, Be My Number Two, Home Town, For No One, You Can't Be Too Strong, It's Different for Girls, Love Got Lost, Real Men, Stranger Than Fiction, Dear Mom, Glamour and Pain, Target, Just Because..., Got the Time, Stay / Steppin' Out, One More Time, A Slow Song",26,https://www.setlist.fm/setlist/joe-jackson/2000/wiltern-theatre-los-angeles-ca-bf4211e.html,,,,tour-2001-night-day-ii-tour,2001 * Night & Day II Tour,,,Newspaper concert ad
TICKET_0707,,,,Australia,,posters,pp_Australian_Tour_2003_volume_4.webp,,,,,,,,,tour-2003-volume-4-tour,2003 * Volume 4 Tour,,,Australian tour dates
TICKET_0708,,1982-07-31,Aylesbury,U.K.,Maxwell Hall,memorabilia,pp_Aylesbury_1982_06_31.webp,,,"One to One, On Your Radio, Sunday Papers, Look Sharp!, Cancer, Real Men, Is She Really Going Out With Him?, One More Time, Breaking Us in Two, Fools in Love, Another World, Chinatown, Target, T.V. Age, It's Different for Girls, Tuxedo Junction, Steppin' Out, Friday, A Slow Song",19,https://www.setlist.fm/setlist/joe-jackson/1982/maxwell-hall-aylesbury-england-1bcf5158.html,,,,tour-1982-1983-night-and-day-world-tour,1982 / 1983 * Night and Day World Tour,,,
TICKET_0709,,2001-04-20,New York,NY,Beacon Theatre,posters,pp_Beacon_2001_04_20.webp,,"Joe Jackson (vocals, keyboards) ; Graham Maby (bass, vocals) ; Sue Hadjopoulos (percussion) ; Allison Cornell (violin, keyboards, vocals) ; Andy Ezrin (keyboards) ; Catherine Bent (cello) ; Robert Rodriguez (drums)","Prelude / Hell of a Town, You Can't Get What You Want (Till You Know What You Want), Happyland, Stranger Than You, Another World, Chinatown, Reelin' In the Years, Is She Really Going Out With Him?, Breaking Us in Two, Home Town, Be My Number Two, For No One, Drive-In Saturday, It's Different for Girls, Love Got Lost, Real Men, Blaze of Glory, Nineteen Forever, Glamour and Pain, Target, Just Because..., Got the Time, Stay / Steppin' Out, One More Time, A Slow Song",25,https://www.setlist.fm/setlist/joe-jackson/2000/beacon-theatre-new-york-ny-3bc32c4c.html,,,,tour-2001-night-day-ii-tour,2001 * Night & Day II Tour,,,
TICKET_0710,,1986-05-19,Vorst,Belgium,Vorst Nationaal,posters,pp_Belgium_1986_05_19.webp,,"Joe Jackson (vocals, piano, accordion) ; Graham Maby (bass, vocals) ; Gary Burke (drums) ; Vinnie Zummo (guitars, vocals)",,,https://www.setlist.fm/setlist/joe-jackson/1986/vorst-nationaal-forest-national-vorst-forest-belgium-bc959ce.html,,,,tour-1986-big-world-tour,1986 * Big World Tour,,,
TICKET_0711,,1984-04-30,Düsseldorf,Germany,Philipshalle,posters,pp_Duesseldorf_1984_04_30.webp,,,"Body and Soul, Another World, The Verdict, Cha Cha Loco, It's Different for Girls, Breaking Us in Two, Be My Number Two, Is She Really Going Out With Him?, You Can't Get What You Want (Till You Know What You Want), Soul Makossa / T.V. Age, Memphis, Steppin' Out, Heart of Ice, Jumpin' Jive, Go for It, A Slow Song",16,https://www.setlist.fm/setlist/joe-jackson/1984/philipshalle-dusseldorf-germany-23ec507b.html,,,,tour-1984-body-and-soul-tour,1984 * Body and Soul Tour,,,
TICKET_0712,,1982-07-31,Aylesbury,U.K.,The Maxwell Hall,tickets,ad_Aylesbury_1982_07_31.webp,,,"One to One, On Your Radio, Sunday Papers, Look Sharp!, Cancer, Real Men, Is She Really Going Out With Him?, One More Time, Breaking Us in Two, Fools in Love, Another World, Chinatown, Target, T.V. Age, It's Different for Girls, Tuxedo Junction, Steppin' Out, Friday, A Slow Song",19,https://www.setlist.fm/setlist/joe-jackson/1982/maxwell-hall-aylesbury-england-1bcf5158.html,,,,tour-1982-1983-night-and-day-world-tour,1982 / 1983 * Night and Day World Tour,,,
TICKET_0713,,,,France,,posters,pp_France_Night_Day_promo.webp,,,,,,,,,tour-1982-1983-night-and-day-world-tour,1982 / 1983 * Night and Day World Tour,,,French tour promo poster
TICKET_0714,,,,Germany,,posters,pp_Germany_1986.webp,,"Joe Jackson (vocals, piano, accordion) ; Graham Maby (bass, vocals) ; Gary Burke (drums) ; Vinnie Zummo (guitars, vocals)",,,,,,,tour-1986-big-world-tour,1986 * Big World Tour,,,German tour promo poster
TICKET_0715,,,,Germany,,posters,pp_Night_Day_1983_Germany.webp,,,,,,,,,tour-1982-1983-night-and-day-world-tour,1982 / 1983 * Night and Day World Tour,,,German tour promo poster
TICKET_0716,,2001-02-01,Stuttgart,Germany,"Liederhalle, Beethoven-Saal",posters,pp_Stuttgart_2001_02_01.webp,,"Joe Jackson (vocals, keyboards) ; Graham Maby (bass, vocals) ; Sue Hadjopoulos (percussion) ; Allison Cornell (violin, keyboards, vocals) ; Andy Ezrin (keyboards) ; Catherine Bent (cello) ; Robert Rodriguez (drums)","Prelude / Hell of a Town, You Can't Get What You Want (Till You Know What You Want), Stranger Than You, Happyland, Another World, Reelin' In the Years, Is She Really Going Out With Him?, Breaking Us in Two, Be My Number Two, For No One, It's Different for Girls, Love Got Lost, Real Men, Stranger Than Fiction, Glamour and Pain, Target, Just Because..., Got the Time, Stay / Steppin' Out, ""Heroes"", One More Time, A Slow Song",22,https://www.setlist.fm/setlist/joe-jackson/2001/liederhalle-beethoven-saal-stuttgart-germany-bfb7942.html,,,,tour-2001-night-day-ii-tour,2001 * Night & Day II Tour,,,
TICKET_0717,,,,,,posters,pp_promo_Big_World.jpg,,"Joe Jackson (vocals, piano, accordion) ; Graham Maby (bass, vocals) ; Gary Burke (drums) ; Vinnie Zummo (guitars, vocals)",,,,,,,tour-1986-big-world-tour,1986 * Big World Tour,,,Tour promo poster
TICKET_0718,,,,,,t-shirts,"tt_Blaze_Of_Glory2.webp, tt_Blaze_Of_Glory2_bk.webp",,"Joe Jackson (vocals, piano) ; Graham Maby (bass) ; Gary Burke (drums) ; Vinnie Zummo (guitar) ; Sue Hadjopoulos (percussion) ; Joy Askew (keyboards) ; Tom Teeley (guitar, vocals)",,,,,,,tour-1989-blaze-of-glory-tour,1989 * Blaze of Glory Tour,,,
TICKET_0719,,,,,,posters,pp_promo_Night_Day_big_30_x_41.webp,,,,,,,,,tour-1982-1983-night-and-day-world-tour,1982 / 1983 * Night and Day World Tour,,,"<blockquote>“People are too concerned with whether they’re going to appear cool, or hip, or whether their ‘street’ credibility will suffer if they do this, or that. No one’s going to be hip forever. Who cares. The important thing is to follow your instincts, and produce the best music you can.”<br><cite>JOE JACKSON</cite></blockquote>

poster size: 30´ x 41´"
TICKET_0720,,,,,,posters,pp_promo_Jumpin_Jive.jpg,,"Joe Jackson (vocals, vibraphone, piano) ; Graham Maby (bass) ; Dave Houghton (drums) ; Bernie Bossu (guitar) ; Nick Weldon (piano) ; Pete Thomas (alto sax) ; Raul Rivera (congas)",,,,,,,tour-1981-jumpin-jive-tour,1981 * Jumpin´Jive Tour,,,U.K. tour dates promo poster
TICKET_0721,,,,,,posters,pp_Jumpin_Jive_tour_promo.webp,,"Joe Jackson (vocals, vibraphone, piano) ; Graham Maby (bass) ; Dave Houghton (drums) ; Bernie Bossu (guitar) ; Nick Weldon (piano) ; Pete Thomas (alto sax) ; Raul Rivera (congas)",,,,,,,tour-1981-jumpin-jive-tour,1981 * Jumpin´Jive Tour,,,US tour dates promo poster
TICKET_0722,,2003-08-24,Vancouver,Canada,Commodore,posters,pp_Vancouver_2003_August_24_Commodore.webp,,,,,,,,,tour-2003-volume-4-tour,2003 * Volume 4 Tour,,,
TICKET_0723,,,,,,t-shirts,"tt_1980_US_tour.webp, tt_1980_US_tour_bk.webp",,"Joe Jackson (vocals, piano, keyboards) ; Gary Sanford (guitar, backing vocals) ; Graham Maby (bass, backing vocals) ; Dave Houghton (drums, backing vocals)",,,,,,,tour-1979-1980-i-m-the-man-tour,1979 / 1980 * I´m The Man Tour,,,US Tour
TICKET_0724,,,,,,t-shirts,"tt_Fast_Forward_US_2016.webp, tt_Fast_Forward_US_2016_bk.webp",,"Joe Jackson (vocals, keyboards) ; Graham Maby (bass, vocals) ; Teddy Kumpel (guitar, vocals) ; Doug Yowell (drums, vocals)",,,,,,,tour-2016-fast-forward-tour,2016 * Fast Forward Tour,,,US Tour
TICKET_0725,,,,,,t-shirts,"tt_Blaze_Of_Glory.webp, tt_Blaze_Of_Glory_bk.webp",,"Joe Jackson (vocals, piano) ; Graham Maby (bass) ; Gary Burke (drums) ; Vinnie Zummo (guitar) ; Sue Hadjopoulos (percussion) ; Joy Askew (keyboards) ; Tom Teeley (guitar, vocals)",,,,,,,tour-1989-blaze-of-glory-tour,1989 * Blaze of Glory Tour,,,
TICKET_0726,SHOW_1986-01-01_1986,,,,,t-shirts,"JJ-T-BW-1986_a.webp, JJ-T-BW-1986_b.webp, JJ-T-BW-1986_c.webp",ebay,"Joe Jackson (vocals, piano, accordion) ; Graham Maby (bass, vocals) ; Gary Burke (drums) ; Vinnie Zummo (guitars, vocals)",,0.0,,,,,tour-1986-big-world-tour,1986 * Big World Tour,,,
TICKET_0727,,1978-10-30,London,U.K.,The Nashville Room,memorabilia,mm_Nashville_Room_Record_Mirror_11_11_1978.png,,,"Fools in Love, Is She Really Going Out With Him?, Got the Time",3,https://www.setlist.fm/setlist/joe-jackson/1978/the-nashville-room-london-england-238e94df.html,,,,tour-1978-early-concerts,1978 * Early Concerts,,,"<b>JOE JACKSON</b><br>London Nashville<br>IF IAN Dury is the Max Miller of rock'n'roll, then Joe Jackson is probably the Max Bygraves.<br>
The music hall ingredients are obvious: 'cheekie chappie' patter, limp wrist, pink face, striped suit, winning smile. All of which might sound like gimmickry. But it isn't.<br>Or even if it is, it's done with such genuine affection and skill that it matters not all. The important thing is that Joe Jackson has the presence to carry it off. He has style, precious and elegant.<br>But for Jackson – as for Dury – sartorial sass is just the icing on a musically rich cake.<br>He has an instinctive grasp for his ragged-edged pop songs, and a peculiarly unique, tough-and-and-tender voice. Commercial without being wet, rooted in sixties feel but nothing if not the sound of 1978.<br>He and the band don't really sound like anyone, but visually there are several remarkable doppelgangers. Guitarist Gary Sanford bears a disconcerting resemblance to Mickey Most. Drummer Dave Houghton looks like Bun E. Carlos of Cheap Trick and Joe himself is a peculiar hybrid of Bygraves and Peter Skellern.<br>Maybe to look at they're a walking waxworks, but musically they're a great deal more animate than anything Madame Tussaud could dream up. Jackson contorts and stiffens agonizingly, while Sanford contents himself with pursuing Joe around the stage with his guitar.<br>Jackson sticks to no firm line of policy on-stage; the material swings from the super hard reggae of 'Fools In Love' to the Steve Miller romantics of 'Is She Really Going Out With Him' and the frantic 'No Time To Lose'.<br>
He is no avant-garde doyen, no barrier-cracking experimentalist; all the songs are basically conservative – even to the extent of Joe performing a version of Fats Waller's 'Ain't Misbehavin''.<br>But he has elan, charm, talent and a very nice suit. He will Hit Big soon. That prediction is official.<br><i>TIM LOTT</i>"
TICKET_0728,SHOW_1979-05-02_AUSTIN,1979-05-03,Houston,TX,Texas Opry House,tickets,,"Gert Schaumlöffel, Germany","Joe Jackson (vocals, piano, keyboards) ; Gary Sanford (guitar, backing vocals) ; Graham Maby (bass, backing vocals) ; Dave Houghton (drums, backing vocals)",,0.0,https://www.setlist.fm/setlist/joe-jackson/1979/texas-opry-house-houston-tx-338e94a9.html,,,https://www.setlist.fm/setlist/joe-jackson/1979/armadillo-world-headquarters-austin-tx-2b8e94aa.html,tour-1979-look-sharp-tour,1979 * Look Sharp Tour,,,Joe Jackson <b>broke</b> his foot after jumping from atop his piano while ending his performance.
TICKET_0729,SHOW_1979-05-02_AUSTIN,1979-05-02,Austin,TX,Armadillo World Headquaters,memorabilia,mm_Houston_1978_05_03.jpg,"Gert Schaumlöffel, Germany","Joe Jackson (vocals, piano, keyboards) ; Gary Sanford (guitar, backing vocals) ; Graham Maby (bass, backing vocals) ; Dave Houghton (drums, backing vocals)",,0.0,https://www.setlist.fm/setlist/joe-jackson/1979/armadillo-world-headquarters-austin-tx-2b8e94aa.html,,,https://www.setlist.fm/setlist/joe-jackson/1979/armadillo-world-headquarters-austin-tx-2b8e94aa.html,tour-1979-look-sharp-tour,1979 * Look Sharp Tour,,,"<b>Joe Jackson – Never A Dull Moment</>
<i>by Ron Young
(photo by Robbin Cresswell)</i>

Amidst all the heavy metal rock sounds of bands like Judas Priest, Van Halen and Riot that are heard daily on KISS/KMAC program director Lou Roney will occasionally play something by Joe Jackson. Jackson's music is sharp and direct. It's streamlined, stripped-down rock 'n' roll that is propelled by his two-edged blade of a voice. His songs are about real life—not some rock 'n' roll fantasy—and his lyrics cut to the bone.

While some listeners may think that Joe Jackson is just an Elivs-Costello soundalike they've got another think coming. ""I feel that the press has blown the Elvis-Costello comparison out of proportion. I wish they'd fucking shut up about it,"" Jackson rants after his dynamite performance at Austin's Armadillo World Headquarters. ""When people compare me to Elvis I think, 'Aww shit'. But when they compare me to Graham Parker, whom I like alot, I think that's quite flattering because at least Parker's very genuine.""

If there are comaprisons to be made at all between Jackson and Costello one would have to mention that both have English Pub Rock roots and that each write songs that deal with the problems of lost love and the frustrating search for it. But while Elvis may twist people and situations to fit his own reality Jackson's songs are more down to earth.

""Elvis is always trying to be so clever and I'm not trying to do that. I'm trying to write something that has real meaning to me and not about fantasies but real life. I write songs that everyone can identify with,"" Jackson says leaning back in chair and easing off his shoes.

A picture of Joe Jackson in concert is one of a whirling dervish of a young man bouncing about the stage putting his three-piece band through their paces. Letting loose all his pent-up energies and emotions, but like a good actor making it all look easy. (Jackson, in fact, the following night in Houston broke his foot after jumping from atop his piano while ending his performance.).

""I try to communicate with people, that's what I'm up there for. I want the band to come across like a band that I would want to see. Like if I see a performer who gives the impression that they don't give a shit about me, the audience, then I feel cheated and I don't like it. They're performing for themselves and they don't really care. I think you should feel that the performer is trying to say something to you, otherwise what's the point. That's another reason why I'm fed up being compared to Elvis because he's sort of arrogant in his stage show and I don't relate to it.""

Jackson enrolled at the Royal Academy of Music in London where he studied percusssion and piano. ""I don't know what I was doing there really ... wasting my time basically. During the three years I was there though I hardly ever showed my face because I was writing and playing in bands. Mostly bands tha tplayed Top-50 stuff ... like cover versions of other people's songs. I worked around in clubs and then I sort of graduated to playing more and more original material. So by the time I left college I was in a band that was playing all original materical. That band was called Arms and Legs and we eventually got a recording contract and put three singles out. It was for MAM Records in England who had Gilbert O'Sullivan. But they just sort of put the singles out and didn't promote them. We didn't have proper equipment to go on the road, no finance or anything. I was just shit and a waste of time really.""

A&M Records is the label he eventually signed with. They believe in Joe Jackson. They're paying for his U.S. tour and they're promoting him like crazy. His first album Look Sharp (which are songs from his original demo tapes) was number 61 on Billboard's charts at this writing. But before Jackson ended up at A&M he had been turned down by Stiff Records, the spawning ground for Ian Dury, Nick Lowe and Elvis Costello himself.

""Well, Stiff is a nice little club where everyone fits in and I didn't fit in,"" he says with some bitterness.

""The official story is that they sent me a very nice letter actually which said that 'We like your tape but don't see it as Stiff material, however we feel sure you'll get there.' Which I did. (laughs) But Stiff wasn't really the right label for me. I was rejected by Virgin Records too which doesn't bother me either. I think I ended up with the best company for what I'm doing, especially from the viewpoint of the States.

""Before the deal with A&M I got the guys in the band together (Gary Sanford on guitar, Graham Maby on bass and Dave Houghton on drums), all of whom I've known for years, to do an album's worth of material. At that time the band was jsut friends of mine and I sort of used them as session musicians if you like. But when there became a possibility of arecording deal they were hovering around and ... We've become more of a band now since we've been playing together now for a year. Anyway then I began to take the master tapes round to all the record companies trying to get a release on it. So in effect I was my own production company. If no one had picked me up I would've gotten the album pressed myself to attract attention. I would have gotten it out one way or another,"" Jackson emphatically states.

On Joe Jackson's debut album Look Sharp a shiny new pair of white Winklepicker shoes beneath black drainpipe trousers are what catch the eye in the record bins. It's an image that says he's a smart dresser and that he's street smart too. An image that's as meticulously crafted as his power-pop songs. But it's also a watch word that tells you to be aware of what goes on around you and to know where your're going. Just like Joe Jackson."
TICKET_0730,,1979-01-04,London,U.K.,The Hope and Anchor,tickets,,,,"Pretty Girls, Look Sharp!, Baby Stick Around, Is She Really Going Out With Him?, Got the Time, One More Time, Sunday Papers, Ain't Misbehavin', Fools in Love, Come On, Ain't That a Shame",11,https://www.setlist.fm/setlist/joe-jackson/1979/the-hope-and-anchor-london-england-2396f85f.html,,,,tour-1978-early-concerts,1978 * Early Concerts,,,
TICKET_0731,,1979-01-04,London,U.K.,The Hope and Anchor,memorabilia,mm_1979_London_review_1979_01_04.jpg,,,"Pretty Girls, Look Sharp!, Baby Stick Around, Is She Really Going Out With Him?, Got the Time, One More Time, Sunday Papers, Ain't Misbehavin', Fools in Love, Come On, Ain't That a Shame",11,https://www.setlist.fm/setlist/joe-jackson/1979/the-hope-and-anchor-london-england-2396f85f.html,,,,tour-1978-early-concerts,1978 * Early Concerts,,,"<b>Joe Jackson</b>
Hope and Anchor

There's talent, and there's talent. Joe Jackson has both.

His single ""Is She Really Going Out With Him"" is playing on tape. Survivors of the weather conditions are singing along in a state of partial thaw. A Scotsman informs me that ""JJ's dead brilliant."" I mention his name to the bar staff, and they lapse into starry-eyed ecstasy. Is it a conspiracy?

The band arrive to a heartwarming reception. Drummer Dave Houghton wears black, guitarist Gary Sanford wears white, bassman Graham Maybe wears both, and the man himself favours a hoodlum pin-stripe with a gross-out polkadot tie. He looks like he hasn't slept for a month; he acts like he doesn't need to.

First impressions of the set suggest an excellence in every respect; from then on it only improves. A near-perfect sound balance points out the most thoughtful, controlled springboard backing, the band's range widened by their deliberately economic style.

Over this, Joe's precision lyrics paint a very clear picture; an unusually sharp mix of observation and sentiment given an added lift by his confidential cabaret-type delivery.

Pacing throughout is supreme. ""Pretty Girls"", ""Look Sharp"" and ""Baby Stick Around"" are all firmly grounded in slick, dance band rock. There's the same clipped, tense appeal as Costello, but with an immediate warmth and colour.

Shuffled into a mostly fast moving set are a couple of reggae-based numbers. The first, ""Sunday Papers"" makes the same stab at the tabloids as The Jam's ""News Of The World"". More acute, and less a statement of the obvious, it comes with a killer chorus line and a dedication to the overhyped news feature of the week: Todd Rundgren's codpiece.

The second is ""Fools In Love"", a shamelessly catchy and lilting song that's almost a ballad. So much so, that if it were to fall into alien hands it would probably resurface with palmcourt orchestration. As it stand it's unique, both for a lyric that strangely alternates sleaze and aggression, and the uncannily thin dub rhythm that traces out the vocal line.

Also on offer is a genuinely affectionate version of Fats Waller's ""Ain't Misbehavin'"". Busking most of the lyrics, Joe plays it as a keyboard solo, which shows an evident technical skill that will allow him endless possibilities with the band.

Joined for three encores by Ian Gomm, they play Domino and Chuck Berry covers ""Ain't That A Shame"" and ""Come On"". Not a gratuitous, fail-safe exit route, but two fine re-vamped versions that finally spotlight Sanford's solos.

'79 will see an ascent of the charts by Joe Jackson. You'll believe a man can fly.
<i>Mark Ellen</>"
TICKET_0732,,1979-01-22,Leeds,U.K.,The Fan CLub,tickets,,,,,0,https://www.setlist.fm/setlist/joe-jackson/1979/the-fan-club-leeds-england-5bcf570c.html,,,,tour-1978-early-concerts,1978 * Early Concerts,,,"The very first performance of ""I´m the Man"" <i>(according to concert review)</i>"
TICKET_0733,,1979-01-22,Leeds,U.K.,The Fan CLub,memorabilia,mm_Leeds_review_1979_02_22.jpg,,,,0,https://www.setlist.fm/setlist/joe-jackson/1979/the-fan-club-leeds-england-5bcf570c.html,,,,tour-1978-early-concerts,1978 * Early Concerts,,,"<b>Joe Jackson</b>
Leeds

The eight-foot-six Neurotic Stockbroker look just had to reckon sooner or later, but even though he's been squaring-off all his life, spiv rocker Joe Jackson now has the kind of image which not even a seasoned actor could contrive. Cabaret in Portsmouth must do something for a man.

In the case of Jackson, more has been revived than the polka dot.

Keeled over and automatically combing his hair on the condensation stalactites which have a tendency to proliferate at the Fan Club on nights like this, Jackson spewed his vitriolic raps over an audience of punters barely ready for the pin-striped phenomenon who sweated, swigged pils and executed open-heart surgery for their perusal.

'One More Time', a sure-fire opener sung in sure-fire manic style (cf. Graham Parker) paved the way here for a brutally fast-moving 50-minute set which easily trashed the Leeds all-comers' record. Fronting a band whose frugality more or less defines 'minimalism', contender Jackson gets through his fair share of hang-ups in a gig, but nothing here (not even a hiccupping fire siren) could prevent him from getting everything out of his system. Spoken preambles spotlighted the humourist communicator in Jackson: ""I quit the polka dots (for horizontal stripes) because the NME don't like them. I wouldn't know what to wear if it wasn't for them,"" while the keen, terse lyrics of 'Is She Really Going Out With Him?' (cf. Steve Miller), dedicated to Rick Nielsen and Cheap Trick who he'd just seen up the road, 'Look Sharp', 'Fools In Love' and (hey Joe, what you doin' with that pun?) 'Happy Loving Couples' (cf. Elvis Costello) ensured that nobody left thinking Jackson was just a joker.

The unrecorded 'I'm The Man' promised even more, possessing a similar intensity to the 'Look Sharp' collection, but with a much more obviously commercial structure and feel — and featuring a vocal fade-out which one dares Jackson to record: ""I was last year's model, baby, and I'm going to be next year's too."" Very camp, very cocky. But still cool.

Introducing the band ""because they're so good,"" Jackson gives credit where due. Pirouetting and generally flipping out behind him, guitarist Gary Sanford and bassist Graham Maby provide a complementary bizarrerie as an oddball backdrop to Jacko's frenzied stoicism. The no-superfluous-action 3-D vista is competitive, especially if and when you could also see drummer Dave Houghton — a physical impossibility not exclusive to myself.

Jackson's raw harp (featuring prominently on 'The Fever', the flip of the single) and boogie electric piano (notably on 'Ain't That A Shame') were successful, if a little gratuitous. They seemed conclusive indications that Jackson (unwisely?) intends to take the scope of his talents to the outer reaches of endless possibility.

But essentially, Jackson knows where he's going (you can't put a good spiv down) and hopefully, most similarities with other rock artistes past, present, living or dead, are subconscious rip-offs. They told you J.J. was going to be BIG, and you suckers, you believed them.

This time around, though, nobody loses. If Jackson has seemed to fall into the 'hype' bracket, then this at least is one hype we can all use.
<i>Emma Ruth</i>"